tDept,tSid,institution_name,tFname,tMiddlename,tLname,tid,tNumRatings,rating_class,contentType,categoryType,overall_rating
Chemistry,352,George Mason University,Bruce,,Averill,1933648,3,poor,TEACHER,PROFESSOR,2.3
History,352,George Mason University,Konstantin,,Avramov,2187883,9,good,TEACHER,PROFESSOR,3.7
Health Science,352,George Mason University,Sanja,,Avramovic,2185086,12,good,TEACHER,PROFESSOR,4.5
Computer Science,352,George Mason University,Ivan,,Avramovic,2380599,29,good,TEACHER,PROFESSOR,4.0
Anthropology,352,George Mason University,Kevin,,Avruch,267815,10,good,TEACHER,PROFESSOR,4.8
Languages,352,George Mason University,Veliye,,Ay,2455257,0,zero,TEACHER,PROFESSOR,N/A
Global Studies,352,George Mason University,Nejib,,Ayachi,2142385,2,good,TEACHER,PROFESSOR,4.0
Chemistry,352,George Mason University,Silvia,Auffret,Ayala,2360299,4,good,TEACHER,PROFESSOR,5.0
Management,352,George Mason University,Ayhan,,Aydin,1850006,69,good,TEACHER,PROFESSOR,3.6
Computer Science,352,George Mason University,Hakan,,Aydin,856520,18,good,TEACHER,PROFESSOR,3.9
Global Studies,352,George Mason University,Hilary,,Ayer,2135212,2,average,TEACHER,PROFESSOR,3.3
Sports Management,352,George Mason University,Julie,,Aylsworth,2287739,6,average,TEACHER,PROFESSOR,3.2
Information Technology,352,George Mason University,Hussna,,Azamy,2313829,27,average,TEACHER,PROFESSOR,3.0
English,352,George Mason University,Tawnya,,Azar,2444385,8,good,TEACHER,PROFESSOR,5.0
Psychology,352,George Mason University,Seyed,,Azarian,1823964,0,zero,TEACHER,PROFESSOR,N/A
Education,352,George Mason University,Paula Cristina,R,Azevedo,2156673,1,good,TEACHER,PROFESSOR,5.0
Computer Science,352,George Mason University,Koorosh,,Azhandeh,2492081,12,good,TEACHER,PROFESSOR,3.5
Integrative Studies,352,George Mason University,Omar,,Aziz,2383628,2,good,TEACHER,PROFESSOR,5.0
Business,352,George Mason University,Omar,,Babar,2403182,1,good,TEACHER,PROFESSOR,4.0
Information Technology,352,George Mason University,Akash,Vishwanath,Babu,2167186,2,good,TEACHER,PROFESSOR,5.0
