tDept,tSid,institution_name,tFname,tMiddlename,tLname,tid,tNumRatings,rating_class,contentType,categoryType,overall_rating
Economics,352,George Mason University,Santiago,,Gangotena,1970433,3,poor,TEACHER,PROFESSOR,2.0
Information Systems amp Operations Management,352,George Mason University,Saiid,,Ganjalizadeh,2502391,1,poor,TEACHER,PROFESSOR,1.0
Engineering,352,George Mason University,Amit,,Ganjoo,2165218,3,poor,TEACHER,PROFESSOR,1.0
English,352,George Mason University,Rosalind,,Gann,2192809,5,good,TEACHER,PROFESSOR,3.6
Information Technology,352,George Mason University,Donald T.,,Gantz,443803,5,poor,TEACHER,PROFESSOR,2.1
Finance,352,George Mason University,Yuan,,Gao,659525,24,average,TEACHER,PROFESSOR,2.8
Psychology,352,George Mason University,Andre,,Garcia,1215439,12,good,TEACHER,PROFESSOR,3.9
Criminal Justice,352,George Mason University,Marie,,Garcia,1886559,10,good,TEACHER,PROFESSOR,3.6
Criminal Justice,352,George Mason University,Ruth,Marie,Garcia,2026777,1,poor,TEACHER,PROFESSOR,1.0
Graphic Arts,352,George Mason University,Abraham,,Garcia,2107504,0,zero,TEACHER,PROFESSOR,N/A
Business,352,George Mason University,Toni,,Garcia,2092413,56,good,TEACHER,PROFESSOR,4.2
Communication,352,George Mason University,Patricia,,Garcia Cosavalente,2426705,2,good,TEACHER,PROFESSOR,4.5
Languages,352,George Mason University,Hemil,,Garcia Linares,1903610,33,good,TEACHER,PROFESSOR,4.4
Theater,352,George Mason University,Andre,,Garcie,1385220,0,zero,TEACHER,PROFESSOR,N/A
Languages,352,George Mason University,Magnus,,Garde,1096802,16,good,TEACHER,PROFESSOR,4.2
Theater,352,George Mason University,James,,Gardiner,1866044,1,good,TEACHER,PROFESSOR,5.0
Music,352,George Mason University,,,Gardner,382097,7,good,TEACHER,PROFESSOR,4.2
Communication,352,George Mason University,Felicianne,,Garland-Jackson,2222704,1,good,TEACHER,PROFESSOR,4.0
Communication,352,George Mason University,Felicia ,,Garland-Jackson,2066077,7,good,TEACHER,PROFESSOR,4.3
Not Specified,352,George Mason University,Robert,,Garner,1785086,3,good,TEACHER,PROFESSOR,4.8
