tDept,tSid,institution_name,tFname,tMiddlename,tLname,tid,tNumRatings,rating_class,contentType,categoryType,overall_rating
Environmental Science,352,George Mason University,Kim,,de Mutsert,2083856,2,good,TEACHER,PROFESSOR,3.8
Philosophy,352,George Mason University,Martin,,De Nys,321896,31,average,TEACHER,PROFESSOR,3.2
English,352,George Mason University,Mary,,De Nys,443261,39,average,TEACHER,PROFESSOR,3.0
Mathematics,352,George Mason University,Lokuge Hasitha,,De Silva,1908897,4,average,TEACHER,PROFESSOR,3.1
Languages,352,George Mason University,Pascale,,De Souza,1380455,7,good,TEACHER,PROFESSOR,4.8
Global Studies,352,George Mason University,Chipper,,Dean,2214917,0,zero,TEACHER,PROFESSOR,N/A
Art History,352,George Mason University,Elizabeth,,Deans,2219948,0,zero,TEACHER,PROFESSOR,N/A
Business,352,George Mason University,Penny,Candace,Deans,2013102,31,good,TEACHER,PROFESSOR,3.8
Information Technology,352,George Mason University,Jennifer,,Deavers,2495977,8,good,TEACHER,PROFESSOR,3.5
Geography,352,George Mason University,Piash,,Debnath,2272400,12,good,TEACHER,PROFESSOR,4.1
Nursing,352,George Mason University,Vicky,,Debold,1423950,7,average,TEACHER,PROFESSOR,3.4
Art,352,George Mason University,Rachel,,Debuque,1943156,7,good,TEACHER,PROFESSOR,4.3
Fine Arts,352,George Mason University,Robert,,Decaroli,14179,37,good,TEACHER,PROFESSOR,4.6
Biology,352,George Mason University,Juthapathra,,Dechanupong,2041176,8,good,TEACHER,PROFESSOR,4.7
Psychology,352,George Mason University,Kim,,Dechman,329119,17,good,TEACHER,PROFESSOR,4.3
Languages,352,George Mason University,Diana,,Decker,286315,19,good,TEACHER,PROFESSOR,4.6
Communication,352,George Mason University,Warren,,Decker,197927,44,average,TEACHER,PROFESSOR,3.3
English,352,George Mason University,Albert,,DeFazio,286323,55,good,TEACHER,PROFESSOR,3.5
Fine Arts,352,George Mason University,Mary,,Del Popolo,494071,21,average,TEACHER,PROFESSOR,2.5
Geography,352,George Mason University,Paul,L,Delamater,1941736,7,good,TEACHER,PROFESSOR,4.3
