tDept,tSid,institution_name,tFname,tMiddlename,tLname,tid,tNumRatings,rating_class,contentType,categoryType,overall_rating
Psychology,352,George Mason University,Parviz,,Bozzelli,1821900,2,good,TEACHER,PROFESSOR,5.0
Biology,352,George Mason University,Nicole,,Bracci,2326153,5,good,TEACHER,PROFESSOR,4.8
Fine Arts,352,George Mason University,Adam,,Bradley,465902,49,average,TEACHER,PROFESSOR,3.2
Education,352,George Mason University,Evan,,Braff,617201,25,good,TEACHER,PROFESSOR,4.3
Education,352,George Mason University,Cheryl,,Bragg,2185131,3,good,TEACHER,PROFESSOR,3.7
Biology,352,George Mason University,Morgan,,Bragg,2517269,1,poor,TEACHER,PROFESSOR,1.0
Religion,352,George Mason University,Mathew,,Brake,2460670,1,average,TEACHER,PROFESSOR,3.0
Communication,352,George Mason University,Matthew,,Brake,1936236,22,good,TEACHER,PROFESSOR,4.0
Research,352,George Mason University,Eva,,Bramesco,2271584,2,good,TEACHER,PROFESSOR,4.0
English,352,George Mason University,Katherine,,Branca,2288842,2,good,TEACHER,PROFESSOR,5.0
Economics,352,George Mason University,Ekaterina,,Brancato,1401929,36,good,TEACHER,PROFESSOR,3.7
Philosophy,352,George Mason University,Kurt,,Brandhorst,1772975,40,good,TEACHER,PROFESSOR,4.4
Engineering,352,George Mason University,Laurence,,Bray,1888727,4,good,TEACHER,PROFESSOR,4.5
Hospitality,352,George Mason University,Russell,,Brayley,1222922,21,good,TEACHER,PROFESSOR,3.6
Social Work,352,George Mason University,Drucilla,,Breathwait,1445376,1,good,TEACHER,PROFESSOR,5.0
Global Studies,352,George Mason University,Lisa,,Breglia,1110063,80,good,TEACHER,PROFESSOR,3.5
Psychology,352,George Mason University,Lauren,,Breithaupt,2205074,3,good,TEACHER,PROFESSOR,3.7
English,352,George Mason University,Benjamin,,Brezner,2082136,4,good,TEACHER,PROFESSOR,4.7
Biology,352,George Mason University,Fiorella,,Briceno Huerta,2052578,12,good,TEACHER,PROFESSOR,4.2
Accounting,352,George Mason University,Melissa,,Brickman,1368460,2,average,TEACHER,PROFESSOR,3.0
