tDept,tSid,institution_name,tFname,tMiddlename,tLname,tid,tNumRatings,rating_class,contentType,categoryType,overall_rating
Psychology,352,George Mason University,Todd,,Kashdan,499060,55,good,TEACHER,PROFESSOR,4.1
Engineering,352,George Mason University,Laura,,Kasoglu,1678323,1,average,TEACHER,PROFESSOR,2.5
Biology,352,George Mason University,Stephen,,Kassinger,2258790,8,average,TEACHER,PROFESSOR,2.8
English,352,George Mason University,Theana,,Kastens,1322980,14,good,TEACHER,PROFESSOR,4.3
Information Science,352,George Mason University,Priyanka,,Katarey,1642958,1,poor,TEACHER,PROFESSOR,1.0
Engineering,352,George Mason University,Nathan,,Kathir,2519233,3,good,TEACHER,PROFESSOR,3.7
Political Science,352,George Mason University,Mark,,Katz,22414,73,good,TEACHER,PROFESSOR,3.8
Computer Science,352,George Mason University,Chris,,Kauffman,1809128,54,good,TEACHER,PROFESSOR,4.3
English,352,George Mason University,David,,Kaufmann,438626,56,good,TEACHER,PROFESSOR,4.0
Engineering,352,George Mason University,Balvinder,,Kaur,2208333,4,good,TEACHER,PROFESSOR,5.0
Biology,352,George Mason University,Akanksha,,Kaushal,1962203,6,good,TEACHER,PROFESSOR,4.2
Biology,352,George Mason University,Aditya,,Kaushik,1572947,20,average,TEACHER,PROFESSOR,3.2
Management,352,George Mason University,Anna,,Kayes,823495,0,zero,TEACHER,PROFESSOR,N/A
Ethnic Studies,352,George Mason University,R,,Kayyali,904669,15,average,TEACHER,PROFESSOR,3.3
Computer Science,352,George Mason University,Dmitri,,Kaznachey,876742,9,good,TEACHER,PROFESSOR,4.2
Biology,352,George Mason University,Lara,,Kazo,2444454,8,good,TEACHER,PROFESSOR,3.7
Physics,352,George Mason University,John,,Keady,1728479,3,average,TEACHER,PROFESSOR,2.5
Biology,352,George Mason University,Mia,,Keady,2481083,1,good,TEACHER,PROFESSOR,5.0
English,352,George Mason University,Winifred,,Keaney,2735,58,good,TEACHER,PROFESSOR,4.3
Biology,352,George Mason University,Forrest,David,Keck,1972850,8,good,TEACHER,PROFESSOR,5.0
