tDept,tSid,institution_name,tFname,tMiddlename,tLname,tid,tNumRatings,rating_class,contentType,categoryType,overall_rating
Statistics,352,George Mason University,Brett,,Hunter,2173406,57,average,TEACHER,PROFESSOR,2.7
Political Science,352,George Mason University,Michael,,Hunzeker,2056950,15,good,TEACHER,PROFESSOR,4.8
Social Work,352,George Mason University,Wilson,C,Hurley,2224314,3,good,TEACHER,PROFESSOR,5.0
Psychology,352,George Mason University,Mike,,Hurley,244395,64,good,TEACHER,PROFESSOR,5.0
Psychology,352,George Mason University,Michael,,Hurley,1272968,3,good,TEACHER,PROFESSOR,5.0
Business,352,George Mason University,Joseph,,Hurley,328288,45,good,TEACHER,PROFESSOR,4.2
History,352,George Mason University,Benjamin,,Hurwitz,2288833,3,good,TEACHER,PROFESSOR,4.3
Chemistry,352,George Mason University,Abul,,Hussam,548147,27,poor,TEACHER,PROFESSOR,2.2
Languages,352,George Mason University,Fadwa,,Hussein,1612532,8,good,TEACHER,PROFESSOR,3.7
Languages,352,George Mason University,Naglaa,,Hussein,2162507,3,good,TEACHER,PROFESSOR,5.0
Languages,352,George Mason University,Ghassan,,Husseinali,1488417,6,good,TEACHER,PROFESSOR,4.1
Psychology,352,George Mason University,Liz,,Hussey,1858881,2,average,TEACHER,PROFESSOR,3.0
Social Work,352,George Mason University,Carolyn,,Hutchinson,2215108,1,poor,TEACHER,PROFESSOR,1.0
Business,352,George Mason University,James,,Hutchison,589081,54,good,TEACHER,PROFESSOR,4.0
Psychology,352,George Mason University,Lindsey,,Hutchison,1350412,17,good,TEACHER,PROFESSOR,4.9
History,352,George Mason University,Janet,,Hutchison,1542470,3,good,TEACHER,PROFESSOR,3.8
Education,352,George Mason University,Amy,,Hutchison,2184310,0,zero,TEACHER,PROFESSOR,N/A
Geology,352,George Mason University,Andrew,,Hutsky,2221659,5,average,TEACHER,PROFESSOR,3.4
Social Work,352,George Mason University,Carol,,Huttar,1513248,6,good,TEACHER,PROFESSOR,4.9
Computer Science,352,George Mason University,Yih-Feng,,Hwang,211038,18,poor,TEACHER,PROFESSOR,2.4
