tDept,tSid,institution_name,tFname,tMiddlename,tLname,tid,tNumRatings,rating_class,contentType,categoryType,overall_rating
Economics,352,George Mason University,Joe,,Reid,428793,38,poor,TEACHER,PROFESSOR,2.1
English,352,George Mason University,E. S.,,Reid,501683,23,good,TEACHER,PROFESSOR,3.7
Criminal Justice,352,George Mason University,Daniel,,Reilly,2021112,14,good,TEACHER,PROFESSOR,4.5
Criminal Justice,352,George Mason University,Angela,,Reitler,1856894,4,good,TEACHER,PROFESSOR,4.8
Criminal Justice,352,George Mason University,Steven,D,Remick,2248251,5,good,TEACHER,PROFESSOR,4.2
Communication,352,George Mason University,Lili,,Ren,1858355,1,good,TEACHER,PROFESSOR,4.0
Business,352,George Mason University,Hang,,Ren,2410407,6,poor,TEACHER,PROFESSOR,2.3
Physics,352,George Mason University,Joe,P.,Renaud,1836558,7,good,TEACHER,PROFESSOR,4.6
Music,352,George Mason University,Elaine,,Rendler,52145,46,average,TEACHER,PROFESSOR,3.2
English,352,George Mason University,Benjamin,,Renne,2141062,8,good,TEACHER,PROFESSOR,4.4
Communication,352,George Mason University,Frances,,Rensbarger,850718,32,poor,TEACHER,PROFESSOR,2.2
Psychology,352,George Mason University,Keith,,Renshaw,1303784,71,good,TEACHER,PROFESSOR,4.5
Education,352,George Mason University,Michael,,Repie,1219069,10,good,TEACHER,PROFESSOR,4.3
Literature,352,George Mason University,Jonathon,,Repinecz,2223517,5,good,TEACHER,PROFESSOR,4.2
Finance,352,George Mason University,Tiago,,Requeijo,2414543,6,poor,TEACHER,PROFESSOR,2.2
Languages,352,George Mason University,Eileen,,Requena,774604,3,good,TEACHER,PROFESSOR,4.8
Geography,352,George Mason University,Ronald,,Resmini,1442394,4,good,TEACHER,PROFESSOR,4.8
Computer Science,352,George Mason University,Matt,,Revelle,1533652,0,zero,TEACHER,PROFESSOR,N/A
Education,352,George Mason University,Earle,,Reybold,2438927,0,zero,TEACHER,PROFESSOR,N/A
Economics,352,George Mason University,Ken,,Reynolds,970008,5,good,TEACHER,PROFESSOR,3.5
