tDept,tSid,institution_name,tFname,tMiddlename,tLname,tid,tNumRatings,rating_class,contentType,categoryType,overall_rating
Information Technology,352,George Mason University,Michael,,Lyons,325363,179,average,TEACHER,PROFESSOR,2.5
History,352,George Mason University,Randy,,Lytton,206352,46,average,TEACHER,PROFESSOR,3.0
Computer Science,352,George Mason University,John,W,Lyver,2343291,5,average,TEACHER,PROFESSOR,3.4
Communication,352,George Mason University,Ritchard,,M'Bayo,405604,6,average,TEACHER,PROFESSOR,3.3
Global Studies,352,George Mason University,Haiyun,,MA,1673301,2,average,TEACHER,PROFESSOR,2.5
English,352,George Mason University,Robert,,Maakestad,2255260,4,good,TEACHER,PROFESSOR,4.2
Humanities,352,George Mason University,Dominique,,Maas,2133021,1,average,TEACHER,PROFESSOR,2.5
Criminal Justice,352,George Mason University,Stephanie,,Maass,2074719,3,good,TEACHER,PROFESSOR,4.7
Communication,352,George Mason University,Brenda,L,MacArthur,1989344,8,good,TEACHER,PROFESSOR,4.8
Languages,352,George Mason University,Rahma,,Maccarone,2092719,5,good,TEACHER,PROFESSOR,4.9
Global Studies,352,George Mason University,Lindsey,B.,MacDonald,1785914,18,good,TEACHER,PROFESSOR,3.7
English,352,George Mason University,Lisa,,Macedo,2228157,6,good,TEACHER,PROFESSOR,4.8
Geology,352,George Mason University,Allison,,MacFarlane,1082951,3,average,TEACHER,PROFESSOR,3.0
Psychology,352,George Mason University,Kyla,,Machell,1762167,5,good,TEACHER,PROFESSOR,4.9
English,352,George Mason University,Marissa,,MacK,1580232,19,good,TEACHER,PROFESSOR,3.5
Writing,352,George Mason University,Elizabeth,,MacLean,1868647,2,good,TEACHER,PROFESSOR,3.5
Psychology,352,George Mason University,Laura,,MacNeil,1703460,0,zero,TEACHER,PROFESSOR,N/A
History,352,George Mason University,Jane,,Madden,1936069,13,good,TEACHER,PROFESSOR,3.5
Biology,352,George Mason University,Charles,,Madden,1026290,187,good,TEACHER,PROFESSOR,4.3
Computer Science,352,George Mason University,Michael,,Maddox,1194482,11,average,TEACHER,PROFESSOR,3.1
