tDept,tSid,institution_name,tFname,tMiddlename,tLname,tid,tNumRatings,rating_class,contentType,categoryType,overall_rating
Psychology,352,George Mason University,Kelsey,,Mauro,2463377,0,zero,TEACHER,PROFESSOR,N/A
English,352,George Mason University,Leslie,,Maxwell,1574925,7,poor,TEACHER,PROFESSOR,2.0
Mathematics,352,George Mason University,John,,Maxwell,2393200,3,poor,TEACHER,PROFESSOR,2.3
Political Science,352,George Mason University,Jeremy,,Mayer,262218,23,good,TEACHER,PROFESSOR,3.8
Science,352,George Mason University,James,Michael,Mayhew,1975706,0,zero,TEACHER,PROFESSOR,N/A
Economics,352,George Mason University,Robert,,Mayo,1920234,16,good,TEACHER,PROFESSOR,4.6
Physics,352,George Mason University,Ryan,,Mays,2196350,3,good,TEACHER,PROFESSOR,4.7
Business,352,George Mason University,Prosenjit,,Mazumdar,820229,56,average,TEACHER,PROFESSOR,3.2
Communication,352,George Mason University,Raphael,,Mazzone,1876161,10,good,TEACHER,PROFESSOR,4.6
Biology,352,George Mason University,Brendan,,McAndrew,1900069,2,good,TEACHER,PROFESSOR,4.8
Communication,352,George Mason University,Jim,,McAuley,830387,8,good,TEACHER,PROFESSOR,4.6
Geology,352,George Mason University,Randy,,McBride,781169,8,average,TEACHER,PROFESSOR,2.8
Business,352,George Mason University,Betsy,,Mccall,2285321,13,average,TEACHER,PROFESSOR,3.0
Communication,352,George Mason University,Megan,,McCalla,1579634,3,good,TEACHER,PROFESSOR,3.7
Criminal Justice,352,George Mason University,Ellen,,McCann,1804272,29,good,TEACHER,PROFESSOR,4.8
Integrative Studies,352,George Mason University,Graziella,,McCarron,2199161,9,good,TEACHER,PROFESSOR,4.2
Music,352,George Mason University,Glen,,McCarthy,34314,7,good,TEACHER,PROFESSOR,4.6
English,352,George Mason University,Corrine,,McCarthy,1084878,8,good,TEACHER,PROFESSOR,4.3
Computer Science,352,George Mason University,Stephen,,McCartney,2059969,1,good,TEACHER,PROFESSOR,5.0
Chemistry,352,George Mason University,Daniel,,McCaslin,1540295,11,good,TEACHER,PROFESSOR,4.6
