tDept,tSid,institution_name,tFname,tMiddlename,tLname,tid,tNumRatings,rating_class,contentType,categoryType,overall_rating
Biology,352,George Mason University,Sarah,,Farinelli,2204531,4,good,TEACHER,PROFESSOR,4.0
English,352,George Mason University,Benjamin,,Farmer,1850538,3,good,TEACHER,PROFESSOR,4.3
Government,352,George Mason University,Stephen,,Farnsworth,1613829,0,zero,TEACHER,PROFESSOR,N/A
Film,352,George Mason University,Robert,,Farr,2011743,5,good,TEACHER,PROFESSOR,4.8
Criminal Justice,352,George Mason University,Murray,,Farr,1735577,18,good,TEACHER,PROFESSOR,3.8
Communication,352,George Mason University,Chris,,Farrell,1953140,1,good,TEACHER,PROFESSOR,5.0
Philosophy,352,George Mason University,Joseph,Bryant,Farruggia,2217985,10,good,TEACHER,PROFESSOR,4.5
Business,352,George Mason University,Hossein,,Fateh,2163591,9,average,TEACHER,PROFESSOR,3.1
Accounting,352,George Mason University,Farrokh,,Fattahi,1227929,15,good,TEACHER,PROFESSOR,4.7
Finance,352,George Mason University,Jan,,Faughnan,410082,81,average,TEACHER,PROFESSOR,2.7
Accounting,352,George Mason University,Jim,,Faughnan,2320385,0,zero,TEACHER,PROFESSOR,N/A
Accounting,352,George Mason University,Janet,a,Faughnan,1900080,70,average,TEACHER,PROFESSOR,2.5
Biology,352,George Mason University,Taryn Brooks,,Faulconer,2460491,3,average,TEACHER,PROFESSOR,3.3
Political Science,352,George Mason University,Michael,,Fauntroy,411126,2,good,TEACHER,PROFESSOR,3.8
Physics,352,George Mason University,Don,,Faxon,1916967,15,average,TEACHER,PROFESSOR,3.2
Chemistry,352,George Mason University,Mosissa ,,Fayissa,2049165,101,average,TEACHER,PROFESSOR,3.2
Biology,352,George Mason University,Jilian,,Fazio,1514840,5,good,TEACHER,PROFESSOR,4.8
Psychology,352,George Mason University,John,,Fedota,1240202,0,zero,TEACHER,PROFESSOR,N/A
Fine Arts,352,George Mason University,Peggy,,Feerick,369070,24,good,TEACHER,PROFESSOR,3.7
Music,352,George Mason University,Michelle,,Fegeas,2094476,2,average,TEACHER,PROFESSOR,2.8
