tDept,tSid,institution_name,tFname,tMiddlename,tLname,tid,tNumRatings,rating_class,contentType,categoryType,overall_rating
Neuroscience,352,George Mason University,Gwendolyn,,Lewis,2208249,5,good,TEACHER,PROFESSOR,4.6
Geography,352,George Mason University,Mike,,Lewis,2232129,5,poor,TEACHER,PROFESSOR,1.8
Cyber Security Engineering,352,George Mason University,Scott,,Lewis,2462686,1,good,TEACHER,PROFESSOR,5.0
English,352,George Mason University,Catherine,,Lewis,2100037,8,good,TEACHER,PROFESSOR,4.1
Chemistry,352,George Mason University,Jean,,Lewis,2450180,0,zero,TEACHER,PROFESSOR,N/A
Business,352,George Mason University,Kaleb,,Lewis,2324957,1,good,TEACHER,PROFESSOR,5.0
Languages,352,George Mason University,Amelia,,Lezama,157050,32,good,TEACHER,PROFESSOR,4.3
Marketing,352,George Mason University,Ning,,Li,842009,44,average,TEACHER,PROFESSOR,3.0
Accounting,352,George Mason University,Meng,,Li,1837547,18,average,TEACHER,PROFESSOR,3.2
Electrical & Comp. Engineering,352,George Mason University,Qiliang,,LI,1886915,7,average,TEACHER,PROFESSOR,3.0
Business,352,George Mason University,Jiasun,,Li,2311790,7,good,TEACHER,PROFESSOR,3.5
Finance,352,George Mason University,Jiasun,,Li,2312057,0,zero,TEACHER,PROFESSOR,N/A
Mathematics,352,George Mason University,Lingxia,,Li,1944082,55,good,TEACHER,PROFESSOR,4.5
Computer Science,352,George Mason University,Fei,,Li,1065540,35,average,TEACHER,PROFESSOR,3.2
Information Technology,352,George Mason University,Xin,,Li,2304570,29,good,TEACHER,PROFESSOR,3.6
Information Systems & Operations Management,352,George Mason University,Jiang,,Li,2537982,1,average,TEACHER,PROFESSOR,3.0
Statistics,352,George Mason University,Yiyang,,Lian,2318496,2,average,TEACHER,PROFESSOR,3.0
English,352,George Mason University,Stephanie,,Liberatore,1921200,32,good,TEACHER,PROFESSOR,4.4
Art,352,George Mason University,Vera,,Lichtenberg,2502172,0,zero,TEACHER,PROFESSOR,N/A
Communication,352,George Mason University,Robert,,Lichter,612722,18,good,TEACHER,PROFESSOR,3.5
