tDept,tSid,institution_name,tFname,tMiddlename,tLname,tid,tNumRatings,rating_class,contentType,categoryType,overall_rating
Statistics,352,George Mason University,Susan,,Alber,1970664,5,average,TEACHER,PROFESSOR,2.6
Finance,352,George Mason University,Serdar,,Aldatmaz,1864872,4,average,TEACHER,PROFESSOR,2.8
Languages,352,George Mason University,Abdulrazzak,,Aldhobhani,1516646,35,good,TEACHER,PROFESSOR,4.8
Biology,352,George Mason University,Farhang,,Alem,2229199,2,good,TEACHER,PROFESSOR,4.5
Health  Human Services,352,George Mason University,Farrokh,,Alemi,2110874,50,good,TEACHER,PROFESSOR,4.2
Mathematics,352,George Mason University,Thomas,,Ales,1902696,11,good,TEACHER,PROFESSOR,4.3
Engineering,352,George Mason University,Robert,S,Alexander,1809135,0,zero,TEACHER,PROFESSOR,N/A
Government,352,George Mason University,Brian,,Alexander,1893697,6,good,TEACHER,PROFESSOR,4.8
Psychology,352,George Mason University,Lisa,A,Alexander,1917415,3,average,TEACHER,PROFESSOR,3.1
Biology,352,George Mason University,Connor,,Alexander,2294824,9,good,TEACHER,PROFESSOR,5.0
Criminal Justice,352,George Mason University,Salih ,,Alexander ,1963448,12,good,TEACHER,PROFESSOR,3.9
Business,352,George Mason University,Jennifer,Magro,Algarotti,1944632,8,good,TEACHER,PROFESSOR,4.2
Mathematics,352,George Mason University,Elie,,Alhajjar,1766348,20,good,TEACHER,PROFESSOR,4.9
Nursing,352,George Mason University,Nadia,,Ali,1461195,0,zero,TEACHER,PROFESSOR,N/A
Information Technology,352,George Mason University,Teba ,,Aljumaili,1938141,3,good,TEACHER,PROFESSOR,5.0
Film,352,George Mason University,Samirah,,Alkassim,2261476,3,good,TEACHER,PROFESSOR,3.7
Languages,352,George Mason University,Omar,,Alkhonini,2341292,1,good,TEACHER,PROFESSOR,5.0
Computer Science,352,George Mason University,Jan,,Allbeck,1509310,13,average,TEACHER,PROFESSOR,2.7
Mathematics,352,George Mason University,Robert,,Allen,827903,19,good,TEACHER,PROFESSOR,4.7
Information Technology,352,George Mason University,Leslie,,Allen,1933589,9,poor,TEACHER,PROFESSOR,2.4
