tDept,tSid,institution_name,tFname,tMiddlename,tLname,tid,tNumRatings,rating_class,contentType,categoryType,overall_rating
Engineering,352,George Mason University,Aierkenayi,,Abulizi,2409569,2,poor,TEACHER,PROFESSOR,1.0
Geography,352,George Mason University,Ahmad,Omar,Aburizaiza,1960423,0,zero,TEACHER,PROFESSOR,N/A
Economics,352,George Mason University,Charity-Joy,,Acchiardo,1596389,6,good,TEACHER,PROFESSOR,4.0
History,352,George Mason University,Patricia,,Acerbi,2271174,7,poor,TEACHER,PROFESSOR,2.4
Communication,352,George Mason University,Karen,,Ackerlof,1866040,1,good,TEACHER,PROFESSOR,5.0
Communication,352,George Mason University,Zoltan,,Acs,1339816,1,good,TEACHER,PROFESSOR,4.5
Art,352,George Mason University,Kristin,,Adair,2492995,0,zero,TEACHER,PROFESSOR,N/A
Engineering,352,George Mason University,Emily-Brooke,,Adams,1336396,3,average,TEACHER,PROFESSOR,2.8
Music,352,George Mason University,Elizabeth,,Adams,1876160,1,poor,TEACHER,PROFESSOR,2.0
Health  Human Services,352,George Mason University,Robin,,Adams,2172581,2,poor,TEACHER,PROFESSOR,1.5
Psychology,352,George Mason University,Leah,,Adams,1441998,9,good,TEACHER,PROFESSOR,4.8
Engineering,352,George Mason University,William,,Adams,598063,4,average,TEACHER,PROFESSOR,2.8
Government,352,George Mason University,Mark,,Addleson,2171000,1,good,TEACHER,PROFESSOR,4.0
Mathematics,352,George Mason University,Emmanuel,,Addo,1570589,14,good,TEACHER,PROFESSOR,4.2
Communication,352,George Mason University,Adebanke,Loveth,Adebayo,2398484,3,average,TEACHER,PROFESSOR,3.3
Engineering,352,George Mason University,Leonard,,Adelman,913172,23,good,TEACHER,PROFESSOR,4.1
Cultural Studies,352,George Mason University,Emily,,Adelman,1511332,3,good,TEACHER,PROFESSOR,3.8
Psychology,352,George Mason University,Cory,,Adis,1199995,6,average,TEACHER,PROFESSOR,3.0
Global Studies,352,George Mason University,Irina,,Aervitz,1200428,12,poor,TEACHER,PROFESSOR,2.3
Psychology,352,George Mason University,Alexander,,Afram,1258776,13,good,TEACHER,PROFESSOR,4.3
