tDept,tSid,institution_name,tFname,tMiddlename,tLname,tid,tNumRatings,rating_class,contentType,categoryType,overall_rating
Criminal Justice,352,George Mason University,Charlotte,,Gill,1697415,9,good,TEACHER,PROFESSOR,4.6
Science,352,George Mason University,Amandeep,,Gill-Lang,1827214,1,good,TEACHER,PROFESSOR,4.5
Music,352,George Mason University,Robert,,Gillam,2483251,1,good,TEACHER,PROFESSOR,4.0
Economics,352,George Mason University,Stephen,,Gillespie,406528,70,good,TEACHER,PROFESSOR,4.3
Science,352,George Mason University,Patrick,,Gillevet,1997881,0,zero,TEACHER,PROFESSOR,N/A
Criminal Justice,352,George Mason University,James,P.,Gillis,2076456,47,good,TEACHER,PROFESSOR,4.3
English,352,George Mason University,Lisa,,Gilman,2447455,2,good,TEACHER,PROFESSOR,4.5
Psychology,352,George Mason University,Phillip,,Gilmore,1215223,5,good,TEACHER,PROFESSOR,4.0
Science,352,George Mason University,Michael,,Gilmore,1436770,10,good,TEACHER,PROFESSOR,4.0
Government,352,George Mason University,Derek ,,Gilmore,1947419,0,zero,TEACHER,PROFESSOR,N/A
Psychology,352,George Mason University,Veronica,,Gilrane,1543059,3,average,TEACHER,PROFESSOR,3.3
Health Science,352,George Mason University,Gilbert,,Gimm,1838854,0,zero,TEACHER,PROFESSOR,N/A
Design,352,George Mason University,Gregory,,Gimsby,1486770,4,good,TEACHER,PROFESSOR,3.8
Computer Science,352,George Mason University,Yotam,I,Gingold,1779470,7,good,TEACHER,PROFESSOR,4.7
Psychology,352,George Mason University,Ryan,,Ginter,1335322,4,good,TEACHER,PROFESSOR,4.6
Chemistry,352,George Mason University,Michael,,Girgis,1724819,32,good,TEACHER,PROFESSOR,4.2
Art,352,George Mason University,Olivier,,Giron,1603161,2,good,TEACHER,PROFESSOR,5.0
Biology,352,George Mason University,Megan,,Gisonda,2436090,8,good,TEACHER,PROFESSOR,4.8
