tDept,tSid,institution_name,tFname,tMiddlename,tLname,tid,tNumRatings,rating_class,contentType,categoryType,overall_rating
Education,352,George Mason University,Casey,,Quigley,2323535,0,zero,TEACHER,PROFESSOR,N/A
Technology,352,George Mason University,Larry,,Quinn,1438029,0,zero,TEACHER,PROFESSOR,N/A
History,352,George Mason University,Michael,,Quinn,1495368,9,good,TEACHER,PROFESSOR,5.0
Technology,352,George Mason University,Robert,,Quinn,1634288,4,poor,TEACHER,PROFESSOR,1.6
Design,352,George Mason University,Reece,,Quinones,1327248,11,good,TEACHER,PROFESSOR,4.4
Languages,352,George Mason University,Marian,,Quintana,1093953,17,good,TEACHER,PROFESSOR,4.0
Criminal Justice,352,George Mason University,Aisha,Javed,Qureshi,1984526,2,good,TEACHER,PROFESSOR,5.0
Education,352,George Mason University,Sophia,,Ra,2088130,2,good,TEACHER,PROFESSOR,5.0
Languages,352,George Mason University,Lisa,,Rabin,358526,35,good,TEACHER,PROFESSOR,4.1
Languages,352,George Mason University,Olivia,,Rabinowitch,1283050,19,good,TEACHER,PROFESSOR,4.4
Finance,352,George Mason University,Mitchell,,Rachlis,884998,0,zero,TEACHER,PROFESSOR,N/A
Art,352,George Mason University,Chris,,Rackley,1791757,1,good,TEACHER,PROFESSOR,5.0
Sociology,352,George Mason University,Victoria,,Rader,492842,42,good,TEACHER,PROFESSOR,3.6
English,352,George Mason University,Benjamin,,Rader,2250682,1,good,TEACHER,PROFESSOR,4.0
Social Work,352,George Mason University,Anne,,Rafal,2015537,4,good,TEACHER,PROFESSOR,4.0
Information Technology,352,George Mason University,Setareh,,Rafatirad,1800012,25,average,TEACHER,PROFESSOR,3.5
English,352,George Mason University,D,,Raffel,308905,79,poor,TEACHER,PROFESSOR,2.1
Political Science,352,George Mason University,Robert,,Raffety,851674,5,good,TEACHER,PROFESSOR,4.4
Accounting,352,George Mason University,Reza,,Rafi,1699679,39,good,TEACHER,PROFESSOR,3.7
English,352,George Mason University,Marilyn,,Rahilly,1325707,1,good,TEACHER,PROFESSOR,5.0
