tDept,tSid,institution_name,tFname,tMiddlename,tLname,tid,tNumRatings,rating_class,contentType,categoryType,overall_rating
History,352,George Mason University,Mika,,Endo,2466092,1,good,TEACHER,PROFESSOR,5.0
Design,352,George Mason University,Edgar,,Endress,848736,17,average,TEACHER,PROFESSOR,2.7
Music,352,George Mason University,Stanley,,Engebretson,294582,16,good,TEACHER,PROFESSOR,4.1
Geography,352,George Mason University,Frederick,,Engle,993677,17,average,TEACHER,PROFESSOR,2.7
Conflict Analysis,352,George Mason University,Michael,,English,1928842,7,average,TEACHER,PROFESSOR,3.0
Chemistry,352,George Mason University,Christopher,,Eninger,1352652,1,good,TEACHER,PROFESSOR,4.5
English,352,George Mason University,Kelly,,Enochson,1862535,4,good,TEACHER,PROFESSOR,5.0
Biology,352,George Mason University,Clinton,,Enos,1339247,7,good,TEACHER,PROFESSOR,5.0
Marketing,352,George Mason University,Richard,,Entrikin,290033,83,poor,TEACHER,PROFESSOR,1.7
Engineering,352,George Mason University,Yariv,,Ephraim,309911,34,poor,TEACHER,PROFESSOR,2.1
Mathematics,352,George Mason University,Neil,,Epstein,1782264,17,average,TEACHER,PROFESSOR,3.0
Biology,352,George Mason University,Elisabeth,,Epstein,2279606,20,good,TEACHER,PROFESSOR,4.2
Humanities,352,George Mason University,Noura,,Erakat,1618273,21,good,TEACHER,PROFESSOR,4.4
Psychology,352,George Mason University,Sarah,,Erb,1451713,8,good,TEACHER,PROFESSOR,5.0
Chemistry,352,George Mason University,Megan,,Erb,1870953,40,average,TEACHER,PROFESSOR,3.1
Psychology,352,George Mason University,Simone,,Erchov,1854641,8,good,TEACHER,PROFESSOR,4.6
Cyber Security Engineering,352,George Mason University,Jon,,Erickson,2376719,0,zero,TEACHER,PROFESSOR,N/A
Social Work,352,George Mason University,Carolyn,,Ericson,649523,3,good,TEACHER,PROFESSOR,3.7
Government,352,George Mason University,David,,Ericson,1562029,8,good,TEACHER,PROFESSOR,4.4
Physics,352,George Mason University,Rebecca J.,,Ericson,452812,33,good,TEACHER,PROFESSOR,3.8
