tDept,tSid,institution_name,tFname,tMiddlename,tLname,tid,tNumRatings,rating_class,contentType,categoryType,overall_rating
Mathematics,352,George Mason University,Gary ,Lee ,Pena,2062356,0,zero,TEACHER,PROFESSOR,N/A
Languages,352,George Mason University,Teresa,,Pena-Jordan,1816053,3,good,TEACHER,PROFESSOR,3.8
Management,352,George Mason University,John,,Pendola,885974,108,good,TEACHER,PROFESSOR,4.3
Economics,352,George Mason University,Linan,,Peng,2371361,1,good,TEACHER,PROFESSOR,5.0
Biology,352,George Mason University,Rachel,,Pepin,1878847,6,good,TEACHER,PROFESSOR,5.0
Geology,352,George Mason University,Carlos,,Peredo,2248036,6,good,TEACHER,PROFESSOR,4.8
Languages,352,George Mason University,Alice,,Peretti,1336939,2,good,TEACHER,PROFESSOR,4.8
Psychology,352,George Mason University,William,,Perez,594492,11,poor,TEACHER,PROFESSOR,2.4
Information Technology,352,George Mason University,Jorge,Rivera,Perezgil,2096836,1,good,TEACHER,PROFESSOR,4.5
Health Science,352,George Mason University,Martin,,Perlin,1120993,3,good,TEACHER,PROFESSOR,5.0
Psychology,352,George Mason University,Alexandra,,Perloe,1783273,6,good,TEACHER,PROFESSOR,3.8
women's Studies,352,George Mason University,Leah,,Perry,602883,11,good,TEACHER,PROFESSOR,4.4
Not Specified,352,George Mason University,Erek,,Perry,773515,11,good,TEACHER,PROFESSOR,4.3
Science,352,George Mason University,Joseph,,Pesce,502640,31,good,TEACHER,PROFESSOR,3.5
Accounting,352,George Mason University,Paolo,,Petacchi,2188591,5,average,TEACHER,PROFESSOR,3.2
Business,352,George Mason University,Paolo,,Petacchi,2256102,2,poor,TEACHER,PROFESSOR,1.5
Biology,352,George Mason University,Esther,,Peters,975447,16,good,TEACHER,PROFESSOR,3.7
Biology,352,George Mason University,Ryan,,Peters,979172,3,good,TEACHER,PROFESSOR,4.3
English,352,George Mason University,Zac,,Petersen,1669828,13,average,TEACHER,PROFESSOR,3.2
Conflict Analysis,352,George Mason University,Leila,,Peterson,1469925,5,good,TEACHER,PROFESSOR,3.8
