tDept,tSid,institution_name,tFname,tMiddlename,tLname,tid,tNumRatings,rating_class,contentType,categoryType,overall_rating
Languages,352,George Mason University,Ahmed,,Hager,1798477,3,average,TEACHER,PROFESSOR,3.3
Nursing,352,George Mason University,Joyce,,Hahn,1044720,0,zero,TEACHER,PROFESSOR,N/A
Marketing,352,George Mason University,Peter,,Hahn,1662398,37,good,TEACHER,PROFESSOR,3.9
Business,352,George Mason University,Syed,Jamal,Haider,2301223,2,average,TEACHER,PROFESSOR,2.5
Mathematics,352,George Mason University,David,,Haile,2332219,3,poor,TEACHER,PROFESSOR,2.3
Psychology,352,George Mason University,Clifford,,Haimann,1579664,5,average,TEACHER,PROFESSOR,3.2
Anthropology,352,George Mason University,David,,Haines,324164,22,good,TEACHER,PROFESSOR,4.2
Conflict Analysis,352,George Mason University,Gedeon,Patrick,Hakizimana,2422362,4,average,TEACHER,PROFESSOR,2.7
Health Science,352,George Mason University,K,,Haldeman,1138314,5,average,TEACHER,PROFESSOR,3.1
Information Science,352,George Mason University,Venkatesh,,Haliyur,610457,10,poor,TEACHER,PROFESSOR,2.3
Nursing,352,George Mason University,Sharon,,Hall,1623847,1,poor,TEACHER,PROFESSOR,1.0
Communication,352,George Mason University,Jessica,,Hall,1811504,3,good,TEACHER,PROFESSOR,4.7
Economics,352,George Mason University,Abigail,R,Hall,1860063,10,good,TEACHER,PROFESSOR,4.4
Communication,352,George Mason University,Jason,Y.,Hall,2111708,2,poor,TEACHER,PROFESSOR,1.5
Art,352,George Mason University,Elizabeth,,Hall,2212820,3,good,TEACHER,PROFESSOR,4.0
Education,352,George Mason University,Marjorie,,Hall-Haley,789638,6,good,TEACHER,PROFESSOR,4.3
Geography,352,George Mason University,Jill,,Hallden,123244,73,good,TEACHER,PROFESSOR,4.2
Biology,352,George Mason University,Robert,,Hallenberg,1346914,3,poor,TEACHER,PROFESSOR,2.0
Music,352,George Mason University,Matthew,,Halligan,2065138,0,zero,TEACHER,PROFESSOR,N/A
Economics,352,George Mason University,Kevin,,Hallmark,392973,17,good,TEACHER,PROFESSOR,3.8
