tDept,tSid,institution_name,tFname,tMiddlename,tLname,tid,tNumRatings,rating_class,contentType,categoryType,overall_rating
Philosophy,352,George Mason University,Wayne,,Froman,173673,63,good,TEACHER,PROFESSOR,3.9
Engineering,352,George Mason University,William,,Fry,1979698,1,average,TEACHER,PROFESSOR,2.5
Biology,352,George Mason University,Karl,,Fryxell,940071,9,good,TEACHER,PROFESSOR,3.5
English,352,George Mason University,Cindy,,Fuchs,197897,43,good,TEACHER,PROFESSOR,3.6
English,352,George Mason University,Cynthia,,Fuchs,1437130,26,average,TEACHER,PROFESSOR,2.5
Not Specified,352,George Mason University,Al,,Fuertes,847225,33,good,TEACHER,PROFESSOR,4.7
Geography,352,George Mason University,Sven,,Fuhrmann,2184094,4,good,TEACHER,PROFESSOR,4.9
Languages,352,George Mason University,Manako,,Fujiwara,1037043,38,average,TEACHER,PROFESSOR,2.8
Education,352,George Mason University,Debra,,Fulcher,2332793,1,average,TEACHER,PROFESSOR,3.0
Economics,352,George Mason University,Caleb,,Fuller,2168943,7,good,TEACHER,PROFESSOR,4.7
Chemistry,352,George Mason University,Felicia,,Fullilove,2386417,3,good,TEACHER,PROFESSOR,3.7
Management,352,George Mason University,Kelly,,Funk,1144136,17,average,TEACHER,PROFESSOR,2.7
Languages,352,George Mason University,Laura,,Fyfe,472201,28,good,TEACHER,PROFESSOR,4.1
Philosophy,352,George Mason University,Shannon,,Fyfe,2465351,1,good,TEACHER,PROFESSOR,5.0
Mathematics,352,George Mason University,Michael,,Gabel,52033,37,poor,TEACHER,PROFESSOR,2.4
History,352,George Mason University,Dexter,,Gabriel,1817303,12,good,TEACHER,PROFESSOR,4.8
Engineering,352,George Mason University,Michael,,Gacia,1400760,0,zero,TEACHER,PROFESSOR,N/A
Psychology,352,George Mason University,K. Marinka,,Gadzichowski,1379220,23,good,TEACHER,PROFESSOR,4.9
Psychology,352,George Mason University,Katy,,Gadzichowski,1955362,6,good,TEACHER,PROFESSOR,4.6
Engineering,352,George Mason University,Robert,,Gagne,644965,8,average,TEACHER,PROFESSOR,3.1
