tDept,tSid,institution_name,tFname,tMiddlename,tLname,tid,tNumRatings,rating_class,contentType,categoryType,overall_rating
English,352,George Mason University,Darcy,Jay,Gagnon,2348950,1,good,TEACHER,PROFESSOR,5.0
Theater,352,George Mason University,David,,Gaines,1784857,12,good,TEACHER,PROFESSOR,3.6
Engineering,352,George Mason University,Kris,,Gaj,449456,34,good,TEACHER,PROFESSOR,3.8
Business,352,George Mason University,Alex,,Galcius,1721567,2,good,TEACHER,PROFESSOR,4.5
Biology,352,George Mason University,Michael,,Galgano,1516353,2,good,TEACHER,PROFESSOR,5.0
Health Science,352,George Mason University,Jeanmarie,,Gallagher,1267161,6,average,TEACHER,PROFESSOR,2.9
Law,352,George Mason University,Eileen,,Gallagher,1718635,2,good,TEACHER,PROFESSOR,5.0
Mathematics,352,George Mason University,John,M,Gallagher,2120210,5,good,TEACHER,PROFESSOR,5.0
Business,352,George Mason University,Mark,,Gallagher,2395534,0,zero,TEACHER,PROFESSOR,N/A
Criminal Justice,352,George Mason University,Catherine,,Gallagher,2050211,19,good,TEACHER,PROFESSOR,4.3
Integrative Studies,352,George Mason University,Austin,,Gallas,2428166,5,poor,TEACHER,PROFESSOR,2.4
Finance,352,George Mason University,David,,Gallay,2157081,27,good,TEACHER,PROFESSOR,3.5
English,352,George Mason University,Donald,,Gallehr,294466,50,average,TEACHER,PROFESSOR,3.3
Finance,352,George Mason University,David,,Galley,1941349,1,average,TEACHER,PROFESSOR,3.0
Engineering,352,George Mason University,Robert,,Gallo,2321780,5,good,TEACHER,PROFESSOR,5.0
Nutrition,352,George Mason University,Sina,,Gallo,1944074,12,average,TEACHER,PROFESSOR,2.7
Education,352,George Mason University,Gary,,Galluzzo,1106014,3,good,TEACHER,PROFESSOR,5.0
Conflict Analysis,352,George Mason University,Philip,,Gamaghelyan,1777911,4,good,TEACHER,PROFESSOR,4.0
Global Studies,352,George Mason University,Abdallah,,Gandal,2146693,15,good,TEACHER,PROFESSOR,5.0
Engineering,352,George Mason University,Rajesh,,Ganesan,735851,37,good,TEACHER,PROFESSOR,4.6
