tDept,tSid,institution_name,tFname,tMiddlename,tLname,tid,tNumRatings,rating_class,contentType,categoryType,overall_rating
Psychology,352,George Mason University,Rachel,,Cohen,1721296,2,good,TEACHER,PROFESSOR,4.2
Business,352,George Mason University,Margaret,,Cohen,2075104,6,average,TEACHER,PROFESSOR,2.8
Engineering,352,George Mason University,Shai,,Cohen,2113845,3,good,TEACHER,PROFESSOR,4.2
Languages,352,George Mason University,Katrina,,Cohen,2213630,1,good,TEACHER,PROFESSOR,5.0
Government,352,George Mason University,Richard,,Cohen,2253689,0,zero,TEACHER,PROFESSOR,N/A
Government,352,George Mason University,Jordan,,Cohen,2534599,2,good,TEACHER,PROFESSOR,5.0
Accounting,352,George Mason University,Justin B.,,Cole,1242044,2,good,TEACHER,PROFESSOR,4.0
Psychology,352,George Mason University,Claire,,Cole,1532388,7,good,TEACHER,PROFESSOR,3.5
Art,352,George Mason University,Catherine,,Cole,2303385,2,poor,TEACHER,PROFESSOR,2.0
Social Work,352,George Mason University,Heather,,Coleman,2298008,0,zero,TEACHER,PROFESSOR,N/A
Health amp Human Services,352,George Mason University,Heather,,Coleman,2286335,6,good,TEACHER,PROFESSOR,4.7
Information Technology,352,George Mason University,Drake,,Coleman,2439317,2,good,TEACHER,PROFESSOR,5.0
Religion,352,George Mason University,Jamie,,Coles,1724598,4,good,TEACHER,PROFESSOR,4.8
Mathematics,352,George Mason University,Michael,,Coleson,2027463,3,good,TEACHER,PROFESSOR,4.3
Education,352,George Mason University,Virginia,,Collier,935663,1,good,TEACHER,PROFESSOR,5.0
Biology,352,George Mason University,Morgan,,Collier P,2361634,0,zero,TEACHER,PROFESSOR,N/A
History,352,George Mason University,Sam,,Collins,845001,49,good,TEACHER,PROFESSOR,4.5
English,352,George Mason University,Christina,,Collins,1879781,6,good,TEACHER,PROFESSOR,4.4
Communication,352,George Mason University,Kristin,,Collins,1965428,7,good,TEACHER,PROFESSOR,3.6
Biology,352,George Mason University,Elizabeth,S,Collins,2325257,2,good,TEACHER,PROFESSOR,5.0
