tDept,tSid,institution_name,tFname,tMiddlename,tLname,tid,tNumRatings,rating_class,contentType,categoryType,overall_rating
History,352,George Mason University,Wendi,,Manuel-Scott,441770,44,good,TEACHER,PROFESSOR,4.0
Anthropology,352,George Mason University,Akedzierska,,Manzon,1199191,2,poor,TEACHER,PROFESSOR,2.0
Nursing,352,George Mason University,Ann,,Maradiegue,1546144,7,poor,TEACHER,PROFESSOR,1.6
Biology,352,George Mason University, Ekaterina,,Marakasova,1966849,3,average,TEACHER,PROFESSOR,3.2
Physical Education,352,George Mason University,Joseph,,Marca,1446695,1,good,TEACHER,PROFESSOR,5.0
Film,352,George Mason University,Carla,,Marcantonio,1136137,16,good,TEACHER,PROFESSOR,4.4
Psychology,352,George Mason University,Marcella,,Marcey,1114665,35,good,TEACHER,PROFESSOR,3.6
Psychology,352,George Mason University,Elpiniki,,Marchesini,2515159,0,zero,TEACHER,PROFESSOR,N/A
Mathematics,352,George Mason University,David,,Marchette,500569,0,zero,TEACHER,PROFESSOR,N/A
English,352,George Mason University,Sarah,,Marcus,1482763,23,average,TEACHER,PROFESSOR,3.5
Art,352,George Mason University,Brooke,,Marcy,1566209,6,good,TEACHER,PROFESSOR,4.5
Information Technology,352,George Mason University,Ashwini,Prakash,Margad,2144480,10,poor,TEACHER,PROFESSOR,1.8
English,352,George Mason University,Justin,,Marine,2342451,1,poor,TEACHER,PROFESSOR,2.0
English,352,George Mason University,Jonathan,,Marine,2145191,25,good,TEACHER,PROFESSOR,4.7
Engineering,352,George Mason University,Brian,,Mark,583082,7,good,TEACHER,PROFESSOR,3.8
Writing,352,George Mason University,Mary,,Markakis,2220371,4,good,TEACHER,PROFESSOR,5.0
Statistics,352,George Mason University,Tigran,,Markaryan,1811055,4,poor,TEACHER,PROFESSOR,2.4
Psychology,352,George Mason University,Hannah,,Markell,2069117,10,good,TEACHER,PROFESSOR,3.7
Business,352,George Mason University,Gary,,Markin,1286539,27,good,TEACHER,PROFESSOR,4.2
Health amp Human Services,352,George Mason University,Miriam,,Markowitz,2413024,3,poor,TEACHER,PROFESSOR,2.0
