tDept,tSid,institution_name,tFname,tMiddlename,tLname,tid,tNumRatings,rating_class,contentType,categoryType,overall_rating
Education,352,George Mason University,Susan,M,Burns,1821181,4,good,TEACHER,PROFESSOR,4.5
Economics,352,George Mason University,Scott,,Burns,2076034,20,good,TEACHER,PROFESSOR,4.4
Languages,352,George Mason University,Carla,,Burns,1942718,20,good,TEACHER,PROFESSOR,4.4
English,352,George Mason University,Zofia,,Burr,284766,33,average,TEACHER,PROFESSOR,3.3
Management,352,George Mason University,Darell,,Burrell,1875175,0,zero,TEACHER,PROFESSOR,N/A
Law,352,George Mason University,James,,Burroughs,278668,56,good,TEACHER,PROFESSOR,4.3
History,352,George Mason University,Jeff,,Burson,906086,6,poor,TEACHER,PROFESSOR,2.1
Political Science,352,George Mason University,Jo Marie,,Burt,79076,46,average,TEACHER,PROFESSOR,3.1
Chemistry,352,George Mason University,Will,,Burtner,1839318,10,poor,TEACHER,PROFESSOR,2.4
Education,352,George Mason University,Erin,,Burton-Peters,1900113,1,good,TEACHER,PROFESSOR,5.0
History,352,George Mason University,Erin,,Bush,1856356,6,good,TEACHER,PROFESSOR,4.8
Health  Human Services,352,George Mason University,Clyde,P.,Bush,1935052,11,good,TEACHER,PROFESSOR,3.9
Psychology,352,George Mason University,Ann,,Butler,697479,9,average,TEACHER,PROFESSOR,3.1
Nursing,352,George Mason University,Frieda,,Butler,988357,0,zero,TEACHER,PROFESSOR,N/A
Art History,352,George Mason University,Lawrence,,Butler,1297998,59,good,TEACHER,PROFESSOR,4.5
Political Science,352,George Mason University,Douthard,,Butler,444887,38,good,TEACHER,PROFESSOR,4.2
History,352,George Mason University,Harry,,Butowsky,835500,44,average,TEACHER,PROFESSOR,3.4
Government,352,George Mason University,Ahsan,,Butt,1752311,23,good,TEACHER,PROFESSOR,4.2
Health Science,352,George Mason University,Angad,,Buttar,1199454,8,good,TEACHER,PROFESSOR,3.9
Political Science,352,George Mason University,Kenneth,,Button,1388246,0,zero,TEACHER,PROFESSOR,N/A
