tDept,tSid,institution_name,tFname,tMiddlename,tLname,tid,tNumRatings,rating_class,contentType,categoryType,overall_rating
Communication,352,George Mason University,David,,Miller,1520603,21,poor,TEACHER,PROFESSOR,2.4
Political Science,352,George Mason University,Char,,Miller,189630,66,good,TEACHER,PROFESSOR,3.5
Health  Human Services,352,George Mason University,Mallory,,Mills,2258868,1,average,TEACHER,PROFESSOR,3.0
Languages,352,George Mason University,Alexandra,,Milovanovic,2190413,6,good,TEACHER,PROFESSOR,3.7
Communication,352,George Mason University,Suzanne,L,Mims,1768796,27,good,TEACHER,PROFESSOR,4.2
Health & Human Services,352,George Mason University,Hua,,Min,1793654,21,good,TEACHER,PROFESSOR,3.6
Government,352,George Mason University,Joseph,,Minarik,1750179,3,good,TEACHER,PROFESSOR,4.3
English,352,George Mason University,Michael,,Mincks,2493978,2,good,TEACHER,PROFESSOR,3.5
Career Development,352,George Mason University,Rachael,,Miner,1998586,1,average,TEACHER,PROFESSOR,3.0
Health & Human Services,352,George Mason University,Julianna,,Miner,1862639,27,good,TEACHER,PROFESSOR,4.7
Chemistry,352,George Mason University,Nadiatou,,Miningou,2339554,1,good,TEACHER,PROFESSOR,4.0
Business,352,George Mason University,Phillip,,Mink,2423742,3,good,TEACHER,PROFESSOR,5.0
Sociology,352,George Mason University,Donna,,Minnich,237725,84,good,TEACHER,PROFESSOR,4.2
Economics,352,George Mason University,Brandon,,Minster,1659806,11,good,TEACHER,PROFESSOR,3.6
Biology,352,George Mason University,Nicholas,,Minster,2413533,9,good,TEACHER,PROFESSOR,4.9
Biology,352,George Mason University,Katherine,,Mireles,1979234,3,average,TEACHER,PROFESSOR,3.0
Languages,352,George Mason University,Zohreh,,Mirsharif,1877673,9,average,TEACHER,PROFESSOR,2.7
Electrical amp Comp. Engineering,352,George Mason University,Ali,,Mirzaeian,2311531,2,average,TEACHER,PROFESSOR,3.0
English,352,George Mason University,Katherine,Marie,Miscavige,2077604,4,good,TEACHER,PROFESSOR,4.2
Communication,352,George Mason University,Jennifer,,Mischel,2324929,5,good,TEACHER,PROFESSOR,5.0
