tDept,tSid,institution_name,tFname,tMiddlename,tLname,tid,tNumRatings,rating_class,contentType,categoryType,overall_rating
Art,352,George Mason University,Sean,,Salyards,1404351,12,good,TEACHER,PROFESSOR,4.1
English,352,George Mason University,Matthew,,Salyers,1784042,5,good,TEACHER,PROFESSOR,5.0
Languages,352,George Mason University,John,,Samaha,995492,14,good,TEACHER,PROFESSOR,4.8
Sociology,352,George Mason University,T,,Samara,690918,36,average,TEACHER,PROFESSOR,2.9
Languages,352,George Mason University,Elnaggar,,Sameh,1696171,2,good,TEACHER,PROFESSOR,4.8
Communication,352,George Mason University,Sergei,,Samoilenko,2152912,3,good,TEACHER,PROFESSOR,3.7
Communication,352,George Mason University,Serge,,Samoylenko,788859,47,good,TEACHER,PROFESSOR,3.6
English,352,George Mason University,Mark,,Sample,622173,25,good,TEACHER,PROFESSOR,4.4
Environmental Science,352,George Mason University,Vincent,Al,Sample,2259607,1,good,TEACHER,PROFESSOR,5.0
Mathematics,352,George Mason University,Alexei,,Samsonovich,952669,7,average,TEACHER,PROFESSOR,2.9
Engineering,352,George Mason University,Eric,,Samuel,2410285,3,poor,TEACHER,PROFESSOR,1.0
English,352,George Mason University,Kristin,,Samuelian,397064,43,good,TEACHER,PROFESSOR,4.2
Business,352,George Mason University,Linda,,Samuels,290030,46,average,TEACHER,PROFESSOR,3.4
Mathematics,352,George Mason University,Andrew,,Samuelson,1241098,3,good,TEACHER,PROFESSOR,3.5
Art,352,George Mason University,Iris,,Sanchez,2205253,4,good,TEACHER,PROFESSOR,3.5
Fine Arts,352,George Mason University,Erik,,Sandberg,159789,19,good,TEACHER,PROFESSOR,4.5
Education,352,George Mason University,Renee,,Sandell,805323,6,poor,TEACHER,PROFESSOR,2.0
Mathematics,352,George Mason University,Evelyn,,Sander,631553,35,average,TEACHER,PROFESSOR,2.9
Philosophy,352,George Mason University,Paul F.,,Sanders,1435939,10,good,TEACHER,PROFESSOR,4.4
Communication,352,George Mason University,Christine,,Sanders,2101964,4,good,TEACHER,PROFESSOR,5.0
