tDept,tSid,institution_name,tFname,tMiddlename,tLname,tid,tNumRatings,rating_class,contentType,categoryType,overall_rating
Integrative Studies,352,George Mason University,Patricia,,Mathison,2066966,1,good,TEACHER,PROFESSOR,5.0
Criminal Justice,352,George Mason University,,,Matrofski,292261,2,average,TEACHER,PROFESSOR,2.5
Economics,352,George Mason University,Erik,W,Matson,2041177,27,good,TEACHER,PROFESSOR,3.8
Mathematics,352,George Mason University,Lynnell,,Matthews,1655495,23,average,TEACHER,PROFESSOR,3.4
Art,352,George Mason University,Pamela,A,Matthews,2459031,0,zero,TEACHER,PROFESSOR,N/A
English,352,George Mason University,Jessica,,Matthews,535481,76,good,TEACHER,PROFESSOR,4.2
Accounting,352,George Mason University,Kevin,,Matthews,2485234,4,good,TEACHER,PROFESSOR,4.8
Dance,352,George Mason University,Pamela,,Matthews,2255562,3,good,TEACHER,PROFESSOR,5.0
History,352,George Mason University,Charles Kevin,,Matthews,295809,139,good,TEACHER,PROFESSOR,4.2
History,352,George Mason University,Joan,,Mattia,1256091,18,good,TEACHER,PROFESSOR,3.5
Writing,352,George Mason University,Kate,,Mattingly,1323479,14,average,TEACHER,PROFESSOR,3.4
Education,352,George Mason University,April,,Mattix Foster,2003884,3,good,TEACHER,PROFESSOR,4.7
Social Work,352,George Mason University,Holly ,C,Matto,1950346,4,good,TEACHER,PROFESSOR,4.0
Communication,352,George Mason University,Richard,,Mattox,314830,29,poor,TEACHER,PROFESSOR,2.1
Fine Arts,352,George Mason University,Carol,,Mattusch,295574,30,poor,TEACHER,PROFESSOR,2.5
Mathematics,352,George Mason University,Mikhail,,Matveev,564341,34,good,TEACHER,PROFESSOR,3.8
English,352,George Mason University,Robert,,Matz,319964,20,good,TEACHER,PROFESSOR,4.0
Conflict Analysis,352,George Mason University,Patricia,,Maulden,1273305,11,good,TEACHER,PROFESSOR,3.6
Information Technology,352,George Mason University,Ward,D,Maurer,1767204,4,poor,TEACHER,PROFESSOR,1.0
Business,352,George Mason University,Allison,H,Maurer,2227433,2,good,TEACHER,PROFESSOR,5.0
