tDept,tSid,institution_name,tFname,tMiddlename,tLname,tid,tNumRatings,rating_class,contentType,categoryType,overall_rating
Political Science,352,George Mason University,Ginta,,Palubinskas,1077649,24,good,TEACHER,PROFESSOR,4.5
Information Technology,352,George Mason University,Feng,,Pan,2220496,5,average,TEACHER,PROFESSOR,3.2
Accounting,352,George Mason University,Rujuta,,Panchal,2191594,2,poor,TEACHER,PROFESSOR,2.0
Engineering,352,George Mason University,Josheph,,Pancrazio,1612775,1,good,TEACHER,PROFESSOR,4.5
Business,352,George Mason University,Manoranjan,,Panda,1804696,2,poor,TEACHER,PROFESSOR,1.0
Computer Science,352,George Mason University,Shyam,,Pandula,1242284,17,good,TEACHER,PROFESSOR,3.5
Computer Science,352,George Mason University,Sean,,Pang,1621284,0,zero,TEACHER,PROFESSOR,N/A
Business,352,George Mason University,Min-Seok,,Pang,1835220,8,good,TEACHER,PROFESSOR,4.5
Chemistry,352,George Mason University,Giordano,,Paniconi,2350149,16,average,TEACHER,PROFESSOR,3.1
English,352,George Mason University,Eric,,Pankey,986428,8,good,TEACHER,PROFESSOR,4.7
Languages,352,George Mason University,Marianna,,Pankova,948921,4,good,TEACHER,PROFESSOR,4.9
Chemistry,352,George Mason University,Ramesh,,Pant,648438,93,good,TEACHER,PROFESSOR,4.0
Health Science,352,George Mason University,Sara,,Pappa,2448794,4,average,TEACHER,PROFESSOR,3.0
English,352,George Mason University,Sheri,,Pappas,1231965,4,good,TEACHER,PROFESSOR,4.9
Psychology,352,George Mason University,Mayra,,Parada,2049898,6,good,TEACHER,PROFESSOR,4.0
Art,352,George Mason University,Mel,,Parada,2155782,1,good,TEACHER,PROFESSOR,4.0
Psychology,352,George Mason University,Kristen,,Paral,2062992,3,good,TEACHER,PROFESSOR,4.7
Psychology,352,George Mason University,Raja,,Parasuraman,1235055,3,good,TEACHER,PROFESSOR,5.0
Languages,352,George Mason University,Abigail,,Pare,1396914,14,good,TEACHER,PROFESSOR,4.9
Engineering,352,George Mason University,Bernd-Peter,,Paris,500547,30,good,TEACHER,PROFESSOR,4.3
