tDept,tSid,institution_name,tFname,tMiddlename,tLname,tid,tNumRatings,rating_class,contentType,categoryType,overall_rating
Marketing,352,George Mason University,Stefan,J,Hock,2082514,39,average,TEACHER,PROFESSOR,2.7
Information Technology,352,George Mason University,Bob,,Hockensmith,1724786,1,average,TEACHER,PROFESSOR,2.5
English,352,George Mason University,Devon,,Hodges,206348,17,good,TEACHER,PROFESSOR,4.7
Communication,352,George Mason University,Jeremy,,Hodgson,1733507,27,good,TEACHER,PROFESSOR,4.3
women's Studies,352,George Mason University,Saida,,Hodzic,1042474,4,good,TEACHER,PROFESSOR,3.5
Government,352,George Mason University,Emily,,Hoechst,1344474,6,good,TEACHER,PROFESSOR,4.8
English,352,George Mason University,Anthony,,Hoefer,1818931,15,good,TEACHER,PROFESSOR,3.6
Government,352,George Mason University,Austin,,Hofeman,2270916,2,average,TEACHER,PROFESSOR,2.5
Economics,352,George Mason University,Charles,,Hoffman,541660,19,good,TEACHER,PROFESSOR,4.2
English,352,George Mason University,Beth,,Hoffman,1189744,26,average,TEACHER,PROFESSOR,3.4
Mathematics,352,George Mason University,Karla,,Hoffman,1552415,8,average,TEACHER,PROFESSOR,2.6
History,352,George Mason University,Alexandra,,Hoffman,1920357,12,good,TEACHER,PROFESSOR,3.6
Health & Human Services,352,George Mason University,Thomas,,Hoffman,1806220,19,good,TEACHER,PROFESSOR,4.0
Health amp Human Services,352,George Mason University,Thomas,R,Hoffman,2444518,2,good,TEACHER,PROFESSOR,5.0
Economics,352,George Mason University,Thomas,,Hogan,1295012,21,good,TEACHER,PROFESSOR,4.6
International Studies,352,George Mason University,E.J.,,Hogendorn,1283516,0,zero,TEACHER,PROFESSOR,N/A
Design,352,George Mason University,William,Ryan,Hogue,2010778,17,good,TEACHER,PROFESSOR,4.6
English,352,George Mason University,Julia,,Holcomb,413290,55,good,TEACHER,PROFESSOR,4.0
Information Technology,352,George Mason University,James,,Holdener,2308790,1,average,TEACHER,PROFESSOR,3.0
Information Science,352,George Mason University,James,,Holdener,547504,20,average,TEACHER,PROFESSOR,2.6
