tDept,tSid,institution_name,tFname,tMiddlename,tLname,tid,tNumRatings,rating_class,contentType,categoryType,overall_rating
History,352,George Mason University,Stephen,,Scala,1488044,10,average,TEACHER,PROFESSOR,2.5
History,352,George Mason University,Rebecce,,Scales,1034070,24,average,TEACHER,PROFESSOR,2.9
English,352,George Mason University,Jessica,,Scarlata,771724,63,good,TEACHER,PROFESSOR,4.0
English,352,George Mason University,,,Scarlatta,1024506,4,average,TEACHER,PROFESSOR,3.4
Psychology,352,George Mason University,Rochelle,,Sceats,2153031,7,good,TEACHER,PROFESSOR,3.7
Sociology,352,George Mason University,Joseph,,Scemecca,1061745,1,good,TEACHER,PROFESSOR,3.5
Physical Ed,352,George Mason University,Fred,,Schack,781529,17,good,TEACHER,PROFESSOR,4.5
Engineering,352,George Mason University,Carl,,Schaefer,143098,22,good,TEACHER,PROFESSOR,4.4
Art,352,George Mason University,Robin,,Schaefer,2489678,0,zero,TEACHER,PROFESSOR,N/A
Art,352,George Mason University,Julie,,Schauer,1457253,0,zero,TEACHER,PROFESSOR,N/A
History,352,George Mason University,Joseph,,Scheinfeldt,1096397,0,zero,TEACHER,PROFESSOR,N/A
Psychology,352,George Mason University,Melissa,,Scheldrup,1824842,6,average,TEACHER,PROFESSOR,2.8
Health  Human Services,352,George Mason University,Katie,,Schenk,2215761,8,good,TEACHER,PROFESSOR,4.6
Criminal Justice,352,George Mason University,Scott,,Scher,2000880,1,good,TEACHER,PROFESSOR,5.0
Government,352,George Mason University,Matthew,,Scherer,1842205,45,good,TEACHER,PROFESSOR,3.7
Criminal Justice,352,George Mason University,Amber,,Scherer,1965257,5,good,TEACHER,PROFESSOR,3.9
Biology,352,George Mason University,Anne,,Scherer,2044731,67,average,TEACHER,PROFESSOR,3.0
Leadership,352,George Mason University,Maurice,,Scherrens,1352116,1,good,TEACHER,PROFESSOR,4.0
Economics,352,George Mason University,Alex,,Schibuola,1585157,17,good,TEACHER,PROFESSOR,4.3
Anthropology,352,George Mason University,Anne,,Schiller,2067820,29,good,TEACHER,PROFESSOR,4.0
