tDept,tSid,institution_name,tFname,tMiddlename,tLname,tid,tNumRatings,rating_class,contentType,categoryType,overall_rating
Music,352,George Mason University,Lorrie,,Berkshire-Brown,375088,16,average,TEACHER,PROFESSOR,2.9
Statistics,352,George Mason University,Frank,Brett,Berlin,2459611,1,good,TEACHER,PROFESSOR,5.0
Philosophy,352,George Mason University,Robert,,Bernard,493958,25,average,TEACHER,PROFESSOR,3.4
Government,352,George Mason University,Adam,,Bernbaum,2367802,2,good,TEACHER,PROFESSOR,4.5
Languages,352,George Mason University,Rey,,Berroa,812305,37,good,TEACHER,PROFESSOR,3.9
Engineering,352,George Mason University,Alok,,Berry,246683,68,average,TEACHER,PROFESSOR,2.5
Communication,352,George Mason University,Corinne,,Berry,1499176,5,good,TEACHER,PROFESSOR,4.9
Mathematics,352,George Mason University,Tyrus,,Berry,1835499,4,good,TEACHER,PROFESSOR,5.0
Sociology,352,George Mason University,Amy,,Best,465195,48,good,TEACHER,PROFESSOR,4.3
Sports Management,352,George Mason University,Canaan,,Bethea,2529652,0,zero,TEACHER,PROFESSOR,N/A
Biology,352,George Mason University,Naga,,Betrapally,1804356,11,good,TEACHER,PROFESSOR,3.9
Biology,352,George Mason University,Stephanie,,Betts,2538451,0,zero,TEACHER,PROFESSOR,N/A
Education,352,George Mason University,Meghan,Patricia,Betz,2030563,2,good,TEACHER,PROFESSOR,3.5
Physical Ed,352,George Mason University,Dave,,Bever,583704,12,good,TEACHER,PROFESSOR,4.5
Nursing,352,George Mason University,Sue,,Bhati,539705,5,good,TEACHER,PROFESSOR,3.7
Communication,352,George Mason University,Bhavna,,Bhatia,1845813,12,good,TEACHER,PROFESSOR,4.8
Biology,352,George Mason University,Rashim,,Bhatt,856300,0,zero,TEACHER,PROFESSOR,N/A
Statistics,352,George Mason University,Surajit,,Bhattacharya,1885776,3,good,TEACHER,PROFESSOR,4.5
Biology,352,George Mason University,Sameer,,Bhattarai,888314,19,good,TEACHER,PROFESSOR,4.4
English,352,George Mason University,Ashok ,,Bhusal,1967415,7,average,TEACHER,PROFESSOR,3.4
