tDept,tSid,institution_name,tFname,tMiddlename,tLname,tid,tNumRatings,rating_class,contentType,categoryType,overall_rating
Psychology,352,George Mason University,Avrama Kim,,Blackwell,1874976,1,good,TEACHER,PROFESSOR,4.5
Health & Human Services,352,George Mason University,Virginia,Sitar,Blair,1879809,28,average,TEACHER,PROFESSOR,3.0
Physics,352,George Mason University,Estella,,Blaisten,556959,11,good,TEACHER,PROFESSOR,3.7
Criminal Justice,352,George Mason University,Robert,,Blakley,2314854,18,good,TEACHER,PROFESSOR,5.0
Psychology,352,George Mason University,Daniel,,Blalock,1658527,3,good,TEACHER,PROFESSOR,4.3
Education,352,George Mason University,Lori,,Bland,1996545,1,poor,TEACHER,PROFESSOR,1.0
Leadership,352,George Mason University,Juliet,,Blank-Godlove,1380114,0,zero,TEACHER,PROFESSOR,N/A
Economics,352,George Mason University,Brian,,Blase,1339636,2,good,TEACHER,PROFESSOR,4.0
Nursing,352,George Mason University,Chris,,Blasser,194014,14,poor,TEACHER,PROFESSOR,2.1
Biology,352,George Mason University,Ryan,,Blower,1662886,8,good,TEACHER,PROFESSOR,5.0
Cyber Security Engineering,352,George Mason University,Misty,,Blowers,2495497,2,poor,TEACHER,PROFESSOR,2.0
Accounting,352,George Mason University,Eugene,,Blue,1229356,17,average,TEACHER,PROFESSOR,3.2
Biology,352,George Mason University,Elizabeth,,Blum,1852396,16,poor,TEACHER,PROFESSOR,1.7
Environmental Science,352,George Mason University,Kwame,,Boakye-Agyei,1326523,11,good,TEACHER,PROFESSOR,3.8
English,352,George Mason University,Bonnie,,Boaz,2480240,2,good,TEACHER,PROFESSOR,4.5
Biology,352,George Mason University,Jim,,Bob,1466347,0,zero,TEACHER,PROFESSOR,N/A
Sociology,352,George Mason University,Rachel,,Bobbitt,1348339,9,good,TEACHER,PROFESSOR,4.6
Psychology,352,George Mason University,Allison,,Bock,1793666,5,good,TEACHER,PROFESSOR,4.3
Sociology,352,George Mason University,Joanna,,Bockman,1789300,0,zero,TEACHER,PROFESSOR,N/A
International Studies,352,George Mason University,Johanna,,Bockman,396416,39,good,TEACHER,PROFESSOR,3.7
