tDept,tSid,institution_name,tFname,tMiddlename,tLname,tid,tNumRatings,rating_class,contentType,categoryType,overall_rating
Nursing,352,George Mason University,Adrienne,Lynn,Goodknight,2331458,0,zero,TEACHER,PROFESSOR,N/A
Social Work,352,George Mason University,Michael,,Goodman,1741279,1,good,TEACHER,PROFESSOR,4.0
Psychology,352,George Mason University,Fallon,R,Goodman,1801073,0,zero,TEACHER,PROFESSOR,N/A
Fine Arts,352,George Mason University,Nicole,,Goodson,915119,20,good,TEACHER,PROFESSOR,4.3
English,352,George Mason University,Steve,,Goodwin,422474,20,good,TEACHER,PROFESSOR,3.8
Conflict Analysis,352,George Mason University,Marc,,Gopin,1849880,18,poor,TEACHER,PROFESSOR,2.5
English,352,George Mason University,Ellen,,Gorman,399342,16,good,TEACHER,PROFESSOR,3.9
Integrative Studies,352,George Mason University,Paul,,Gorski,1324814,22,good,TEACHER,PROFESSOR,4.7
Government,352,George Mason University,Teesta,,Gosh,1900600,1,good,TEACHER,PROFESSOR,5.0
Political Science,352,George Mason University,Kay,,Goss,1062915,1,good,TEACHER,PROFESSOR,5.0
Biology,352,George Mason University,Morgan,,Gostel,1757637,28,average,TEACHER,PROFESSOR,3.0
Science,352,George Mason University,Tara,,Gottsacker,1778530,1,good,TEACHER,PROFESSOR,5.0
Chemistry,352,George Mason University,Maryam,,Goudarzi,973002,4,average,TEACHER,PROFESSOR,2.5
English,352,George Mason University,Kelsey,,Goudie,2077661,3,good,TEACHER,PROFESSOR,5.0
Chemistry,352,George Mason University,Revani,,Govender,1751039,1,good,TEACHER,PROFESSOR,4.5
Biology,352,George Mason University,Revani,,Govinder,1747134,0,zero,TEACHER,PROFESSOR,N/A
English,352,George Mason University,Selena,,Grace,749671,5,good,TEACHER,PROFESSOR,5.0
Management,352,George Mason University,Abraham,,Grace,1641884,41,poor,TEACHER,PROFESSOR,2.1
Psychology,352,George Mason University,Shana,,Grady,1804571,1,poor,TEACHER,PROFESSOR,2.0
Management,352,George Mason University,Victoria ,,Grady,1965499,25,average,TEACHER,PROFESSOR,2.8
