tDept,tSid,institution_name,tFname,tMiddlename,tLname,tid,tNumRatings,rating_class,contentType,categoryType,overall_rating
Communication,352,George Mason University,Colleen,Erin,Reynolds,1924716,18,average,TEACHER,PROFESSOR,3.2
Information Technology,352,George Mason University,Hadi,,Rezazad,2304023,8,good,TEACHER,PROFESSOR,4.4
Languages,352,George Mason University,Samiha,,Rezigue,1908612,3,good,TEACHER,PROFESSOR,5.0
English,352,George Mason University,Zach,,Rhein,947049,13,good,TEACHER,PROFESSOR,4.7
Physics,352,George Mason University,Fred,,Ricci,1269454,4,good,TEACHER,PROFESSOR,4.0
Mathematics,352,George Mason University,Fred,,Ricci,2346221,2,good,TEACHER,PROFESSOR,4.0
Education,352,George Mason University,Liber,L,Riccio,2510603,1,poor,TEACHER,PROFESSOR,1.0
Mathematics,352,George Mason University,David,,Rice,2128625,6,average,TEACHER,PROFESSOR,2.8
Geography,352,George Mason University,Matthew,,Rice,1210408,39,good,TEACHER,PROFESSOR,4.3
Business,352,George Mason University,David,,Richard,2087540,9,good,TEACHER,PROFESSOR,4.9
Geography,352,George Mason University,Allison,A,Richards,1837961,0,zero,TEACHER,PROFESSOR,N/A
Biology,352,George Mason University,Ryan,,Richards,1901888,1,poor,TEACHER,PROFESSOR,2.0
Nursing,352,George Mason University,Kathy,,Richards,1916097,0,zero,TEACHER,PROFESSOR,N/A
Computer Science,352,George Mason University,Dana,,Richards,417968,91,average,TEACHER,PROFESSOR,2.8
Art History,352,George Mason University,Margaret,,Richardson,932012,36,good,TEACHER,PROFESSOR,4.2
Physical Education,352,George Mason University,Celeste,,Richardson,1445587,1,good,TEACHER,PROFESSOR,5.0
Education,352,George Mason University,Michael,,Richardson,2235449,1,good,TEACHER,PROFESSOR,5.0
Finance,352,George Mason University,Sheffield,,Richey,1645663,12,poor,TEACHER,PROFESSOR,2.2
Nursing,352,George Mason University,Jennifer,,Rickerby,2418237,0,zero,TEACHER,PROFESSOR,N/A
Health Science,352,George Mason University,Ashley,,Rickman,1919618,9,good,TEACHER,PROFESSOR,4.5
