tDept,tSid,institution_name,tFname,tMiddlename,tLname,tid,tNumRatings,rating_class,contentType,categoryType,overall_rating
Human Development,352,George Mason University,Patricia,,Frankewitz,853758,5,average,TEACHER,PROFESSOR,3.3
Social Work,352,George Mason University,Keita,,Franklin,2211386,1,good,TEACHER,PROFESSOR,5.0
English,352,George Mason University,Joy,,Fraser,1718378,17,good,TEACHER,PROFESSOR,4.3
Communication,352,George Mason University,Christina,,Frasson,2375700,3,good,TEACHER,PROFESSOR,5.0
Information Technology,352,George Mason University,Gary,,Freas,2492122,2,good,TEACHER,PROFESSOR,5.0
Psychology,352,George Mason University,Peter,,Frecknall,1292568,18,good,TEACHER,PROFESSOR,4.3
Graphic Arts,352,George Mason University,Hellen,,Frederick,280373,11,average,TEACHER,PROFESSOR,3.3
Political Science,352,George Mason University,Dave,,Frederickson,1627833,4,good,TEACHER,PROFESSOR,3.5
Health & Human Services,352,George Mason University,Nancy,,Freeborne,1660287,27,good,TEACHER,PROFESSOR,4.3
English,352,George Mason University,Kyle,,Freelander,2249981,0,zero,TEACHER,PROFESSOR,N/A
Accounting,352,George Mason University,Jeffrey,,Freeman,849910,17,average,TEACHER,PROFESSOR,2.8
Conservation,352,George Mason University,Elizabeth,,Freeman,1263208,15,good,TEACHER,PROFESSOR,4.4
Economics,352,George Mason University,Mikhail,,Freer,2147741,1,poor,TEACHER,PROFESSOR,1.0
Music,352,George Mason University,Jeremy,,Freer,1689602,11,good,TEACHER,PROFESSOR,4.5
Information Technology,352,George Mason University,Amanda,,French,1875921,1,poor,TEACHER,PROFESSOR,1.0
Business,352,George Mason University,Roderick,,French,2301761,8,good,TEACHER,PROFESSOR,5.0
Fine Arts,352,George Mason University,Chawky,,Frenn,216337,56,good,TEACHER,PROFESSOR,3.8
Communication,352,George Mason University,Sheryl,,Friedley,56994,26,good,TEACHER,PROFESSOR,4.4
Health & Human Services,352,George Mason University,Kathleen,,Friend,1876693,3,good,TEACHER,PROFESSOR,4.0
Political Science,352,George Mason University,William,,Froehlich,769900,21,good,TEACHER,PROFESSOR,4.3
