tDept,tSid,institution_name,tFname,tMiddlename,tLname,tid,tNumRatings,rating_class,contentType,categoryType,overall_rating
Management,352,George Mason University,Hyung-Deok,,Shin,225979,8,average,TEACHER,PROFESSOR,3.2
Computer Science,352,George Mason University,Yonghee,,Shin,2231947,3,poor,TEACHER,PROFESSOR,1.0
Religious Studies,352,George Mason University,Whitney,,Shiner,324161,55,poor,TEACHER,PROFESSOR,2.3
Management,352,George Mason University,Leslie,,Shinners,2268722,1,average,TEACHER,PROFESSOR,3.0
Geography,352,George Mason University,Scott,,Shipley,514431,10,good,TEACHER,PROFESSOR,4.1
Psychology,352,George Mason University,E B,,Shiraev,123243,50,good,TEACHER,PROFESSOR,4.4
Political Science,352,George Mason University,Eric,,Shiraev,536693,223,good,TEACHER,PROFESSOR,4.5
Accounting,352,George Mason University,Andrew,,Shirley,1217652,6,poor,TEACHER,PROFESSOR,2.1
Health Science,352,George Mason University,John,,Shiveer,1398573,1,good,TEACHER,PROFESSOR,5.0
Health & Human Services,352,George Mason University,John,Shiver,Shiver,1785188,5,good,TEACHER,PROFESSOR,3.8
Biology,352,George Mason University,Roxana,,Shizari,2077056,4,good,TEACHER,PROFESSOR,5.0
Psychology,352,George Mason University,Rachel,,Shor,2150360,4,good,TEACHER,PROFESSOR,5.0
Psychology,352,George Mason University,Daniel,,Shore,1776874,7,good,TEACHER,PROFESSOR,4.6
Management,352,George Mason University,Daniel,B ,Shore ,2062161,3,average,TEACHER,PROFESSOR,2.7
Psychology,352,George Mason University,Jerome,,Short,421716,32,good,TEACHER,PROFESSOR,4.3
Education,352,George Mason University,Raymond,,Shorter,2323537,1,average,TEACHER,PROFESSOR,3.0
Engineering,352,George Mason University,John,,Shortle,407703,12,good,TEACHER,PROFESSOR,4.4
English,352,George Mason University,Susan,,Shreve,422472,8,good,TEACHER,PROFESSOR,4.2
Sports Management,352,George Mason University,Mark,,Shriver,2212402,6,poor,TEACHER,PROFESSOR,2.0
Psychology,352,George Mason University,Amber,,Shriver,1935979,16,average,TEACHER,PROFESSOR,2.6
