tDept,tSid,institution_name,tFname,tMiddlename,tLname,tid,tNumRatings,rating_class,contentType,categoryType,overall_rating
Finance,352,George Mason University,Charles,T,York,2398150,1,poor,TEACHER,PROFESSOR,1.0
Environmental Science,352,George Mason University,Kevin,,York-Simmons,2301879,4,good,TEACHER,PROFESSOR,3.8
Psychology,352,George Mason University,Robert,,Youmans,1712608,5,good,TEACHER,PROFESSOR,5.0
Psychology,352,George Mason University,Kerstin,,Youmen,1116084,2,good,TEACHER,PROFESSOR,4.5
Nursing,352,George Mason University,Adele,,Young,1110884,2,average,TEACHER,PROFESSOR,3.0
Information Science,352,George Mason University,Michael,,Young,1411987,2,poor,TEACHER,PROFESSOR,2.2
Global Studies,352,George Mason University,Julia,,Young,1490325,9,good,TEACHER,PROFESSOR,3.6
Psychology,352,George Mason University,DaSean,,Young,2442216,0,zero,TEACHER,PROFESSOR,N/A
Marketing,352,George Mason University,Kevin P,,Young,1273274,13,average,TEACHER,PROFESSOR,2.5
Geology,352,George Mason University,Sherry ,,Young,2070393,13,good,TEACHER,PROFESSOR,4.8
Chemistry,352,George Mason University,You,,Young-Ok,2140521,5,average,TEACHER,PROFESSOR,3.4
Economics,352,George Mason University,David,,Youngberg,984660,14,good,TEACHER,PROFESSOR,4.6
Environmental Science,352,George Mason University,Kim,,Younsung,1514890,19,good,TEACHER,PROFESSOR,4.0
Psychology,352,George Mason University,Syeda,,Younus,2312666,1,good,TEACHER,PROFESSOR,4.0
Engineering,352,George Mason University,Bahram,,Yousefi,2277241,2,poor,TEACHER,PROFESSOR,2.0
Business,352,George Mason University,Mahmoud,,Youssef,2363600,0,zero,TEACHER,PROFESSOR,N/A
Computer Science,352,George Mason University,Craig,,Yu,2464885,1,average,TEACHER,PROFESSOR,3.0
Management,352,George Mason University,Chien,,Yu-Chen,1391366,0,zero,TEACHER,PROFESSOR,N/A
Business,352,George Mason University,ashley,,yuckenberg,2015792,24,good,TEACHER,PROFESSOR,4.3
Electrical  Comp. Engineering,352,George Mason University,Sean,,Yun,2160095,3,good,TEACHER,PROFESSOR,4.7
