tDept,tSid,institution_name,tFname,tMiddlename,tLname,tid,tNumRatings,rating_class,contentType,categoryType,overall_rating
Environmental Science,352,George Mason University,Carol,,Litchfield,1253804,5,poor,TEACHER,PROFESSOR,1.9
Economics,352,George Mason University,Cheryl,,Litman,1780269,12,poor,TEACHER,PROFESSOR,2.3
Mathematics,352,George Mason University,Vanessa,,Little,1714535,2,good,TEACHER,PROFESSOR,4.8
Education,352,George Mason University,Kelly,,Little,2112491,16,good,TEACHER,PROFESSOR,4.7
Accounting,352,George Mason University,Gerald,,Litzler,1656401,16,good,TEACHER,PROFESSOR,3.9
Biology,352,George Mason University,Liz,,Liu,1136593,3,good,TEACHER,PROFESSOR,5.0
Literature,352,George Mason University,Dan,,Liu,1398751,0,zero,TEACHER,PROFESSOR,N/A
Information Science,352,George Mason University,Anyi,,Liu,1489275,7,poor,TEACHER,PROFESSOR,2.2
Computer Science,352,George Mason University,Li ,,Liu,1961057,2,average,TEACHER,PROFESSOR,2.5
Anthropology,352,George Mason University,Huwymin,Lucia,Liu,2528910,0,zero,TEACHER,PROFESSOR,N/A
Psychology,352,George Mason University,Sandra,,Llera,1643254,7,good,TEACHER,PROFESSOR,4.8
Conflict Analysis,352,George Mason University,Michael,,Loadenthal,2146210,1,good,TEACHER,PROFESSOR,4.5
Physical Education,352,George Mason University,Brittanie,,Lockard,1096209,6,good,TEACHER,PROFESSOR,4.4
Mathematics,352,George Mason University,Rachel,,Locke,1878848,6,average,TEACHER,PROFESSOR,3.2
English,352,George Mason University,J. Samaine,,Lockwood,1197319,32,average,TEACHER,PROFESSOR,2.8
English,352,George Mason University,Jennifer ,,Lockwood ,1934901,2,good,TEACHER,PROFESSOR,4.5
Art,352,George Mason University,Nathan,,Loda,1953589,6,good,TEACHER,PROFESSOR,4.2
Nursing,352,George Mason University,Esther,,Lody,1319492,0,zero,TEACHER,PROFESSOR,N/A
Mathematics,352,George Mason University,Andy,,Loerch,1263428,4,poor,TEACHER,PROFESSOR,2.3
Information Systems amp Operations Management,352,George Mason University,Andrew,,Loerch,2497174,0,zero,TEACHER,PROFESSOR,N/A
