tDept,tSid,institution_name,tFname,tMiddlename,tLname,tid,tNumRatings,rating_class,contentType,categoryType,overall_rating
Finance,352,George Mason University,Anthony,,Sanders,1970979,25,good,TEACHER,PROFESSOR,4.7
Sociology,352,George Mason University,Dennis,,Sandole,991484,10,average,TEACHER,PROFESSOR,3.2
Sociology,352,George Mason University,Ingrid,,Sandole-Starost,313243,35,average,TEACHER,PROFESSOR,2.6
Sociology,352,George Mason University,Ingrid,,Sandole-Staroste,1917331,0,zero,TEACHER,PROFESSOR,N/A
English,352,George Mason University,Alice,,Sandosarahj,1344131,2,good,TEACHER,PROFESSOR,3.5
Mathematics,352,George Mason University,Karen,,Sandreczki,2486031,1,poor,TEACHER,PROFESSOR,1.0
Not Specified,352,George Mason University,Ana,,Sands,1673448,0,zero,TEACHER,PROFESSOR,N/A
English,352,George Mason University,Andreea,,Sandu,2438781,1,good,TEACHER,PROFESSOR,4.0
Psychology,352,George Mason University,James,,Sanford,358521,34,good,TEACHER,PROFESSOR,3.7
Information Technology,352,George Mason University,Kammy,,Sanghera,393644,110,good,TEACHER,PROFESSOR,4.0
History,352,George Mason University,Steve,,Santelli,2235998,12,good,TEACHER,PROFESSOR,4.2
Film,352,George Mason University,Maillim,,Santiago,2488454,2,average,TEACHER,PROFESSOR,3.0
Information Science,352,George Mason University,Ken,,Santucci,613500,7,good,TEACHER,PROFESSOR,4.2
Business,352,George Mason University,Pallab,,Sanyal,1445434,29,good,TEACHER,PROFESSOR,4.3
Mathematics,352,George Mason University,Stephen,,Saperstone,214187,62,average,TEACHER,PROFESSOR,2.5
Art,352,George Mason University,Jeff,,Sapsford,1284304,2,good,TEACHER,PROFESSOR,5.0
Psychology,352,George Mason University,Haneen,,Saqer,1459231,2,good,TEACHER,PROFESSOR,4.0
Health  Human Services,352,George Mason University,Hoffman,,Sara,1954171,22,average,TEACHER,PROFESSOR,3.0
Information Technology,352,George Mason University,Khodayar,,Sarfaraz,2282712,20,good,TEACHER,PROFESSOR,3.9
Information Technology,352,George Mason University,Sandra,,Sargent,2417265,3,average,TEACHER,PROFESSOR,2.7
