tDept,tSid,institution_name,tFname,tMiddlename,tLname,tid,tNumRatings,rating_class,contentType,categoryType,overall_rating
Not Specified,352,George Mason University,Neena,,Rogers,1796119,1,good,TEACHER,PROFESSOR,3.5
English,352,George Mason University,Elizabeth,Lindsey,Rogers,2057904,1,good,TEACHER,PROFESSOR,5.0
Business,352,George Mason University,James,,Rogers,2256700,4,good,TEACHER,PROFESSOR,4.3
English,352,George Mason University,Paul,M,Rogers,2298783,0,zero,TEACHER,PROFESSOR,N/A
Writing,352,George Mason University,Paul,,Rogers,266334,28,good,TEACHER,PROFESSOR,4.3
English,352,George Mason University,Eric,,Rogusky,750261,4,good,TEACHER,PROFESSOR,4.9
Environmental Science,352,George Mason University,William,,Rohring,2367286,7,poor,TEACHER,PROFESSOR,1.5
Psychology,352,George Mason University,Johannes,,Rojahn,1586468,7,good,TEACHER,PROFESSOR,4.2
Environmental Science,352,George Mason University,Adele,,Roland,1562537,3,poor,TEACHER,PROFESSOR,2.2
Communication,352,George Mason University,Justin,,Rolfe-Redding,1866036,1,good,TEACHER,PROFESSOR,4.0
Business,352,George Mason University,Juan,,Roman,1514874,1,good,TEACHER,PROFESSOR,4.0
Accounting,352,George Mason University,Francisco,,Roman,1932182,36,average,TEACHER,PROFESSOR,3.0
Languages,352,George Mason University,Esperanza,,Roman-Mendoza,222802,35,good,TEACHER,PROFESSOR,4.0
Computer Science,352,George Mason University,Ralph,,Romanelli,2483193,1,average,TEACHER,PROFESSOR,3.0
Languages,352,George Mason University,Raluca,,Romaniuc,2111293,11,good,TEACHER,PROFESSOR,4.0
Conflict Analysis,352,George Mason University,Arthur,,Romano,1720955,14,good,TEACHER,PROFESSOR,3.6
Social Work,352,George Mason University,Sunny,,Rome,2211390,1,good,TEACHER,PROFESSOR,4.0
English,352,George Mason University,Megan,,Ronan,1413555,5,average,TEACHER,PROFESSOR,3.1
Economics,352,George Mason University,Rong,,Rong,1592341,1,good,TEACHER,PROFESSOR,4.5
Information Science,352,George Mason University,Larry,,Ronk,951553,11,poor,TEACHER,PROFESSOR,2.3
