tDept,tSid,institution_name,tFname,tMiddlename,tLname,tid,tNumRatings,rating_class,contentType,categoryType,overall_rating
Music,352,George Mason University,Philippe,,Chao,2228892,1,good,TEACHER,PROFESSOR,5.0
Psychology,352,George Mason University,Tara,,Chaplin,1900039,1,good,TEACHER,PROFESSOR,5.0
Psychology,352,George Mason University,Aliya,,Chapman,1278004,7,good,TEACHER,PROFESSOR,4.1
Engineering,352,George Mason University,Steven,,Charbonneau,1835121,5,good,TEACHER,PROFESSOR,5.0
Film,352,George Mason University,Hans,,Charles ,1958098,13,poor,TEACHER,PROFESSOR,2.4
Accounting,352,George Mason University,Mark,,Chase,1600570,26,average,TEACHER,PROFESSOR,3.5
Nutrition,352,George Mason University,Clarice,,Chau,1386970,6,good,TEACHER,PROFESSOR,4.5
Business,352,George Mason University,Andrew,,Chau,1538175,6,good,TEACHER,PROFESSOR,4.8
Art,352,George Mason University,Asma,,Chaudhary,2326692,3,good,TEACHER,PROFESSOR,3.7
Biology,352,George Mason University,Kevin,D,Chavers,1856620,21,good,TEACHER,PROFESSOR,4.3
Information Technology,352,George Mason University,Snigdha,,Cheekoty,2502013,0,zero,TEACHER,PROFESSOR,N/A
Business,352,George Mason University,Jehanzeb,,Cheema,2298490,25,good,TEACHER,PROFESSOR,4.5
Communication,352,George Mason University,Katrina,,Cheesman,2423751,4,good,TEACHER,PROFESSOR,4.0
Information Technology,352,George Mason University,Sooraj,,Cheeti,2422880,3,poor,TEACHER,PROFESSOR,2.3
Information Technology,352,George Mason University,Benyam,,Chekol,1962240,3,good,TEACHER,PROFESSOR,3.8
Business,352,George Mason University,Chien Yu,,Chen,117776,30,good,TEACHER,PROFESSOR,4.2
Computer Science,352,George Mason University,Songqing,,Chen,659889,10,average,TEACHER,PROFESSOR,2.8
Art History,352,George Mason University,Vivien,,Chen,951812,1,poor,TEACHER,PROFESSOR,1.0
Accounting,352,George Mason University,Long,,Chen,1197752,18,good,TEACHER,PROFESSOR,3.6
Management,352,George Mason University,Tiffani,,Chen,1504464,3,good,TEACHER,PROFESSOR,4.3
