tDept,tSid,institution_name,tFname,tMiddlename,tLname,tid,tNumRatings,rating_class,contentType,categoryType,overall_rating
Languages,352,George Mason University,Maziar,,Valamotamed,2150569,10,good,TEACHER,PROFESSOR,4.7
Marketing,352,George Mason University,Nikki,,Valastra,2535610,1,poor,TEACHER,PROFESSOR,1.0
Philosophy,352,George Mason University,Erick,,Valdes,1615292,42,good,TEACHER,PROFESSOR,4.3
Biology,352,George Mason University,Ryan,,Valdez,949848,22,good,TEACHER,PROFESSOR,4.8
Languages,352,George Mason University,Maria,,Valdez,1799859,7,poor,TEACHER,PROFESSOR,1.1
Education,352,George Mason University,Lorraine,,Valdez Pierce,692376,10,average,TEACHER,PROFESSOR,3.4
Economics,352,George Mason University,Rutger,,Van Bergem,1785826,2,average,TEACHER,PROFESSOR,2.8
Philosophy,352,George Mason University,Wesley,,Van Camp,1249533,14,average,TEACHER,PROFESSOR,3.0
Environmental Science,352,George Mason University,Joris,,van der Ham,1955629,6,good,TEACHER,PROFESSOR,3.6
English,352,George Mason University,Sean,,Van Der Heijden,2449200,3,average,TEACHER,PROFESSOR,3.0
History,352,George Mason University,Gerritt,,Van Der Wees,2091821,4,average,TEACHER,PROFESSOR,3.3
Business,352,George Mason University,Landon,,Van Dyke,2128520,3,good,TEACHER,PROFESSOR,4.0
Biology,352,George Mason University,M,,Van Hoek,752218,17,good,TEACHER,PROFESSOR,3.5
Biology,352,George Mason University,Monique,,Van Hoek,2308523,0,zero,TEACHER,PROFESSOR,N/A
Art History,352,George Mason University,Jennifer,,Van Horn,1866162,6,good,TEACHER,PROFESSOR,3.8
Art,352,George Mason University,Jim,,Van Meer,2202041,1,good,TEACHER,PROFESSOR,4.0
Communication,352,George Mason University,James,,Van Zummeren,132942,14,good,TEACHER,PROFESSOR,4.1
Political Science,352,George Mason University,Walter,,Vance,953396,3,good,TEACHER,PROFESSOR,3.5
Art History,352,George Mason University,Melinda,,Vander Ploeg Fallon,1073019,6,good,TEACHER,PROFESSOR,4.7
Social Work,352,George Mason University,Kerry,,Vandergrift,1549226,1,poor,TEACHER,PROFESSOR,1.0
