tDept,tSid,institution_name,tFname,tMiddlename,tLname,tid,tNumRatings,rating_class,contentType,categoryType,overall_rating
Physical Education,352,George Mason University,Marjorie,,Calhoun,1724182,5,good,TEACHER,PROFESSOR,4.3
English,352,George Mason University,Ryan,,Call,1061779,5,good,TEACHER,PROFESSOR,3.6
Education,352,George Mason University,Meagan,,Call-Cummings,2230672,1,good,TEACHER,PROFESSOR,5.0
Biology,352,George Mason University,Victoria,,Callahan,2339680,5,good,TEACHER,PROFESSOR,4.4
Global Studies,352,George Mason University,Elizabeth,Marie,Callender,2534590,0,zero,TEACHER,PROFESSOR,N/A
Psychology,352,George Mason University,Marcia,,Calloway,2474721,14,poor,TEACHER,PROFESSOR,1.0
Psychology,352,George Mason University,Jenna,,Calton,1764681,6,good,TEACHER,PROFESSOR,4.5
Psychology,352,George Mason University,Jose,,Calvo,1947776,4,average,TEACHER,PROFESSOR,2.9
Information Technology,352,George Mason University,Francisco,,Camacho,2204540,4,average,TEACHER,PROFESSOR,3.0
Economics,352,George Mason University,Darren,,Cambridge,516359,24,poor,TEACHER,PROFESSOR,2.2
Physics,352,George Mason University,Fernando,,Camelli,379729,10,average,TEACHER,PROFESSOR,3.5
Mathematics,352,George Mason University,James,T,Cameron,2102844,1,good,TEACHER,PROFESSOR,4.0
Statistics,352,George Mason University,Scott,,Camp,1108963,0,zero,TEACHER,PROFESSOR,N/A
Information Science,352,George Mason University,Harold,,Camp,1254017,26,poor,TEACHER,PROFESSOR,2.3
Social Work,352,George Mason University,Susan,,Campbell,2247005,0,zero,TEACHER,PROFESSOR,N/A
Government,352,George Mason University,Matt,,Campbell,2344416,1,good,TEACHER,PROFESSOR,5.0
English,352,George Mason University,Nicole,,Campeotto,2319416,2,good,TEACHER,PROFESSOR,3.5
Music,352,George Mason University,Mark,,Camphouse,893875,8,good,TEACHER,PROFESSOR,4.0
Economics,352,George Mason University,Rosolino,,Candela,1908859,9,good,TEACHER,PROFESSOR,4.8
Business,352,George Mason University,Earnest,,Canellos,816217,8,good,TEACHER,PROFESSOR,4.2
