tDept,tSid,institution_name,tFname,tMiddlename,tLname,tid,tNumRatings,rating_class,contentType,categoryType,overall_rating
Government,352,George Mason University,Jefferey,R,Zavadil,1810263,1,good,TEACHER,PROFESSOR,4.0
Languages,352,George Mason University,Nijmeh,,Zayed,1443210,15,average,TEACHER,PROFESSOR,3.4
History,352,George Mason University,Bizri,,Zayna N,2358987,5,good,TEACHER,PROFESSOR,4.2
Integrative Studies,352,George Mason University,Margaret,,Zeddies,2523498,0,zero,TEACHER,PROFESSOR,N/A
Global Studies,352,George Mason University,David,,Zeglen,1953045,21,good,TEACHER,PROFESSOR,4.6
Accounting,352,George Mason University,Mark,,Zeidan,2498834,2,good,TEACHER,PROFESSOR,5.0
History,352,George Mason University,Elizabeth,,Zelensky,1895745,3,poor,TEACHER,PROFESSOR,1.6
Business,352,George Mason University,Shawn,,Zelman,1628254,21,average,TEACHER,PROFESSOR,3.3
Environmental Science,352,George Mason University,Kamran,,Zendehdel,1584297,7,average,TEACHER,PROFESSOR,3.0
Electrical  Comp. Engineering,352,George Mason University,Kai,,Zeng,2185040,3,average,TEACHER,PROFESSOR,3.0
Education,352,George Mason University,Kristien,,Zenkov,1262314,10,good,TEACHER,PROFESSOR,4.8
Chemistry,352,George Mason University,Berhanu,,Zewde,2407114,2,poor,TEACHER,PROFESSOR,1.0
Languages,352,George Mason University,Karl,,Zhang,226046,32,good,TEACHER,PROFESSOR,4.6
Accounting,352,George Mason University,Suning,,Zhang,913844,29,average,TEACHER,PROFESSOR,3.5
Languages,352,George Mason University,Peiling,,Zhang,1258297,18,good,TEACHER,PROFESSOR,3.6
Mathematics,352,George Mason University,Bin,,Zhang,1322577,3,poor,TEACHER,PROFESSOR,1.2
Integrative Studies,352,George Mason University,Xinyi,,Zhang,2450683,1,good,TEACHER,PROFESSOR,4.0
Science,352,George Mason University,Jie,,Zhang,851193,16,good,TEACHER,PROFESSOR,3.5
Information Technology,352,George Mason University,Daniel,,Zhang,2045058,8,poor,TEACHER,PROFESSOR,2.0
Communication,352,George Mason University,Xiaoquan,,Zhao,776521,18,good,TEACHER,PROFESSOR,4.6
