tDept,tSid,institution_name,tFname,tMiddlename,tLname,tid,tNumRatings,rating_class,contentType,categoryType,overall_rating
Management,352,George Mason University,Don,,Jernigan,1250150,13,average,TEACHER,PROFESSOR,3.4
Information Systems amp Operations Management,352,George Mason University,Donald,Ray,Jernigan,2352900,0,zero,TEACHER,PROFESSOR,N/A
Education,352,George Mason University,Marci,,Jerome,1133924,3,good,TEACHER,PROFESSOR,4.8
Health Science,352,George Mason University,Leah,,Jewett,2286156,21,good,TEACHER,PROFESSOR,4.7
Statistics,352,George Mason University,Ran,,Ji,2188984,1,average,TEACHER,PROFESSOR,3.0
Hospitality,352,George Mason University,Naehyun,,Jin,2015174,7,good,TEACHER,PROFESSOR,4.6
Chemistry,352,George Mason University,Hao,,Jing,2323878,61,good,TEACHER,PROFESSOR,3.6
Health Science,352,George Mason University,Peter,,Jo,1998447,1,good,TEACHER,PROFESSOR,5.0
Economics,352,George Mason University,Arielle,,John,1546924,3,good,TEACHER,PROFESSOR,3.5
Information Technology,352,George Mason University,John,,John McDowall,2184816,0,zero,TEACHER,PROFESSOR,N/A
Theater,352,George Mason University,Kristin,,Johnsen-Neshati,299614,9,good,TEACHER,PROFESSOR,4.8
English,352,George Mason University,Twila,,Johnson,436159,70,good,TEACHER,PROFESSOR,4.5
Biology,352,George Mason University,Sarah,,Johnson,855622,14,good,TEACHER,PROFESSOR,4.2
Economics,352,George Mason University,Noel,,Johnson,1257728,43,average,TEACHER,PROFESSOR,2.9
Health Science,352,George Mason University,Susan,,Johnson,1384076,0,zero,TEACHER,PROFESSOR,N/A
Biology,352,George Mason University,Amy,,Johnson,1567250,9,good,TEACHER,PROFESSOR,5.0
Health Science,352,George Mason University,Sidney,,Johnson,1567578,2,good,TEACHER,PROFESSOR,4.8
Sociology,352,George Mason University,Jeffrey,,Johnson,1683537,14,poor,TEACHER,PROFESSOR,2.0
Economics,352,George Mason University,Blake,,Johnson,1739454,15,good,TEACHER,PROFESSOR,4.5
English,352,George Mason University,Rachel,,Johnson,1855852,5,good,TEACHER,PROFESSOR,4.7
