tDept,tSid,institution_name,tFname,tMiddlename,tLname,tid,tNumRatings,rating_class,contentType,categoryType,overall_rating
Electrical & Comp. Engineering,352,George Mason University,Pakruthi,,Hareesh,2526030,1,poor,TEACHER,PROFESSOR,1.0
Information Technology,352,George Mason University,Umesh,,Harigopal,2049662,2,good,TEACHER,PROFESSOR,4.2
Information Technology,352,George Mason University,Minu,,Hariharan,2172588,3,poor,TEACHER,PROFESSOR,2.0
Human Development,352,George Mason University,Cheryl,,Harlan,2523784,0,zero,TEACHER,PROFESSOR,N/A
Biology,352,George Mason University,Rachel,,Harley,1151165,5,good,TEACHER,PROFESSOR,4.2
Accounting,352,George Mason University,Paul,,Harley,876926,77,good,TEACHER,PROFESSOR,4.2
English,352,George Mason University,Danielle,,Harms,1943997,4,good,TEACHER,PROFESSOR,5.0
Education,352,George Mason University,Cora,,Harper,416106,7,average,TEACHER,PROFESSOR,2.9
Communication,352,George Mason University,Allison,,Harper,1863584,4,good,TEACHER,PROFESSOR,4.4
Social Work,352,George Mason University,Heather,,Harper,2484517,2,good,TEACHER,PROFESSOR,5.0
Accounting,352,George Mason University,David,,Harr,856762,7,average,TEACHER,PROFESSOR,2.6
Criminal Justice,352,George Mason University,Mark,,Harrington,503988,29,good,TEACHER,PROFESSOR,4.3
History,352,George Mason University,Steven,,Harris,451381,28,average,TEACHER,PROFESSOR,3.5
English,352,George Mason University,Chris,,Harris,1340631,4,good,TEACHER,PROFESSOR,3.8
women's Studies,352,George Mason University,Latashia,,Harris,2012893,2,average,TEACHER,PROFESSOR,2.8
Economics,352,George Mason University,Colin,,Harris,2078695,15,good,TEACHER,PROFESSOR,4.7
Business,352,George Mason University,Cameron ,,Harris,2067837,27,good,TEACHER,PROFESSOR,3.9
History,352,George Mason University,Steven,Anthony,Harris-Scott,2160019,5,good,TEACHER,PROFESSOR,4.2
Health & Human Services,352,George Mason University,Patricia,,Harrison,2306149,2,average,TEACHER,PROFESSOR,3.0
Chemistry,352,George Mason University,Daniel,,Harrison,2459475,1,good,TEACHER,PROFESSOR,5.0
