tDept,tSid,institution_name,tFname,tMiddlename,tLname,tid,tNumRatings,rating_class,contentType,categoryType,overall_rating
History,352,George Mason University,Benedict,,Carton,294273,73,good,TEACHER,PROFESSOR,4.6
Accounting,352,George Mason University,Christine,,Cartwright,2212635,3,poor,TEACHER,PROFESSOR,2.0
Computer Science,352,George Mason University,Richard,,Carver,619614,35,good,TEACHER,PROFESSOR,3.9
English,352,George Mason University,Laura,,Casal,431960,44,good,TEACHER,PROFESSOR,4.5
Economics,352,George Mason University,Mary,,Casciotti,607178,7,good,TEACHER,PROFESSOR,4.2
Engineering,352,George Mason University,Michael,,Casey,1361644,2,average,TEACHER,PROFESSOR,3.0
Theater,352,George Mason University,Autumn,,Casey,1878921,6,average,TEACHER,PROFESSOR,3.4
Economics,352,George Mason University,Denver,,Casey,2313358,8,average,TEACHER,PROFESSOR,3.4
Chemistry,352,George Mason University,Irving,,Cashwell,2460073,3,poor,TEACHER,PROFESSOR,2.0
Conflict Analysis,352,George Mason University,Alison,,Castel,1995773,8,average,TEACHER,PROFESSOR,2.8
Biology,352,George Mason University,Stacie,,Castelda,1690654,7,good,TEACHER,PROFESSOR,4.1
Biology,352,George Mason University,Marina,,Castilla,1832658,6,good,TEACHER,PROFESSOR,4.2
Economics,352,George Mason University,Marco,,Castillo,1878458,4,poor,TEACHER,PROFESSOR,1.1
Health Science,352,George Mason University,Shane,,Caswell,398746,7,good,TEACHER,PROFESSOR,4.3
Economics,352,George Mason University,James ,,Caton,1984049,22,average,TEACHER,PROFESSOR,2.5
Psychology,352,George Mason University,,,Cattaneo,391576,23,good,TEACHER,PROFESSOR,4.6
Psychology,352,George Mason University,Lauren,,Cattaneo,2249076,6,good,TEACHER,PROFESSOR,4.7
Economics,352,George Mason University,Robert,S,Cavender,1793903,6,good,TEACHER,PROFESSOR,4.8
Engineering,352,George Mason University,Juan,,Cebral,2216217,5,average,TEACHER,PROFESSOR,2.8
Criminal Justice,352,George Mason University,Mahmut,,Cengiz,2313719,19,good,TEACHER,PROFESSOR,4.6
