tDept,tSid,institution_name,tFname,tMiddlename,tLname,tid,tNumRatings,rating_class,contentType,categoryType,overall_rating
Government,352,George Mason University,Shahnoza,,Nozimova,1963581,2,good,TEACHER,PROFESSOR,3.5
Business,352,George Mason University,Boniface,,Ntawutarama,2420161,3,good,TEACHER,PROFESSOR,3.7
Fine Arts,352,George Mason University,Kukuwa,,Nuamah,1013399,9,good,TEACHER,PROFESSOR,4.9
Criminal Justice,352,George Mason University,Michelle,,Nuneville,1888005,33,good,TEACHER,PROFESSOR,4.7
Government,352,George Mason University,Lucas,,Nunez,2478749,2,good,TEACHER,PROFESSOR,4.0
English,352,George Mason University,Yildiz,,Nuredinoski,1642785,5,good,TEACHER,PROFESSOR,4.2
Computer Science,352,George Mason University,Apoorva,,Nuthi,1765480,5,good,TEACHER,PROFESSOR,4.0
Accounting,352,George Mason University,Sarah,,Nutter,377765,29,good,TEACHER,PROFESSOR,4.0
Economics,352,George Mason University,John,,Nye,1020135,3,average,TEACHER,PROFESSOR,3.3
English,352,George Mason University,Bret,,Nye,2311513,8,good,TEACHER,PROFESSOR,5.0
Mathematics,352,George Mason University,Long,,Nyguen,2527174,0,zero,TEACHER,PROFESSOR,N/A
Accounting,352,George Mason University,Maria,,Nykyforovych,2301155,23,average,TEACHER,PROFESSOR,2.9
English,352,George Mason University,Mary,,Nys,1643124,1,good,TEACHER,PROFESSOR,5.0
Mathematics,352,George Mason University,Ellen,,O'Brien,1727336,0,zero,TEACHER,PROFESSOR,N/A
Mathematics,352,George Mason University,Richard,,O'Beirne,386526,51,good,TEACHER,PROFESSOR,4.2
Business,352,George Mason University,Allison,,O'Brien,223192,27,good,TEACHER,PROFESSOR,3.7
Mathematics,352,George Mason University,Ellen,,O'Brien,277987,61,good,TEACHER,PROFESSOR,3.9
Education,352,George Mason University,Kristen,,O'Brien,2312845,3,good,TEACHER,PROFESSOR,5.0
Biology,352,George Mason University,Jason,,O'Bryhim,1142359,5,good,TEACHER,PROFESSOR,4.5
Business,352,George Mason University,Michael,F,O'Connell,2392198,5,good,TEACHER,PROFESSOR,4.4
