tDept,tSid,institution_name,tFname,tMiddlename,tLname,tid,tNumRatings,rating_class,contentType,categoryType,overall_rating
Criminal Justice,352,George Mason University,Christopher,,Koper,1712758,1,good,TEACHER,PROFESSOR,5.0
Environmental Science,352,George Mason University,Deborah,,Kopsick,1864164,1,good,TEACHER,PROFESSOR,5.0
Information Technology,352,George Mason University,Hossein,,Kord,2067716,2,good,TEACHER,PROFESSOR,4.5
Nursing,352,George Mason University,Rosemarie,,Kormanec,2307115,1,average,TEACHER,PROFESSOR,3.0
Psychology,352,George Mason University,Olga,,Kornienko,2407459,3,average,TEACHER,PROFESSOR,3.3
Biology,352,George Mason University,Alicia,,Korol,1954381,5,average,TEACHER,PROFESSOR,2.7
Conflict Analysis,352,George Mason University,K,,Korostelina,505364,21,good,TEACHER,PROFESSOR,4.5
Conflict Analysis,352,George Mason University,Karina,V,Korostelina,2165052,2,good,TEACHER,PROFESSOR,5.0
Chemistry,352,George Mason University,David,,Kort,446795,97,average,TEACHER,PROFESSOR,3.4
Psychology,352,George Mason University,Julia,,Koscho,1382357,2,good,TEACHER,PROFESSOR,4.0
Global Studies,352,George Mason University,Talha,,Kose,1134720,3,good,TEACHER,PROFESSOR,3.8
Computer Science,352,George Mason University,Jana,,Kosecka,851466,18,poor,TEACHER,PROFESSOR,2.1
Engineering,352,George Mason University,Laura,,Kosoglu,1722385,26,good,TEACHER,PROFESSOR,3.9
Conflict Analysis,352,George Mason University,Stephen,,Kotev,2300099,0,zero,TEACHER,PROFESSOR,N/A
Accounting,352,George Mason University,Mark,,Kotila,2115241,4,good,TEACHER,PROFESSOR,4.5
Languages,352,George Mason University,Ada,,Kousoum,1315794,8,average,TEACHER,PROFESSOR,3.1
Information Technology,352,George Mason University,Andy,,Kovac,1818388,3,good,TEACHER,PROFESSOR,4.0
Computer Science,352,George Mason University,Gerald,,Kowalski,2183706,8,good,TEACHER,PROFESSOR,4.4
Economics,352,George Mason University,Mark,,Koyama,1686569,14,good,TEACHER,PROFESSOR,4.0
Geography,352,George Mason University,Jonathan,,Kozar,1944556,19,good,TEACHER,PROFESSOR,4.2
