tDept,tSid,institution_name,tFname,tMiddlename,tLname,tid,tNumRatings,rating_class,contentType,categoryType,overall_rating
Languages,352,George Mason University,Golnesa,,Asheghali,1501857,12,good,TEACHER,PROFESSOR,4.9
Global Studies,352,George Mason University,Jennifer ,,Ashley ,1923856,25,good,TEACHER,PROFESSOR,3.7
Languages,352,George Mason University,Saïma,,Ashraf-Hassan,1133480,27,good,TEACHER,PROFESSOR,4.2
English,352,George Mason University,Samuel,,Ashworth,2213012,8,good,TEACHER,PROFESSOR,4.1
Chemistry,352,George Mason University,Kirubel,,Assegid,1269469,8,good,TEACHER,PROFESSOR,4.1
Literature,352,George Mason University,Seraje,,Assi,2313171,1,average,TEACHER,PROFESSOR,3.0
Health Science,352,George Mason University,G. Hope,,Asterilla,930107,16,good,TEACHER,PROFESSOR,3.5
Not Specified,352,George Mason University,David,,Atkins,514447,7,good,TEACHER,PROFESSOR,4.8
English,352,George Mason University,Jennifer,,Atkinson,270628,24,good,TEACHER,PROFESSOR,4.6
Criminal Justice,352,George Mason University,Nancy,,Attal-Deem,2458792,1,good,TEACHER,PROFESSOR,5.0
Management,352,George Mason University,Christopher,,Atwater,1599987,75,good,TEACHER,PROFESSOR,4.9
Communication,352,George Mason University,Lucinda,,Atwell,404534,18,good,TEACHER,PROFESSOR,3.9
Communication,352,George Mason University,Linda,,Atwell,2094176,4,average,TEACHER,PROFESSOR,3.3
English,352,George Mason University,Eric,,Auld,2419885,6,good,TEACHER,PROFESSOR,5.0
Cultural Studies,352,George Mason University,Erin ,,Aust ,2086139,4,good,TEACHER,PROFESSOR,4.0
Theater,352,George Mason University,Clayton,,Austin,201137,33,good,TEACHER,PROFESSOR,4.0
Marketing,352,George Mason University,Nathan,,Austin,1483335,5,poor,TEACHER,PROFESSOR,1.7
Business,352,George Mason University,Leila,,Austin,2220016,24,good,TEACHER,PROFESSOR,4.8
History,352,George Mason University,Jiexia,,Autry,2248347,2,poor,TEACHER,PROFESSOR,2.0
Chemistry,352,George Mason University,Fatemeh,,Avazzadehmehryan,2399720,1,average,TEACHER,PROFESSOR,3.0
