tDept,tSid,institution_name,tFname,tMiddlename,tLname,tid,tNumRatings,rating_class,contentType,categoryType,overall_rating
Mathematics,352,George Mason University,Tyler,,White,2280020,9,good,TEACHER,PROFESSOR,3.9
Criminal Justice,352,George Mason University,Clair,,White,2378054,0,zero,TEACHER,PROFESSOR,N/A
Graphic Arts,352,George Mason University,Gail Scott,,White,291649,26,good,TEACHER,PROFESSOR,4.0
Health Science,352,George Mason University,Jason,,White,2129502,11,average,TEACHER,PROFESSOR,2.5
History,352,George Mason University,Andrew,,White,2457912,2,good,TEACHER,PROFESSOR,5.0
Computer Science,352,George Mason University,Dominic,,White,2534511,0,zero,TEACHER,PROFESSOR,N/A
Information Technology,352,George Mason University,Eric,,Whitestone,1870570,3,good,TEACHER,PROFESSOR,4.7
Psychology,352,George Mason University,Emma,,Whitmyre,2207307,5,good,TEACHER,PROFESSOR,5.0
Political Science,352,George Mason University,Chris,,Whyte,2123570,10,good,TEACHER,PROFESSOR,4.3
English,352,George Mason University,Christina,,Widmayer,1774384,0,zero,TEACHER,PROFESSOR,N/A
English,352,George Mason University,Chrissy,,Widmayer,1781816,7,good,TEACHER,PROFESSOR,4.3
English,352,George Mason University,Eve,,Wiederhold,1041635,24,good,TEACHER,PROFESSOR,3.8
Engineering,352,George Mason University,Fred,,Wieland,1554950,3,poor,TEACHER,PROFESSOR,2.0
Statistics,352,George Mason University,Martin,,Wiener,2314207,4,good,TEACHER,PROFESSOR,4.0
Psychology,352,George Mason University,Eva,,Wiese,1915513,12,good,TEACHER,PROFESSOR,4.1
Accounting,352,George Mason University,Taylor,,Wiesen,2216595,25,good,TEACHER,PROFESSOR,4.4
Economics,352,George Mason University,P R,,Wiest,405352,59,good,TEACHER,PROFESSOR,3.7
Economics,352,George Mason University,Philip,,Wiest,1198803,7,average,TEACHER,PROFESSOR,3.0
History,352,George Mason University,Dave,,Wiggins,930129,7,good,TEACHER,PROFESSOR,4.8
Health Science,352,George Mason University,Brenda,,Wiggins,1472945,0,zero,TEACHER,PROFESSOR,N/A
