tDept,tSid,institution_name,tFname,tMiddlename,tLname,tid,tNumRatings,rating_class,contentType,categoryType,overall_rating
Music,352,George Mason University,Carrie,,Delaney,1302905,41,good,TEACHER,PROFESSOR,3.8
Social Work,352,George Mason University,Peter,,Delany,2451807,1,average,TEACHER,PROFESSOR,3.0
Biology,352,George Mason University,Frank,,Delatour,1212618,5,good,TEACHER,PROFESSOR,4.9
Art,352,George Mason University,Vassiliki,,Deliyianni,2457186,1,good,TEACHER,PROFESSOR,5.0
Psychology,352,George Mason University,Heidi,,Deloveh,783213,24,average,TEACHER,PROFESSOR,2.8
Fine Arts,352,George Mason University,Elliot,,Deluca,787904,15,poor,TEACHER,PROFESSOR,2.3
Biology,352,George Mason University,Catherine,,DeMarino,2208264,8,good,TEACHER,PROFESSOR,4.4
Engineering,352,George Mason University,Sharon,,Demonsabert,1145176,6,poor,TEACHER,PROFESSOR,2.4
Business,352,George Mason University,Yvonne,,Demory,277312,211,average,TEACHER,PROFESSOR,3.3
Education,352,George Mason University,Betsy,,Demulder,1246226,1,good,TEACHER,PROFESSOR,5.0
English,352,George Mason University,Timothy,,Denevi,2010131,2,average,TEACHER,PROFESSOR,3.3
Computer Science,352,George Mason University,Lin,,Deng,2127739,1,good,TEACHER,PROFESSOR,5.0
Computer Science,352,George Mason University,Ping,,Deng,2402758,0,zero,TEACHER,PROFESSOR,N/A
Education,352,George Mason University,Aixa,,Dengate,2149297,0,zero,TEACHER,PROFESSOR,N/A
Sociology,352,George Mason University,Rutledge,,Dennis,294024,143,average,TEACHER,PROFESSOR,3.0
Philosophy,352,George Mason University,Martin,,Denys,448231,5,good,TEACHER,PROFESSOR,3.8
Nursing,352,George Mason University,Debra,,Derner,2314046,1,good,TEACHER,PROFESSOR,5.0
Psychology,352,George Mason University,Gia,,Derosa,1435179,3,average,TEACHER,PROFESSOR,2.8
Integrative Studies,352,George Mason University,Lisa,,Des Jardins,2123579,2,good,TEACHER,PROFESSOR,5.0
Computer Science,352,George Mason University,Umang,,Desai,2341609,1,good,TEACHER,PROFESSOR,4.0
