tDept,tSid,institution_name,tFname,tMiddlename,tLname,tid,tNumRatings,rating_class,contentType,categoryType,overall_rating
History,352,George Mason University,Aminur,,Rahman,2328041,15,average,TEACHER,PROFESSOR,2.7
Computer Science,352,George Mason University,Omar,,Rahman,2527791,1,good,TEACHER,PROFESSOR,4.0
Economics,352,George Mason University,Ilia,,Rainer,655636,27,average,TEACHER,PROFESSOR,3.5
Sociology,352,George Mason University,Jennifer,,Rainer,1947669,2,average,TEACHER,PROFESSOR,2.8
Languages,352,George Mason University,Baraa,,Rajab,1849585,6,good,TEACHER,PROFESSOR,4.8
Economics,352,George Mason University,Shruti,,Rajagopalan,1532928,2,good,TEACHER,PROFESSOR,4.2
Art,352,George Mason University,Jon,,Rajkovich,2141792,6,good,TEACHER,PROFESSOR,3.5
Conflict Analysis,352,George Mason University,Sudha,,Rajput,2030865,1,average,TEACHER,PROFESSOR,3.0
Psychology,352,George Mason University,Bethany,,Rallis,2050877,3,good,TEACHER,PROFESSOR,3.7
Biology,352,George Mason University,Eswar Prasad,,Ramachandran Iyer,1489018,0,zero,TEACHER,PROFESSOR,N/A
History,352,George Mason University,David,Imad,Ramadan,876838,2,average,TEACHER,PROFESSOR,3.3
Criminal Justice,352,George Mason University,Mindi,,Ramage,2183598,0,zero,TEACHER,PROFESSOR,N/A
English,352,George Mason University,Jhanvi,,Ramaiya,2481991,2,good,TEACHER,PROFESSOR,5.0
Statistics,352,George Mason University,Niloofar,,Ramezani,2291917,24,good,TEACHER,PROFESSOR,4.3
Nutrition,352,George Mason University,Kalpana,,Ramiah,2040388,0,zero,TEACHER,PROFESSOR,N/A
Psychology,352,George Mason University,Raul,,Ramirez,1984988,25,poor,TEACHER,PROFESSOR,2.4
Languages,352,George Mason University,Sara,,Ramirez,2143247,5,good,TEACHER,PROFESSOR,3.8
Business,352,George Mason University,Larissa,,Ramos,2087274,18,good,TEACHER,PROFESSOR,4.3
Languages,352,George Mason University,Michelle,,Ramos-Pellicia,648231,12,good,TEACHER,PROFESSOR,3.8
Psychology,352,George Mason University,Justin,,Ramsdell,2088070,38,good,TEACHER,PROFESSOR,4.4
