tDept,tSid,institution_name,tFname,tMiddlename,tLname,tid,tNumRatings,rating_class,contentType,categoryType,overall_rating
Fine Arts,352,George Mason University,Mark,,Cooley,959674,9,good,TEACHER,PROFESSOR,3.6
Conflict Analysis,352,George Mason University,Joan,,Coolidge,1815270,1,average,TEACHER,PROFESSOR,3.0
Chemistry,352,George Mason University,Corina,Ann,Cooling,1939369,4,good,TEACHER,PROFESSOR,4.5
English,352,George Mason University,Andrew,,Cooper,409172,27,good,TEACHER,PROFESSOR,3.6
Psychology,352,George Mason University,Jamie,,Cooper,586874,4,good,TEACHER,PROFESSOR,4.9
Geology,352,George Mason University,Julia,,Cooper,878713,33,average,TEACHER,PROFESSOR,2.9
Chemistry,352,George Mason University,Paul,,Cooper,1041967,101,good,TEACHER,PROFESSOR,4.3
Economics,352,George Mason University,Nicholas,,Cooper,2423694,1,good,TEACHER,PROFESSOR,5.0
Chemistry,352,George Mason University,Harold,,Cooper,2462406,3,good,TEACHER,PROFESSOR,5.0
Global Studies,352,George Mason University,Lauren,,Cooper,2463109,2,good,TEACHER,PROFESSOR,5.0
Film,352,George Mason University,Damien,,Coor,2368965,2,good,TEACHER,PROFESSOR,4.0
History,352,George Mason University,Dina,,Copelman,624953,16,poor,TEACHER,PROFESSOR,1.7
Cultural Studies,352,George Mason University,Dina,M.,Copelman,2015598,1,poor,TEACHER,PROFESSOR,1.0
Physics,352,George Mason University,Patrick ,,Cora,2075242,0,zero,TEACHER,PROFESSOR,N/A
English,352,George Mason University,Steven,,Corbett,1902538,15,good,TEACHER,PROFESSOR,4.4
Statistics,352,George Mason University,Amanda,,Corcoran,1515312,2,good,TEACHER,PROFESSOR,5.0
Communication,352,George Mason University,Kimberly,,Cordero,447365,10,poor,TEACHER,PROFESSOR,1.6
Languages,352,George Mason University,F.,,Cornejo,338876,17,good,TEACHER,PROFESSOR,3.6
Criminal Justice,352,George Mason University,Gary,,Cornillus,563860,8,good,TEACHER,PROFESSOR,5.0
Government,352,George Mason University,Guadalupe,,Correa-Cabrera,2281703,27,good,TEACHER,PROFESSOR,3.7
