tDept,tSid,institution_name,tFname,tMiddlename,tLname,tid,tNumRatings,rating_class,contentType,categoryType,overall_rating
Political Science,352,George Mason University,M,,Wan,51950,23,good,TEACHER,PROFESSOR,4.3
Government,352,George Mason University,Ming,,Wan,2153492,0,zero,TEACHER,PROFESSOR,N/A
Computer Science,352,George Mason University,Pearl,,Wang,49897,15,good,TEACHER,PROFESSOR,4.0
Finance,352,George Mason University,George,,Wang,327801,26,average,TEACHER,PROFESSOR,2.8
Languages,352,George Mason University,Xu,,Wang,1724604,6,good,TEACHER,PROFESSOR,4.9
English,352,George Mason University,Qinglan ,,Wang,1953272,18,poor,TEACHER,PROFESSOR,2.4
Economics,352,George Mason University,Siyu,,Wang,2030553,3,good,TEACHER,PROFESSOR,5.0
Chinese,352,George Mason University,Xu,,Wang,2157993,0,zero,TEACHER,PROFESSOR,N/A
Computer Science,352,George Mason University,Xinyuan (Frank),,Wang,784696,10,average,TEACHER,PROFESSOR,3.0
Information Technology,352,George Mason University,Diana,,Wang,961784,34,good,TEACHER,PROFESSOR,4.3
Mathematics,352,George Mason University,Thomas,,Wanner,291277,47,good,TEACHER,PROFESSOR,3.9
Psychology,352,George Mason University,Patricia,,Wanschura,257909,74,good,TEACHER,PROFESSOR,3.5
Business,352,George Mason University,Carrie,,Warburton,1567097,1,good,TEACHER,PROFESSOR,5.0
Management,352,George Mason University,Scott,,Ward,611843,47,good,TEACHER,PROFESSOR,3.5
Engineering,352,George Mason University,Harry,,Ward,1078036,7,good,TEACHER,PROFESSOR,3.6
Career Development,352,George Mason University,Janice,D,Ward,2229586,3,average,TEACHER,PROFESSOR,3.3
Geography,352,George Mason University,Ian,,Ward,294236,140,good,TEACHER,PROFESSOR,4.4
Engineering,352,George Mason University,DaFran,,Ware,2419879,0,zero,TEACHER,PROFESSOR,N/A
Conflict Analysis,352,George Mason University,Wallace,,Warfield,1220917,5,good,TEACHER,PROFESSOR,4.0
Accounting,352,George Mason University,Rick,,Warne,1253625,42,average,TEACHER,PROFESSOR,3.1
