tDept,tSid,institution_name,tFname,tMiddlename,tLname,tid,tNumRatings,rating_class,contentType,categoryType,overall_rating
Information Science,352,George Mason University,Qiang,,Lin,331923,13,average,TEACHER,PROFESSOR,3.0
English,352,George Mason University,Vivian,,Lindhardsen,852983,5,good,TEACHER,PROFESSOR,4.8
Health & Human Services,352,George Mason University,Lisa,,Lindley,1714080,16,good,TEACHER,PROFESSOR,5.0
Psychology,352,George Mason University,Alex,,Lindsey,1968686,5,good,TEACHER,PROFESSOR,3.8
Career Development,352,George Mason University,Rachel,,Lindsey ,1975112,1,poor,TEACHER,PROFESSOR,1.0
Engineering,352,George Mason University,Barry,,Liner,1305411,6,good,TEACHER,PROFESSOR,4.2
Management,352,George Mason University,Yan,,Ling,494467,26,good,TEACHER,PROFESSOR,3.7
Physics,352,George Mason University,Chenxi,,Ling,2248657,1,average,TEACHER,PROFESSOR,3.0
Information Technology,352,George Mason University,Nikhitha,,Lingutla,2411421,0,zero,TEACHER,PROFESSOR,N/A
Psychology,352,George Mason University,David,,Linkous,535009,26,good,TEACHER,PROFESSOR,4.3
English,352,George Mason University,Robert,,Linkous,959607,17,poor,TEACHER,PROFESSOR,1.5
Fine Arts,352,George Mason University,Harold,,Linton,659838,11,good,TEACHER,PROFESSOR,4.3
Music,352,George Mason University,Christopher,,Liotta,1851232,2,good,TEACHER,PROFESSOR,4.2
English,352,George Mason University,Jeffrey,,Lipack,2379304,10,good,TEACHER,PROFESSOR,4.8
Education,352,George Mason University,Leslie,,Lipovski,1771957,3,good,TEACHER,PROFESSOR,4.3
History,352,George Mason University,Charles,,Lipp,397665,22,good,TEACHER,PROFESSOR,3.6
Psychology,352,George Mason University,Stephen,,Lippi,1901724,77,good,TEACHER,PROFESSOR,4.7
Accounting,352,George Mason University,Ling,,Lisic,1727853,26,average,TEACHER,PROFESSOR,2.8
Nursing,352,George Mason University,Cynthia,,Liss,1127237,3,average,TEACHER,PROFESSOR,2.7
English,352,George Mason University,Lisa,,Lister,748180,83,good,TEACHER,PROFESSOR,4.6
