tDept,tSid,institution_name,tFname,tMiddlename,tLname,tid,tNumRatings,rating_class,contentType,categoryType,overall_rating
Accounting,352,George Mason University,Sha,,Bi,2148905,0,zero,TEACHER,PROFESSOR,N/A
Nursing,352,George Mason University,Dani-Bree,,Bialek,1253602,10,average,TEACHER,PROFESSOR,3.0
Anthropology,352,George Mason University,Andrew,,Bickford,769513,28,good,TEACHER,PROFESSOR,3.8
Information Technology,352,George Mason University,Rohan,,Bidarkota,2401667,2,good,TEACHER,PROFESSOR,5.0
Music,352,George Mason University,Kathleen,,Biddick-Smith,2446893,1,good,TEACHER,PROFESSOR,5.0
Business,352,George Mason University,Brandon,,Biller,2100405,8,good,TEACHER,PROFESSOR,4.4
Music,352,George Mason University,Lisa,,Billingham,502283,28,good,TEACHER,PROFESSOR,4.4
Engineering,352,George Mason University,David,,Binning,400244,18,good,TEACHER,PROFESSOR,4.8
Biology,352,George Mason University,Geoffrey,,Birchard,533540,67,average,TEACHER,PROFESSOR,3.4
Management,352,George Mason University,John,,Bird,1740986,2,average,TEACHER,PROFESSOR,3.2
Geology,352,George Mason University,Emily,,Bird,1990837,3,average,TEACHER,PROFESSOR,3.0
Engineering,352,George Mason University,Matthew,,Bird,2323056,3,good,TEACHER,PROFESSOR,4.7
Art,352,George Mason University,Edward,,Bisese,2478556,0,zero,TEACHER,PROFESSOR,N/A
Art,352,George Mason University,ED,,Bisese,1573396,14,average,TEACHER,PROFESSOR,2.8
Chemistry,352,George Mason University,Barney,,Bishop,501605,12,average,TEACHER,PROFESSOR,3.0
Mathematics,352,George Mason University,Patrick,,Bishop,2503904,5,average,TEACHER,PROFESSOR,3.4
Psychology,352,George Mason University,Martin,,Biskup,1941623,11,good,TEACHER,PROFESSOR,4.5
Psychology,352,George Mason University,Doris,,Bitler,1299892,45,good,TEACHER,PROFESSOR,4.3
Geology,352,George Mason University,Moira,,Biwott,1712945,1,good,TEACHER,PROFESSOR,5.0
History,352,George Mason University,Zayna ,,Bizri,1950060,31,good,TEACHER,PROFESSOR,4.5
