tDept,tSid,institution_name,tFname,tMiddlename,tLname,tid,tNumRatings,rating_class,contentType,categoryType,overall_rating
Cultural Studies,352,George Mason University,Kara,,Heitz,1935971,10,good,TEACHER,PROFESSOR,4.8
Not Specified,352,George Mason University,Rachna,,Heizner,1560361,0,zero,TEACHER,PROFESSOR,N/A
Communication,352,George Mason University,David,,Helfert,1600101,0,zero,TEACHER,PROFESSOR,N/A
Health Science,352,George Mason University,Lorens,,Helmchen,1838855,0,zero,TEACHER,PROFESSOR,N/A
Geology,352,George Mason University,Victoria,,Helmke,542394,0,zero,TEACHER,PROFESSOR,N/A
Psychology,352,George Mason University,William,,Helton,2199567,8,average,TEACHER,PROFESSOR,3.4
Information Technology,352,George Mason University,Reza,,Hemayati,1999771,12,good,TEACHER,PROFESSOR,4.6
Languages,352,George Mason University,Kathryn,,Hemmann,1957775,14,good,TEACHER,PROFESSOR,4.5
English,352,George Mason University,Alex,,Henderson,1750128,6,good,TEACHER,PROFESSOR,3.7
Education,352,George Mason University,Kelly,,Henderson,2003917,2,poor,TEACHER,PROFESSOR,2.0
Health  Human Services,352,George Mason University,Thomas,M.,Henderson,2248909,1,poor,TEACHER,PROFESSOR,1.0
Health Science,352,George Mason University,Thomas,,Henderson,1120986,35,poor,TEACHER,PROFESSOR,2.2
Art,352,George Mason University,Jay,,Hendrick,1921784,0,zero,TEACHER,PROFESSOR,N/A
Business,352,George Mason University,Gretchen,,Hendricks,2185330,23,good,TEACHER,PROFESSOR,4.4
Information Technology,352,George Mason University,Kevin,,Henke,1848455,5,good,TEACHER,PROFESSOR,4.5
Biology,352,George Mason University,Emmett,,Henley,775288,15,good,TEACHER,PROFESSOR,4.7
Biology,352,George Mason University,Mike,,Henley,971272,5,good,TEACHER,PROFESSOR,4.9
Biology,352,George Mason University,Lauren,,Henson,1863161,6,good,TEACHER,PROFESSOR,4.9
Criminal Justice,352,George Mason University,Jessica,,Herbert,1876401,10,average,TEACHER,PROFESSOR,3.5
Neuroscience,352,George Mason University,Greta,Ann,Herin,2493644,2,poor,TEACHER,PROFESSOR,1.0
