tDept,tSid,institution_name,tFname,tMiddlename,tLname,tid,tNumRatings,rating_class,contentType,categoryType,overall_rating
Engineering,352,George Mason University,Tae,,Oey,1694496,1,poor,TEACHER,PROFESSOR,1.0
Computer Science,352,George Mason University,Jeff,,Offutt,133729,56,good,TEACHER,PROFESSOR,4.3
English,352,George Mason University,Matt,,Oglesby,1783942,11,average,TEACHER,PROFESSOR,3.5
Psychology,352,George Mason University,Richard,,Ogoe,2445232,2,poor,TEACHER,PROFESSOR,1.5
Not Specified,352,George Mason University,Ellen,,Oh,997890,5,good,TEACHER,PROFESSOR,4.3
Communication,352,George Mason University,Hyunkyung,,OH,1837654,7,poor,TEACHER,PROFESSOR,1.8
Nursing,352,George Mason University,Kyeung,,Oh,1994786,2,poor,TEACHER,PROFESSOR,1.0
Education,352,George Mason University,Michelle,,Ohanian,1901644,1,good,TEACHER,PROFESSOR,4.5
Theater,352,George Mason University,Theresa,,Ohanian,2375556,2,good,TEACHER,PROFESSOR,5.0
Chemistry,352,George Mason University,Chinenye,Henrietta,Okafor,2241807,3,good,TEACHER,PROFESSOR,4.0
Sociology,352,George Mason University,Amaka,,Okechukwu,2303740,4,average,TEACHER,PROFESSOR,3.3
Chemistry,352,George Mason University,Otome,Elisha,Okoromoba,2515268,1,poor,TEACHER,PROFESSOR,1.0
Criminal Justice,352,George Mason University,Ajima,,Olaghere,2248632,2,good,TEACHER,PROFESSOR,3.5
Biology,352,George Mason University,Karoline,,Oldham,1817740,10,average,TEACHER,PROFESSOR,2.8
Government,352,George Mason University,James,,Olds,2531400,0,zero,TEACHER,PROFESSOR,N/A
Information Science,352,George Mason University,Erika M.,,Olimpiew,1262089,3,good,TEACHER,PROFESSOR,3.8
Engineering,352,George Mason University,Valerie,,Olmo,1917371,20,average,TEACHER,PROFESSOR,2.8
Philosophy,352,George Mason University,James,,Olsen,2391532,5,poor,TEACHER,PROFESSOR,2.4
Languages,352,George Mason University,Kristina,,Olson,900536,30,good,TEACHER,PROFESSOR,4.5
Engineering,352,George Mason University,Aroke,,Olugbemi,2492875,2,average,TEACHER,PROFESSOR,3.0
