tDept,tSid,institution_name,tFname,tMiddlename,tLname,tid,tNumRatings,rating_class,contentType,categoryType,overall_rating
Psychology,352,George Mason University,Caroline,,Neely,1885518,28,good,TEACHER,PROFESSOR,4.8
Music,352,George Mason University,Matthew,,Neff,1626253,1,good,TEACHER,PROFESSOR,5.0
Mathematics,352,George Mason University,Sami,,Nefissi,607252,32,average,TEACHER,PROFESSOR,3.0
Management,352,George Mason University,Jamie,,Neidig-Wheaton,2378963,1,average,TEACHER,PROFESSOR,3.0
Cultural Studies,352,George Mason University,Tainui,Colin,Neilson,1957802,7,good,TEACHER,PROFESSOR,4.3
Engineering,352,George Mason University,Jill,,Nelson,926492,22,good,TEACHER,PROFESSOR,3.5
Art History,352,George Mason University,Andrea,,Nelson,1429812,4,poor,TEACHER,PROFESSOR,1.6
Technology,352,George Mason University,Georgia,,Nelson,1751712,1,average,TEACHER,PROFESSOR,2.5
Mathematics,352,George Mason University,Mary,,Nelson,1775965,47,good,TEACHER,PROFESSOR,4.2
Communication,352,George Mason University,Allister,,Nelson,2361083,5,good,TEACHER,PROFESSOR,4.8
Graphic Arts,352,George Mason University,Brant,D,Nesbitt,2346970,2,poor,TEACHER,PROFESSOR,2.0
Education,352,George Mason University,Kristine,,Neuber,2021329,0,zero,TEACHER,PROFESSOR,N/A
Business,352,George Mason University,Frank,,Neville,2304707,7,good,TEACHER,PROFESSOR,5.0
Chemistry,352,George Mason University,Aaron,,Newborn,2237037,30,poor,TEACHER,PROFESSOR,1.8
English,352,George Mason University,Thomas,,Newburg,1252376,8,average,TEACHER,PROFESSOR,2.9
English,352,George Mason University,Abigail,,Newhouse,2500276,0,zero,TEACHER,PROFESSOR,N/A
Economics,352,George Mason University,Patrick ,,Newman,2028237,3,good,TEACHER,PROFESSOR,4.8
Criminal Justice,352,George Mason University,Lisa,,Newmark,1075447,81,good,TEACHER,PROFESSOR,3.5
Engineering,352,George Mason University,Saba,,Neyshabouri,2052280,9,average,TEACHER,PROFESSOR,2.9
Information Technology,352,George Mason University,Brian,,Ngac,2387293,9,good,TEACHER,PROFESSOR,5.0
