tDept,tSid,institution_name,tFname,tMiddlename,tLname,tid,tNumRatings,rating_class,contentType,categoryType,overall_rating
Finance,352,George Mason University,Diana,,Yacob,2317507,4,good,TEACHER,PROFESSOR,5.0
English,352,George Mason University,Alok,,Yadav,337340,41,average,TEACHER,PROFESSOR,2.9
Global Studies,352,George Mason University,Tolga,,Yalur,2296199,18,good,TEACHER,PROFESSOR,3.7
Education,352,George Mason University,Aoi,,Yamanaka,2174908,13,good,TEACHER,PROFESSOR,4.5
Geography,352,George Mason University,Wenli,,Yang,1042471,2,good,TEACHER,PROFESSOR,3.5
Geography,352,George Mason University,Chawei Phil,,Yang,1151862,2,average,TEACHER,PROFESSOR,2.5
Education,352,George Mason University,Fan,,Yang,1262242,2,good,TEACHER,PROFESSOR,3.5
Economics,352,George Mason University,HE,,Yang,1417955,3,average,TEACHER,PROFESSOR,2.8
Geography,352,George Mason University,Ruixin,,Yang,1461568,2,poor,TEACHER,PROFESSOR,1.2
Mathematics,352,George Mason University,Chi,,Yang,1582139,2,average,TEACHER,PROFESSOR,3.3
Chinese,352,George Mason University,Ning,,Yang,1821381,1,good,TEACHER,PROFESSOR,3.5
Chinese,352,George Mason University,Maria,M,Yang,1837353,2,good,TEACHER,PROFESSOR,4.5
Business,352,George Mason University,Guang,,Yang,2118111,2,average,TEACHER,PROFESSOR,2.5
Information Systems amp Operations Management,352,George Mason University,Jingyuan,,Yang,2391976,5,poor,TEACHER,PROFESSOR,2.4
Criminal Justice,352,George Mason University,Sue-Ming,,Yang,2013363,7,average,TEACHER,PROFESSOR,3.3
Business,352,George Mason University,Andy,,Yao,2411891,21,average,TEACHER,PROFESSOR,3.2
Accounting,352,George Mason University,Jennifer,,Yarde,2402524,12,average,TEACHER,PROFESSOR,3.3
Engineering,352,George Mason University,Yariv,,Yariv Ephraim,1287179,3,poor,TEACHER,PROFESSOR,1.2
Management,352,George Mason University,Masoud,,Yasai,1273025,45,average,TEACHER,PROFESSOR,2.7
Global Studies,352,George Mason University,Tauheeda,,Yasin,2118710,5,poor,TEACHER,PROFESSOR,2.1
