tDept,tSid,institution_name,tFname,tMiddlename,tLname,tid,tNumRatings,rating_class,contentType,categoryType,overall_rating
Philosophy,352,George Mason University,Roger,,Paden,834792,19,average,TEACHER,PROFESSOR,3.0
Religion,352,George Mason University,Douglas,,Padgett,971194,24,good,TEACHER,PROFESSOR,3.7
Economics,352,George Mason University,Kail,,Padgitt,1003321,10,good,TEACHER,PROFESSOR,4.2
Information Technology,352,George Mason University,Jaswanth,,Padigala,2093148,18,average,TEACHER,PROFESSOR,3.0
English,352,George Mason University,Alicia,K.,Padovich,1869388,7,good,TEACHER,PROFESSOR,4.7
Health & Human Services,352,George Mason University,Corrie,,Paeglow,1723392,43,good,TEACHER,PROFESSOR,3.5
English,352,George Mason University,Bonny,,Paez,1514501,5,good,TEACHER,PROFESSOR,4.2
Theater,352,George Mason University,David,,Paglin,164082,7,good,TEACHER,PROFESSOR,4.6
Psychology,352,George Mason University,Lauren,,Paige,1994116,11,average,TEACHER,PROFESSOR,3.0
Chemistry,352,George Mason University,Mikell,,Paige,1893513,34,average,TEACHER,PROFESSOR,3.2
Health Science,352,George Mason University,Julia,,Painter,2375903,7,poor,TEACHER,PROFESSOR,2.3
Languages,352,George Mason University,Calyn,,Painter,2530408,3,good,TEACHER,PROFESSOR,4.7
Business,352,George Mason University,Wellington,,Pak,1012525,32,good,TEACHER,PROFESSOR,3.7
History,352,George Mason University,Jacqueline,,Pak,1970083,8,poor,TEACHER,PROFESSOR,1.9
Psychology,352,George Mason University,Kristina,,Pak,2492032,2,poor,TEACHER,PROFESSOR,1.0
Chemistry,352,George Mason University,Angela,,Palacios,2095865,6,good,TEACHER,PROFESSOR,5.0
Music,352,George Mason University,Luis,,Palacios,1962520,10,good,TEACHER,PROFESSOR,4.3
Mathematics,352,George Mason University,Christopher,J.,Paldino,1978726,14,good,TEACHER,PROFESSOR,4.1
Communication,352,George Mason University,Marianne,,Palmisano,1689716,9,good,TEACHER,PROFESSOR,3.6
Communication,352,George Mason University,Araceli ,,Palomino,2075092,1,good,TEACHER,PROFESSOR,5.0
