tDept,tSid,institution_name,tFname,tMiddlename,tLname,tid,tNumRatings,rating_class,contentType,categoryType,overall_rating
Psychology,352,George Mason University,Reeshad,,Dalal,1050298,11,good,TEACHER,PROFESSOR,4.4
Information Technology,352,George Mason University,Prerak ,Samir ,Dalal ,2082351,3,good,TEACHER,PROFESSOR,4.3
Communication,352,George Mason University,Diane,,Dalbec,2087165,5,good,TEACHER,PROFESSOR,4.4
Sociology,352,George Mason University,John,,Dale,786644,25,good,TEACHER,PROFESSOR,4.3
Art,352,George Mason University,Simone,,Daleo,1543541,2,average,TEACHER,PROFESSOR,3.0
Communication,352,George Mason University,Hyle,,Daley,2243373,3,good,TEACHER,PROFESSOR,5.0
Biology,352,George Mason University,Karen,,Dalfrey,985846,6,good,TEACHER,PROFESSOR,5.0
English,352,George Mason University,Francesca,,Dalleo,1695881,3,average,TEACHER,PROFESSOR,3.3
Human Development,352,George Mason University,Laura,,Dallman,2536638,1,good,TEACHER,PROFESSOR,4.0
Integrative Studies,352,George Mason University,Kelly,,Dalton,2207731,4,good,TEACHER,PROFESSOR,4.8
Art,352,George Mason University,Nancy,,Daly,2190021,5,good,TEACHER,PROFESSOR,5.0
Engineering,352,George Mason University,Mark,,Danehy,2148145,0,zero,TEACHER,PROFESSOR,N/A
Psychology,352,George Mason University,Jasmine,,Dang,2528570,1,average,TEACHER,PROFESSOR,3.0
Environmental Science,352,George Mason University,Roshani,,Dangi,1811550,1,good,TEACHER,PROFESSOR,4.5
Communication,352,George Mason University,Kimberly,,Daniels,2396250,0,zero,TEACHER,PROFESSOR,N/A
Hospitality,352,George Mason University,Margret,,Daniels,777235,20,good,TEACHER,PROFESSOR,4.0
Computer Science,352,George Mason University,Cing,,Dao-Kan,2015622,1,good,TEACHER,PROFESSOR,4.5
Communication,352,George Mason University,Ayodeji,,Dapherede,2176171,5,good,TEACHER,PROFESSOR,3.8
Criminal Justice,352,George Mason University,Lisa,,Dario,1595482,5,good,TEACHER,PROFESSOR,3.5
Information Technology,352,George Mason University,Bernardo,,Darquea,2110347,17,good,TEACHER,PROFESSOR,4.4
