tDept,tSid,institution_name,tFname,tMiddlename,tLname,tid,tNumRatings,rating_class,contentType,categoryType,overall_rating
Hospitality,352,George Mason University,Kevin,,Correll,991682,26,good,TEACHER,PROFESSOR,4.2
Health Science,352,George Mason University,Carol,,Corso,1529931,42,good,TEACHER,PROFESSOR,4.6
Health Science,352,George Mason University,Nelson Neves,,Cortes,1578353,2,good,TEACHER,PROFESSOR,4.5
Psychology,352,George Mason University,Jose,,Cortina,979831,14,good,TEACHER,PROFESSOR,4.3
Health  Human Services,352,George Mason University,Robert,,Cosby,1955146,2,poor,TEACHER,PROFESSOR,1.5
Accounting,352,George Mason University,Megan,,Cosgrove,1917683,10,good,TEACHER,PROFESSOR,4.4
Biology,352,George Mason University,Marcia,,Coss,385057,20,good,TEACHER,PROFESSOR,3.7
Engineering,352,George Mason University,Paulo,,Costa,1811721,4,good,TEACHER,PROFESSOR,4.9
Music,352,George Mason University,Andrew,Meredith,Cote,1960567,2,good,TEACHER,PROFESSOR,3.5
Chemistry,352,George Mason University,Robin,,Couch,2500962,1,poor,TEACHER,PROFESSOR,1.0
Education,352,George Mason University,Dana,,Couch-Davis,1617252,1,good,TEACHER,PROFESSOR,5.0
Social Work,352,George Mason University,Judith,,Cousins,941311,0,zero,TEACHER,PROFESSOR,N/A
History,352,George Mason University,Benjamin,,Cowan,1788067,14,good,TEACHER,PROFESSOR,4.4
Languages,352,George Mason University,Thomas,,Coward,2305144,6,good,TEACHER,PROFESSOR,4.0
Classics,352,George Mason University,Thomas,,Coward,2332534,0,zero,TEACHER,PROFESSOR,N/A
Communication,352,George Mason University,Mellissa,,Cowart,1230326,0,zero,TEACHER,PROFESSOR,N/A
Economics,352,George Mason University,Tyler,,Cowen,35187,16,good,TEACHER,PROFESSOR,3.5
Biology,352,George Mason University,Dan,,Cox,991555,12,good,TEACHER,PROFESSOR,3.9
English,352,George Mason University,Traci,,Cox,1641770,15,good,TEACHER,PROFESSOR,4.6
Communication,352,George Mason University,William Mickey,,Cox,1767417,14,good,TEACHER,PROFESSOR,4.8
