tDept,tSid,institution_name,tFname,tMiddlename,tLname,tid,tNumRatings,rating_class,contentType,categoryType,overall_rating
Health & Human Services,352,George Mason University,Kim,,Winnard,2415602,6,good,TEACHER,PROFESSOR,3.7
Computer Science,352,George Mason University,Alfred,,Winner,801876,0,zero,TEACHER,PROFESSOR,N/A
Psychology,352,George Mason University,Adam,,Winsler,1545516,8,average,TEACHER,PROFESSOR,3.2
Psychology,352,George Mason University,Carolyn,j,Winslow,2162694,0,zero,TEACHER,PROFESSOR,N/A
English,352,George Mason University,Mary,,Winsor,2418193,6,good,TEACHER,PROFESSOR,5.0
Information Technology,352,George Mason University,Thomas,G,Winston,1837294,66,good,TEACHER,PROFESSOR,4.6
English,352,George Mason University,Aaron,,Winter,1519088,13,good,TEACHER,PROFESSOR,3.8
Not Specified,352,George Mason University,Patrice,,Winter,1641736,39,average,TEACHER,PROFESSOR,3.0
Sociology,352,George Mason University,James,,Witte,2495905,1,good,TEACHER,PROFESSOR,5.0
Management,352,George Mason University,Sarah,Marie,Wittman,2386112,13,average,TEACHER,PROFESSOR,3.3
Economics,352,George Mason University,Joshua,,Wojnilower,1904532,17,good,TEACHER,PROFESSOR,3.6
Health Science,352,George Mason University,Janusz,,Wojtusiak,1121306,7,good,TEACHER,PROFESSOR,3.8
Biology,352,George Mason University,Jessye,,Wojtusik,1729173,10,good,TEACHER,PROFESSOR,4.8
Management,352,George Mason University,Paige,,Wolf,531295,115,average,TEACHER,PROFESSOR,3.3
Social Work,352,George Mason University,,,Wolf-Branigan,774769,10,good,TEACHER,PROFESSOR,4.7
Management,352,George Mason University,James,,Wolfe,824471,20,good,TEACHER,PROFESSOR,4.3
History,352,George Mason University,Nicholas,,Wolfe,1199350,7,good,TEACHER,PROFESSOR,4.5
English,352,George Mason University,Kelly A.,,Wolfe,1655508,11,average,TEACHER,PROFESSOR,3.2
Mathematics,352,George Mason University,Anna-Rose,,Wolff,1962355,3,good,TEACHER,PROFESSOR,4.0
Economics,352,George Mason University,Kaitlyn,,Woltz,2415574,4,good,TEACHER,PROFESSOR,4.0
