tDept,tSid,institution_name,tFname,tMiddlename,tLname,tid,tNumRatings,rating_class,contentType,categoryType,overall_rating
English,352,George Mason University,Caitlin,,Dungan,2050383,36,good,TEACHER,PROFESSOR,5.0
Economics,352,George Mason University,Jason,,Dunick,1807931,29,good,TEACHER,PROFESSOR,3.6
Psychology,352,George Mason University,Jessica,,Dunn,1786129,2,good,TEACHER,PROFESSOR,5.0
Humanities,352,George Mason University,Kelly,,Dunne,337649,18,good,TEACHER,PROFESSOR,4.3
Criminal Justice,352,George Mason University,William,,Dupray,1671658,6,good,TEACHER,PROFESSOR,4.2
English,352,George Mason University,Kelsey,,DuQuaine,2074427,4,average,TEACHER,PROFESSOR,3.0
Biology,352,George Mason University,Chris,,Durac,2129058,2,good,TEACHER,PROFESSOR,5.0
Engineering,352,George Mason University,Liza,,Durant,1671472,7,good,TEACHER,PROFESSOR,4.7
Criminal Justice,352,George Mason University,Paul,R,Durette,2082517,0,zero,TEACHER,PROFESSOR,N/A
Not Specified,352,George Mason University,Basak,,Durgun,1653900,16,good,TEACHER,PROFESSOR,3.5
Health Science,352,George Mason University,Susan,,Durham,789374,4,average,TEACHER,PROFESSOR,2.6
Management,352,George Mason University,Shaunda,,Durham,2109634,3,average,TEACHER,PROFESSOR,3.3
Computer Science,352,George Mason University,Zoran,,Duric,349830,36,average,TEACHER,PROFESSOR,2.9
Criminal Justice,352,George Mason University,James,,Durie,1199013,6,good,TEACHER,PROFESSOR,3.8
Accounting,352,George Mason University,Tyler,,Durkee,2045268,0,zero,TEACHER,PROFESSOR,N/A
Statistics,352,George Mason University,Mohit,,Dusija,1979242,2,good,TEACHER,PROFESSOR,4.5
Business,352,George Mason University,Abhijit,,Dutt,2043534,19,good,TEACHER,PROFESSOR,3.9
Information Technology,352,George Mason University,Abhijit,,Dutt,2091542,1,average,TEACHER,PROFESSOR,3.0
Management,352,George Mason University,Amitava,,Dutta,463000,28,good,TEACHER,PROFESSOR,3.7
English,352,George Mason University,Nilanjana,,Dutta,992115,34,good,TEACHER,PROFESSOR,4.1
