tDept,tSid,institution_name,tFname,tMiddlename,tLname,tid,tNumRatings,rating_class,contentType,categoryType,overall_rating
Biology,352,George Mason University,Jay,,Shaffer,951533,0,zero,TEACHER,PROFESSOR,N/A
Nursing,352,George Mason University,Carol,,Shaffer,1498987,1,good,TEACHER,PROFESSOR,5.0
Not Specified,352,George Mason University,Frank,,Shafroth,953383,7,average,TEACHER,PROFESSOR,2.8
Biology,352,George Mason University,Kalim,,Shah,906051,3,good,TEACHER,PROFESSOR,4.2
Information Technology,352,George Mason University,Niyati,,Shah,2321771,1,poor,TEACHER,PROFESSOR,2.0
Information Technology,352,George Mason University,Rupen,,Shah,1870568,15,good,TEACHER,PROFESSOR,4.3
Computer Science,352,George Mason University,Joseph,,Shaheen,2377399,1,good,TEACHER,PROFESSOR,5.0
Biology,352,George Mason University,Farheen,,Shaikh,1518615,2,good,TEACHER,PROFESSOR,4.5
Education,352,George Mason University,Beverly ,,Shaklee,2003892,0,zero,TEACHER,PROFESSOR,N/A
International Studies,352,George Mason University,Lena,,Shalaby,2277718,1,good,TEACHER,PROFESSOR,4.0
Science,352,George Mason University,Brittany,,Shamenek,2259740,1,good,TEACHER,PROFESSOR,5.0
Marketing,352,George Mason University,Matthew ,Brady,Shaner,2029705,15,good,TEACHER,PROFESSOR,4.7
Mathematics,352,George Mason University,Jay,,Shapiro,20287,41,average,TEACHER,PROFESSOR,3.0
Business,352,George Mason University,Bernard,,Sharfman,1628221,3,good,TEACHER,PROFESSOR,5.0
Information Science,352,George Mason University,Mohammed,,Sharif,1047832,6,good,TEACHER,PROFESSOR,4.3
Biology,352,George Mason University,Sandeep,,Sharma,842899,11,good,TEACHER,PROFESSOR,3.8
Biology,352,George Mason University,Anima,,Sharma,1639874,1,good,TEACHER,PROFESSOR,4.0
Global Studies,352,George Mason University,Natasha,,Sharma,2374415,4,good,TEACHER,PROFESSOR,5.0
Health amp Human Services,352,George Mason University,Pellavi,,Sharma,2496607,1,good,TEACHER,PROFESSOR,5.0
Communication,352,George Mason University,Jennifer,,Shaskan,2422878,7,average,TEACHER,PROFESSOR,3.3
