tDept,tSid,institution_name,tFname,tMiddlename,tLname,tid,tNumRatings,rating_class,contentType,categoryType,overall_rating
Communication,352,George Mason University,Yue,,HU,1244319,7,good,TEACHER,PROFESSOR,4.3
Finance,352,George Mason University,Bo,,Hu,2525239,1,average,TEACHER,PROFESSOR,3.0
Computer Science,352,George Mason University,Yih (ian),,Huang,861366,12,good,TEACHER,PROFESSOR,4.7
Mathematics,352,George Mason University,Chien-Chung,,Huang,2215121,8,good,TEACHER,PROFESSOR,5.0
Electrical & Comp. Engineering,352,George Mason University,Liling,,Huang,2298842,10,good,TEACHER,PROFESSOR,4.4
Accounting,352,George Mason University,Suzanne,,Hubbard,1308152,1,good,TEACHER,PROFESSOR,5.0
Communication,352,George Mason University,Jessica,Nicole,Hubbard,2502831,1,good,TEACHER,PROFESSOR,5.0
Communication,352,George Mason University,Henri,,Huber,2444217,8,good,TEACHER,PROFESSOR,3.9
Criminal Justice,352,George Mason University,David,,Huchler,2219666,9,good,TEACHER,PROFESSOR,4.6
History,352,George Mason University,Nicole,,Hudgins,1072442,20,average,TEACHER,PROFESSOR,3.3
Political Science,352,George Mason University,Gabriel,,Hudson,1199710,38,good,TEACHER,PROFESSOR,4.9
Music,352,George Mason University,Jeffrey,,Hudson,2102906,2,good,TEACHER,PROFESSOR,5.0
Biology,352,George Mason University,Alexandra,,Hudson,2369179,1,good,TEACHER,PROFESSOR,5.0
Computer Science,352,George Mason University,Seth,,Hudson,1562699,15,good,TEACHER,PROFESSOR,3.9
women's Studies,352,George Mason University,Elizabeth,,Huergo,1816742,5,poor,TEACHER,PROFESSOR,1.5
History,352,George Mason University,Sheri,,Huerta,2316005,15,good,TEACHER,PROFESSOR,4.0
Management,352,George Mason University,Allen,,Hughes,81091,68,average,TEACHER,PROFESSOR,2.9
English,352,George Mason University,Benedict,,Hughes,1755444,2,good,TEACHER,PROFESSOR,4.0
Anthropology,352,George Mason University,Savanna,,Hughes,1786224,1,good,TEACHER,PROFESSOR,5.0
Information Technology,352,George Mason University,Joy,,Hughes,2140775,8,average,TEACHER,PROFESSOR,3.0
