tDept,tSid,institution_name,tFname,tMiddlename,tLname,tid,tNumRatings,rating_class,contentType,categoryType,overall_rating
Languages,352,George Mason University,Janine,,Ricouart,265277,37,average,TEACHER,PROFESSOR,2.8
Communication,352,George Mason University,Heather,,Riddell,2257060,1,poor,TEACHER,PROFESSOR,2.0
Engineering,352,George Mason University,Marc,L.,Rigas,1795665,2,good,TEACHER,PROFESSOR,4.8
English,352,George Mason University,Suzanne,,Rigdon,2094007,7,good,TEACHER,PROFESSOR,3.6
Biology,352,George Mason University,Andrew,,Riggleman,1869160,3,good,TEACHER,PROFESSOR,5.0
women's Studies,352,George Mason University,Christina,,Riley,2054369,15,good,TEACHER,PROFESSOR,4.0
Education,352,George Mason University,Carmen,,Rioux Bailey,574448,13,good,TEACHER,PROFESSOR,4.9
Nutrition,352,George Mason University,Camella,,Rising,1809315,6,good,TEACHER,PROFESSOR,5.0
Psychology,352,George Mason University,John,,Riskind,244404,57,average,TEACHER,PROFESSOR,2.9
Biology,352,George Mason University,Kenneth,,Risner,2368919,4,good,TEACHER,PROFESSOR,5.0
Health Science,352,George Mason University,Andrew,Shepherd,Ritcheson,2170438,4,average,TEACHER,PROFESSOR,2.8
Social Work,352,George Mason University,Dennis,,Ritchie,1071913,11,good,TEACHER,PROFESSOR,3.7
Music,352,George Mason University,Kenny,,Rittenhouse,2370533,0,zero,TEACHER,PROFESSOR,N/A
History,352,George Mason University,Jennifer,,Ritterhouse,1672093,5,good,TEACHER,PROFESSOR,4.6
Criminal Justice,352,George Mason University,Onix,,Rivera,2198409,17,good,TEACHER,PROFESSOR,3.8
Religion,352,George Mason University,Young,Chan,Ro,2233465,5,average,TEACHER,PROFESSOR,3.4
Theology,352,George Mason University,Young Chan,,Ro,286516,47,average,TEACHER,PROFESSOR,3.3
Political Science,352,George Mason University,Suzanne,,Robbins,493194,49,average,TEACHER,PROFESSOR,3.2
Nursing,352,George Mason University,Francine,,Robertos,950154,4,average,TEACHER,PROFESSOR,2.5
Economics,352,George Mason University,Russell,,Roberts,357613,20,good,TEACHER,PROFESSOR,3.8
