tDept,tSid,institution_name,tFname,tMiddlename,tLname,tid,tNumRatings,rating_class,contentType,categoryType,overall_rating
Communication,352,George Mason University,Nick,,Cox,1940114,2,good,TEACHER,PROFESSOR,5.0
Physics,352,George Mason University,Taylor,Bradley,Cox,2385583,0,zero,TEACHER,PROFESSOR,N/A
Economics,352,George Mason University,Christopher,,Coyne,374073,16,good,TEACHER,PROFESSOR,4.9
Chemistry,352,George Mason University,Robert,,Cozzens,359108,50,average,TEACHER,PROFESSOR,2.8
Business,352,George Mason University,Gregory,,Crabtree,1670333,46,good,TEACHER,PROFESSOR,4.4
Communication,352,George Mason University,Richard T.,,Craig,1322714,26,good,TEACHER,PROFESSOR,4.6
Psychology,352,George Mason University,Lydia,,Craig,2205057,3,good,TEACHER,PROFESSOR,5.0
Economics,352,George Mason University,Alexander,,Craig,2423499,1,average,TEACHER,PROFESSOR,3.0
Business,352,George Mason University,Catherine,,Cramton,1807924,4,good,TEACHER,PROFESSOR,4.5
English,352,George Mason University,Ricky,,Crano,1658797,1,good,TEACHER,PROFESSOR,4.5
Science,352,George Mason University,Susie,,Crate,802955,5,good,TEACHER,PROFESSOR,4.2
Social Work,352,George Mason University,Sarah,,Craun,1956465,2,good,TEACHER,PROFESSOR,5.0
Psychology,352,George Mason University,Kristen,,Craven,2010518,12,good,TEACHER,PROFESSOR,4.7
Fine Arts,352,George Mason University,Paula,,Crawford,1111490,6,average,TEACHER,PROFESSOR,3.1
Conflict Analysis,352,George Mason University,Pamela,,Creed,2271612,2,good,TEACHER,PROFESSOR,5.0
Biology,352,George Mason University,Lorelei D.,,Crerar,1010527,74,good,TEACHER,PROFESSOR,3.8
Nursing,352,George Mason University,Mary,K,Cresci,1863004,3,poor,TEACHER,PROFESSOR,1.3
Biology,352,George Mason University,H. B.,,Cressey,285218,79,average,TEACHER,PROFESSOR,3.0
Physics,352,George Mason University,J.R.,,Cressman,1048975,53,good,TEACHER,PROFESSOR,4.3
History,352,George Mason University,Spencer,,Crew,1228010,12,good,TEACHER,PROFESSOR,4.7
