tDept,tSid,institution_name,tFname,tMiddlename,tLname,tid,tNumRatings,rating_class,contentType,categoryType,overall_rating
Geography,352,George Mason University,Dieter,,Pfoser,2093605,5,average,TEACHER,PROFESSOR,3.4
Communication,352,George Mason University,Backlund,,Philip,648200,1,average,TEACHER,PROFESSOR,3.0
Finance,352,George Mason University,Alexander,,Philipov,1271419,13,good,TEACHER,PROFESSOR,3.7
Political Science,352,George Mason University,David,,Phillips,338837,0,zero,TEACHER,PROFESSOR,N/A
Government,352,George Mason University,Ron,,Phillips,1518057,3,average,TEACHER,PROFESSOR,3.0
Cultural Studies,352,George Mason University,Amanda,K,Phillips,1842749,2,good,TEACHER,PROFESSOR,4.8
Marketing,352,George Mason University,Frank,,Philpot,210572,96,poor,TEACHER,PROFESSOR,2.3
Engineering,352,George Mason University,Austin,,Phoenix,2492781,1,good,TEACHER,PROFESSOR,5.0
English,352,George Mason University,Lisa,,Photos,1354126,40,average,TEACHER,PROFESSOR,2.5
Information Technology,352,George Mason University,Lam,,Phung,996846,18,good,TEACHER,PROFESSOR,4.3
Economics,352,George Mason University,Ennio,Emanuele,Piano,2345233,7,good,TEACHER,PROFESSOR,4.4
Art,352,George Mason University,Paul,,Piccione,1986645,11,good,TEACHER,PROFESSOR,4.4
Physics,352,George Mason University,Keo,,Pich,2193410,7,good,TEACHER,PROFESSOR,4.7
Economics,352,George Mason University,Jered,,Piepenbrink,1835066,1,good,TEACHER,PROFESSOR,4.5
History,352,George Mason University,Jennifer,,Pierce,1042378,14,poor,TEACHER,PROFESSOR,2.1
Business,352,George Mason University,Robert,,Pierce,2104012,25,good,TEACHER,PROFESSOR,4.4
Religion,352,George Mason University,Dominic,,Pigneri,2447163,5,good,TEACHER,PROFESSOR,5.0
Psychology,352,George Mason University,Adi,,Pilafova,1204939,8,good,TEACHER,PROFESSOR,4.4
Finance,352,George Mason University,Steve,,Pilloff,841935,395,average,TEACHER,PROFESSOR,3.3
Geography,352,George Mason University,Jean,,Pilon,307023,61,poor,TEACHER,PROFESSOR,2.5
