tDept,tSid,institution_name,tFname,tMiddlename,tLname,tid,tNumRatings,rating_class,contentType,categoryType,overall_rating
English,352,George Mason University,Duncan,,Warner,1062640,9,poor,TEACHER,PROFESSOR,2.3
Health & Human Services,352,George Mason University,Megan,,Warner,2440730,1,good,TEACHER,PROFESSOR,5.0
Social Work,352,George Mason University,Janine,,Warnke,1927590,0,zero,TEACHER,PROFESSOR,N/A
Communication,352,George Mason University,Jason,,Warren,914700,50,good,TEACHER,PROFESSOR,4.2
Cyber Security Engineering,352,George Mason University,Kathleen,,Warren,2413678,3,average,TEACHER,PROFESSOR,3.0
Cyber Security Engineering,352,George Mason University,Katy,,Warren,2431696,1,good,TEACHER,PROFESSOR,4.0
Psychology,352,George Mason University,Beth,,Warsof,1506426,3,good,TEACHER,PROFESSOR,4.8
Global Studies,352,George Mason University,Julia,,Wartenberg,1322655,0,zero,TEACHER,PROFESSOR,N/A
English,352,George Mason University,Elizabeth,,Washington,1321202,12,average,TEACHER,PROFESSOR,2.5
Government,352,George Mason University,C. Patrick,,Washington,1781855,13,poor,TEACHER,PROFESSOR,2.1
Psychology,352,George Mason University,Naomi,,Watanabe,2037610,9,good,TEACHER,PROFESSOR,3.6
Geography,352,George Mason University,Nigel,,Waters,1117643,11,good,TEACHER,PROFESSOR,4.4
Education,352,George Mason University,Kurt,,Waters,1592589,1,good,TEACHER,PROFESSOR,4.0
Fine Arts,352,George Mason University,Sean,,Watkins,921231,11,good,TEACHER,PROFESSOR,3.7
Communication,352,George Mason University,Tyler,Andrew,Watkins,2230417,2,good,TEACHER,PROFESSOR,3.5
Communication,352,George Mason University,Jane,,Watrel,1352786,1,good,TEACHER,PROFESSOR,5.0
Fine Arts,352,George Mason University,Genna,,Watson,866951,10,good,TEACHER,PROFESSOR,3.9
Fine Arts,352,George Mason University,Virginia,,Watson,914234,2,average,TEACHER,PROFESSOR,3.0
Anthropology,352,George Mason University,Matt,,Watson,1518240,3,average,TEACHER,PROFESSOR,3.2
Information Technology,352,George Mason University,Jeffrey,,Watson,1708361,2,good,TEACHER,PROFESSOR,5.0
