tDept,tSid,institution_name,tFname,tMiddlename,tLname,tid,tNumRatings,rating_class,contentType,categoryType,overall_rating
Art History,352,George Mason University,Egon,,Verheyen,415413,11,average,TEACHER,PROFESSOR,2.8
Biology,352,George Mason University,Anne,B,Verhoeven,2399256,2,good,TEACHER,PROFESSOR,4.0
Biology,352,George Mason University,Ann,,Verhoeven,1532054,45,average,TEACHER,PROFESSOR,3.0
Psychology,352,George Mason University,Lauren,,Vernamonti,1776879,1,good,TEACHER,PROFESSOR,5.0
Education,352,George Mason University,Colleen,,Vesely,2354277,1,average,TEACHER,PROFESSOR,3.0
History,352,George Mason University,Din,De,Veyra,2500984,1,good,TEACHER,PROFESSOR,5.0
Communication,352,George Mason University,Beatriz,,Vianna,1899604,4,average,TEACHER,PROFESSOR,3.2
Business,352,George Mason University,Elaine,,Viccora,2301479,29,good,TEACHER,PROFESSOR,3.6
Communication,352,George Mason University,Elizabeth,,Vick,1656165,9,good,TEACHER,PROFESSOR,4.9
Government,352,George Mason University,Jennifer,,Victor,1936798,70,good,TEACHER,PROFESSOR,3.8
Statistics,352,George Mason University,Anand,,Vidyashankar,1365718,5,good,TEACHER,PROFESSOR,4.3
English,352,George Mason University,Emily,,Viggiano,1158301,8,good,TEACHER,PROFESSOR,4.8
Criminal Justice,352,George Mason University,Jill,,Viglione,1959119,0,zero,TEACHER,PROFESSOR,N/A
Languages,352,George Mason University,Alexia,,Vikis,575929,51,good,TEACHER,PROFESSOR,4.5
Integrative Studies,352,George Mason University,Cheri,,Villa,2298012,0,zero,TEACHER,PROFESSOR,N/A
Communication,352,George Mason University,Melinda,,Villagran,1024516,18,average,TEACHER,PROFESSOR,3.3
Social Work,352,George Mason University,Carolina,,Villamil,1823168,0,zero,TEACHER,PROFESSOR,N/A
Integrative Studies,352,George Mason University,Hollie,,Villanueva,2523499,0,zero,TEACHER,PROFESSOR,N/A
Environmental Science,352,George Mason University,Joseph,,Villari,1862753,18,good,TEACHER,PROFESSOR,5.0
Nutrition,352,George Mason University,Alejandro,,Villarroel,2261253,5,good,TEACHER,PROFESSOR,4.0
