tDept,tSid,institution_name,tFname,tMiddlename,tLname,tid,tNumRatings,rating_class,contentType,categoryType,overall_rating
International Studies,352,George Mason University,Robert,,Gehl,1145983,9,good,TEACHER,PROFESSOR,3.7
Communication,352,George Mason University,Kristina,,Gehrki,583625,0,zero,TEACHER,PROFESSOR,N/A
Education,352,George Mason University,Erin,K,Geiger,2315006,4,good,TEACHER,PROFESSOR,4.8
Finance,352,George Mason University,Mark,,Geist,1164523,1,good,TEACHER,PROFESSOR,5.0
Computer Science,352,George Mason University,Fred,,Geldon,337149,35,good,TEACHER,PROFESSOR,4.7
Management,352,George Mason University,David S.,,Geller,1393748,2,good,TEACHER,PROFESSOR,4.8
Astronomy,352,George Mason University,Harold,,Geller,209773,132,average,TEACHER,PROFESSOR,3.0
Chemistry,352,George Mason University,Brandon,T,Genest,1833231,11,average,TEACHER,PROFESSOR,3.2
History,352,George Mason University,C.,Joseph,Genetin-Pilawa,2225863,1,good,TEACHER,PROFESSOR,4.0
Human Development,352,George Mason University,Jamie,,Gentille,2218001,2,good,TEACHER,PROFESSOR,5.0
Computer Science,352,George Mason University,James,,Gentle,1932590,5,poor,TEACHER,PROFESSOR,2.1
Biology,352,George Mason University,Katherine,,Gentry,1785654,3,average,TEACHER,PROFESSOR,2.8
Geology,352,George Mason University,Christian,,George,1889388,20,poor,TEACHER,PROFESSOR,2.1
Social Work,352,George Mason University,Tammy,,George,1962251,15,good,TEACHER,PROFESSOR,4.9
Education,352,George Mason University,Cindy,,George,777936,6,poor,TEACHER,PROFESSOR,1.8
Mathematics,352,George Mason University,Matthew,,Gerhart,1464248,11,average,TEACHER,PROFESSOR,3.4
History,352,George Mason University,David,,Gerleman,383024,53,good,TEACHER,PROFESSOR,3.6
Theater,352,George Mason University,Ed,,Gero,560600,18,good,TEACHER,PROFESSOR,4.1
Engineering,352,George Mason University,Janos,,Gertler,367945,34,good,TEACHER,PROFESSOR,3.7
Languages,352,George Mason University,Tatevik,,Gevorgyan,1794006,11,good,TEACHER,PROFESSOR,4.5
