tDept,tSid,institution_name,tFname,tMiddlename,tLname,tid,tNumRatings,rating_class,contentType,categoryType,overall_rating
Mathematics,352,George Mason University,Claudio,E,Torres,1796688,3,poor,TEACHER,PROFESSOR,2.0
Art,352,George Mason University,Victor,,Torres,2110677,5,average,TEACHER,PROFESSOR,2.5
Psychology,352,George Mason University,Elisa,,Torres,2426142,4,good,TEACHER,PROFESSOR,3.5
Fine Arts,352,George Mason University,Luis,,Torres-Ortiz,1689157,6,good,TEACHER,PROFESSOR,3.8
Fine Arts,352,George Mason University,Christopher,,Totten,1772691,11,average,TEACHER,PROFESSOR,2.5
Nursing,352,George Mason University,Cheryl,,Toulouse,966303,9,average,TEACHER,PROFESSOR,2.6
Information Science,352,George Mason University,Scott,,Tran,823380,5,average,TEACHER,PROFESSOR,2.5
Information Science,352,George Mason University,Hanh,,Tran,1477310,1,good,TEACHER,PROFESSOR,5.0
Mathematics,352,George Mason University,Kathryn,,Trapp,2192427,4,good,TEACHER,PROFESSOR,4.3
History,352,George Mason University,Toni-Michelle,,Travis,50180,41,average,TEACHER,PROFESSOR,3.0
Anthropology,352,George Mason University,,,Trecher,988941,5,average,TEACHER,PROFESSOR,2.8
Science,352,George Mason University,James,,Trefil,359431,48,good,TEACHER,PROFESSOR,4.3
Anthropology,352,George Mason University,S R,,Trencher,237728,119,good,TEACHER,PROFESSOR,4.0
Marketing,352,George Mason University,Betsy,,Tretola,2015841,18,average,TEACHER,PROFESSOR,3.0
Music,352,George Mason University,Linh,,Trinh,2319377,1,good,TEACHER,PROFESSOR,4.0
Languages,352,George Mason University,Tokiko,,Tritt,479409,29,good,TEACHER,PROFESSOR,4.4
Psychology,352,George Mason University,Paige,,Trojanowski,2360094,8,good,TEACHER,PROFESSOR,3.7
Economics,352,George Mason University,Joshua,,Trojniak,1831395,12,average,TEACHER,PROFESSOR,3.0
English,352,George Mason University,Mitchel,,Tropin,1352518,1,good,TEACHER,PROFESSOR,5.0
Psychology,352,George Mason University,Jillian,Reba,Troxler,2327662,2,good,TEACHER,PROFESSOR,4.0
