tDept,tSid,institution_name,tFname,tMiddlename,tLname,tid,tNumRatings,rating_class,contentType,categoryType,overall_rating
Anthropology,352,George Mason University,Kristina,,Douglass,2171871,2,good,TEACHER,PROFESSOR,4.0
Accounting,352,George Mason University,Edward B.,,Douthett,628513,52,average,TEACHER,PROFESSOR,3.2
Business,352,George Mason University,Phineas,W,Dowling,1807155,1,good,TEACHER,PROFESSOR,5.0
Social Work,352,George Mason University,Barbara,,Downes,2495419,1,good,TEACHER,PROFESSOR,5.0
Geology,352,George Mason University,Harry,,Dowsett,936121,13,good,TEACHER,PROFESSOR,4.7
Communication,352,George Mason University,Terrence,,Doyle,168122,11,good,TEACHER,PROFESSOR,3.7
Engineering,352,George Mason University,Matthew,,Doyle,1101206,20,good,TEACHER,PROFESSOR,4.2
Information Technology,352,George Mason University,John,M,Doyle,2139817,9,good,TEACHER,PROFESSOR,4.7
Criminal Justice,352,George Mason University,Katherine,,Doyle Feingold,2278238,0,zero,TEACHER,PROFESSOR,N/A
Health Science,352,George Mason University,Victoria,A,Doyon,1813360,1,poor,TEACHER,PROFESSOR,1.5
Biology,352,George Mason University,Megan,,Draheim,1160394,2,good,TEACHER,PROFESSOR,5.0
Criminal Justice,352,George Mason University,Zachary,,Drake,2276836,9,average,TEACHER,PROFESSOR,3.0
Information Technology,352,George Mason University,Steven,,Drasner,1784950,5,average,TEACHER,PROFESSOR,2.8
English,352,George Mason University,Mark,,Dreisonstok,840623,17,good,TEACHER,PROFESSOR,3.8
Biology,352,George Mason University,Jonathan,,Drescher-Lehman,2447958,2,good,TEACHER,PROFESSOR,5.0
Religion,352,George Mason University,Vicky,,Dreyer,575654,42,good,TEACHER,PROFESSOR,4.0
Physics,352,George Mason University,Benjamin,,Dreyfus,2189403,25,good,TEACHER,PROFESSOR,3.5
Education,352,George Mason University,Jane,,Dreyfuss,1015533,7,good,TEACHER,PROFESSOR,4.9
Chemistry,352,George Mason University,Rachel,,Dripps,1137917,6,average,TEACHER,PROFESSOR,2.8
Management,352,George Mason University,Cheryl,,Druehl,1150919,36,average,TEACHER,PROFESSOR,2.8
