tDept,tSid,institution_name,tFname,tMiddlename,tLname,tid,tNumRatings,rating_class,contentType,categoryType,overall_rating
Communication,352,George Mason University,Deanne,,Canieso,2357695,3,good,TEACHER,PROFESSOR,4.0
Finance,352,George Mason University,Shelly,,Canterbury,285730,146,good,TEACHER,PROFESSOR,3.9
Health Science,352,George Mason University,John,,Cantiello,1517828,19,good,TEACHER,PROFESSOR,4.5
Criminal Justice,352,George Mason University,Jason,,Cantone,2248125,21,good,TEACHER,PROFESSOR,4.6
English,352,George Mason University,Amanda,,Canupp,1927614,6,good,TEACHER,PROFESSOR,4.3
Communication,352,George Mason University,Molly,,Canzona,1663283,7,good,TEACHER,PROFESSOR,4.8
Economics,352,George Mason University,Bryan,,Caplan,27455,44,average,TEACHER,PROFESSOR,3.4
History,352,George Mason University,Alan,P.,Capps,1903768,2,good,TEACHER,PROFESSOR,4.8
English,352,George Mason University,Elizabeth,,Caravella,2213431,7,good,TEACHER,PROFESSOR,4.1
English,352,George Mason University,Frank,,Carbo,2025390,28,good,TEACHER,PROFESSOR,4.3
Fine Arts,352,George Mason University,Suzanne,,Carbonneau,508688,20,good,TEACHER,PROFESSOR,3.7
Mathematics,352,George Mason University,David ,,Carchedi,2089784,16,average,TEACHER,PROFESSOR,2.6
Languages,352,George Mason University,Eric,,Cardenas,2327636,2,good,TEACHER,PROFESSOR,4.5
Languages,352,George Mason University,W L,,Carey,192871,22,good,TEACHER,PROFESSOR,3.6
Classics,352,George Mason University,William,,Carey,1079933,11,good,TEACHER,PROFESSOR,4.2
Chemistry,352,George Mason University,Amy,,Carfagno,2427024,9,good,TEACHER,PROFESSOR,4.9
Nursing,352,George Mason University,Francesca,,Cariello,1861197,3,good,TEACHER,PROFESSOR,4.2
Science,352,George Mason University,Kimberly,,Carisi,1824206,4,good,TEACHER,PROFESSOR,4.4
Health  Human Services,352,George Mason University,Deborah,,Carl,2059519,20,good,TEACHER,PROFESSOR,4.8
Health Science,352,George Mason University,Andrew,,Carle,456452,25,good,TEACHER,PROFESSOR,4.5
