tDept,tSid,institution_name,tFname,tMiddlename,tLname,tid,tNumRatings,rating_class,contentType,categoryType,overall_rating
Science,352,George Mason University,Mike,,Summers,459883,29,good,TEACHER,PROFESSOR,4.5
Geography,352,George Mason University,Donglian,,Sun,1484349,5,average,TEACHER,PROFESSOR,3.1
Communication,352,George Mason University,Wei,,Sun,2017056,1,poor,TEACHER,PROFESSOR,1.0
Accounting,352,George Mason University,SuiNing,,Sun,2149057,0,zero,TEACHER,PROFESSOR,N/A
Information Technology,352,George Mason University,Kun,,Sun,2376898,1,poor,TEACHER,PROFESSOR,2.0
Chinese,352,George Mason University,Hongmei,,Sun,1895881,8,average,TEACHER,PROFESSOR,2.5
Engineering,352,George Mason University,Kishore Kumar,,Surapathi,1456601,3,good,TEACHER,PROFESSOR,4.7
Global Studies,352,George Mason University,Pavithra,,Suresh,2429900,9,good,TEACHER,PROFESSOR,4.5
Mathematics,352,George Mason University,Susan,,Surina,971347,81,good,TEACHER,PROFESSOR,4.2
Business,352,George Mason University,Fiona,,Sussan,775899,10,average,TEACHER,PROFESSOR,3.3
Social Science,352,George Mason University,Sasha,,Sutherland,1719393,1,average,TEACHER,PROFESSOR,3.0
Art,352,George Mason University,Justin,,Sutters,2378817,0,zero,TEACHER,PROFESSOR,N/A
Engineering,352,George Mason University,William,,Sutton,246942,22,average,TEACHER,PROFESSOR,2.7
Statistics,352,George Mason University,Clifton,,Sutton,1446376,16,average,TEACHER,PROFESSOR,2.6
Business,352,George Mason University,David,,Svancer,2271922,13,good,TEACHER,PROFESSOR,4.3
English,352,George Mason University,Dominique,,Swann,2000158,8,poor,TEACHER,PROFESSOR,2.0
History,352,George Mason University,Ryan,,Swanson,1272852,52,good,TEACHER,PROFESSOR,4.6
History,352,George Mason University,Robert,,Swanson,1339767,2,average,TEACHER,PROFESSOR,2.5
Engineering,352,George Mason University,Paul,,Swanson,1478495,0,zero,TEACHER,PROFESSOR,N/A
Criminal Justice,352,George Mason University,Alan,,Swanson,1535411,56,average,TEACHER,PROFESSOR,3.2
