tDept,tSid,institution_name,tFname,tMiddlename,tLname,tid,tNumRatings,rating_class,contentType,categoryType,overall_rating
Mathematics,352,George Mason University,Margaret,,Roberts,1399468,1,average,TEACHER,PROFESSOR,2.5
Chemistry,352,George Mason University,Steven,A,Roberts,1868133,6,poor,TEACHER,PROFESSOR,1.9
Psychology,352,George Mason University,Daniel,M,Roberts,2319735,0,zero,TEACHER,PROFESSOR,N/A
Biology,352,George Mason University,Jessica,,Roberts,2192807,8,good,TEACHER,PROFESSOR,4.6
Accounting,352,George Mason University,Kathleen,,Roberts,2031189,2,good,TEACHER,PROFESSOR,5.0
Government,352,George Mason University,Lee,Habib,Roberts,2338996,20,good,TEACHER,PROFESSOR,4.9
Management,352,George Mason University,Kathleen,,Roberts,1284838,100,average,TEACHER,PROFESSOR,3.3
Business,352,George Mason University,Marjorie,,Robertson,410086,24,average,TEACHER,PROFESSOR,2.6
Accounting,352,George Mason University,Jennifer,,Robertson,606575,3,good,TEACHER,PROFESSOR,4.7
History,352,George Mason University,Stephen,,Robertson,1886772,8,poor,TEACHER,PROFESSOR,2.2
English,352,George Mason University,Kristin,,Robertson,2391623,3,poor,TEACHER,PROFESSOR,2.3
Biology,352,George Mason University,Alexander,,Robillard,2303345,3,average,TEACHER,PROFESSOR,3.3
Communication,352,George Mason University,Nicole,,Robinson,1297974,8,good,TEACHER,PROFESSOR,3.6
English,352,George Mason University,Laurean,,Robinson,1515774,2,good,TEACHER,PROFESSOR,4.0
Criminal Justice,352,George Mason University,Laurie,O.,Robinson,1819024,6,good,TEACHER,PROFESSOR,4.6
English,352,George Mason University,David,McKinley,Robinson,2383243,0,zero,TEACHER,PROFESSOR,N/A
English,352,George Mason University,Shantay,,Robinson,2390830,3,good,TEACHER,PROFESSOR,3.7
Music,352,George Mason University,Gregory,,Robinson,1264777,38,good,TEACHER,PROFESSOR,3.8
Health & Human Services,352,George Mason University,Melissa,,Robinson,1876619,32,good,TEACHER,PROFESSOR,4.2
Communication,352,George Mason University,Tom,,Roccotagliata,2032286,6,average,TEACHER,PROFESSOR,3.3
