tDept,tSid,institution_name,tFname,tMiddlename,tLname,tid,tNumRatings,rating_class,contentType,categoryType,overall_rating
Business,352,George Mason University,Edward,,Wiggins,2229515,12,average,TEACHER,PROFESSOR,3.0
Information Science,352,George Mason University,Duminda,,Wijesekera,869450,23,good,TEACHER,PROFESSOR,3.8
Philosophy,352,George Mason University,Thomas,,Wilk,2327660,8,good,TEACHER,PROFESSOR,5.0
English,352,George Mason University,Ben,,Wilkins,1440264,3,good,TEACHER,PROFESSOR,3.7
Global Studies,352,George Mason University,Landon,,Wilkins,2305879,4,good,TEACHER,PROFESSOR,5.0
Communication,352,George Mason University,Kristen,,Willett,1155735,29,good,TEACHER,PROFESSOR,4.7
Bioinformatics,352,George Mason University,James,,Willett,1322872,0,zero,TEACHER,PROFESSOR,N/A
English,352,George Mason University,David,,Williams,169275,64,good,TEACHER,PROFESSOR,4.0
Anthropology,352,George Mason University,Thomas,,Williams,191776,40,poor,TEACHER,PROFESSOR,2.3
Education,352,George Mason University,Mary,,Williams,257831,5,good,TEACHER,PROFESSOR,3.5
Biology,352,George Mason University,Lisa,,Williams,1465798,2,average,TEACHER,PROFESSOR,3.2
Criminal Justice,352,George Mason University,Timothy ,,Williams,2006525,1,poor,TEACHER,PROFESSOR,2.0
Psychology,352,George Mason University,Caitlin,,Williams,2088835,0,zero,TEACHER,PROFESSOR,N/A
Sociology,352,George Mason University,Bradley,,Williams,2175951,2,average,TEACHER,PROFESSOR,2.5
Biology,352,George Mason University,Georgia,Alexandrea,Williams,2361635,0,zero,TEACHER,PROFESSOR,N/A
Economics,352,George Mason University,Walter E.,,Williams,118147,30,good,TEACHER,PROFESSOR,4.6
Psychology,352,George Mason University,Angelique,,Williams,2254028,26,good,TEACHER,PROFESSOR,4.3
English,352,George Mason University,Christie ,,Williams ,1960930,3,good,TEACHER,PROFESSOR,4.7
Art History,352,George Mason University,Jacquelyn,,Williamson,2181224,12,good,TEACHER,PROFESSOR,4.4
Fine Arts,352,George Mason University,Borris,,Willis,317675,18,average,TEACHER,PROFESSOR,3.5
