tDept,tSid,institution_name,tFname,tMiddlename,tLname,tid,tNumRatings,rating_class,contentType,categoryType,overall_rating
Geography,352,George Mason University,Olga,,Gkountouna,2486113,1,good,TEACHER,PROFESSOR,4.0
Communication,352,George Mason University,S,,Gladis,380156,5,good,TEACHER,PROFESSOR,4.6
Science,352,George Mason University,James,,Glasbrenner,2218599,9,good,TEACHER,PROFESSOR,3.8
English,352,George Mason University,Alicia,L,Gleason,1779923,6,good,TEACHER,PROFESSOR,4.8
Biology,352,George Mason University,Christine,,Gleason,1785650,27,good,TEACHER,PROFESSOR,3.8
Psychology,352,George Mason University,Megan,,Gliniecki,1426234,6,good,TEACHER,PROFESSOR,3.7
Physics,352,George Mason University,Mario,,Gliozzi,1205518,28,good,TEACHER,PROFESSOR,4.5
Conflict Analysis,352,George Mason University,Manana,,Gnolidze-Swanson,1676374,2,good,TEACHER,PROFESSOR,4.0
Economics,352,George Mason University,Zachary,,Gochenour,1734765,10,good,TEACHER,PROFESSOR,3.7
Social Work,352,George Mason University,Miki,,Goerdt,2454135,1,good,TEACHER,PROFESSOR,5.0
English,352,George Mason University,Leslie,,Goetsch,1939539,5,good,TEACHER,PROFESSOR,4.7
Mathematics,352,George Mason University,Albert,,Goetz,1723093,7,poor,TEACHER,PROFESSOR,2.4
Sports Management,352,George Mason University,Jordan,,Goffena,2325804,3,good,TEACHER,PROFESSOR,4.7
Computer Science,352,George Mason University,Gideon,,Gogovi,2514948,1,average,TEACHER,PROFESSOR,3.0
Human Development,352,George Mason University,Christopher,,Goldbecker,2373034,0,zero,TEACHER,PROFESSOR,N/A
Communication,352,George Mason University,Kevin,,Goldberg,1503733,2,good,TEACHER,PROFESSOR,4.5
Criminal Justice,352,George Mason University,Victoria,,Goldberg,1913787,1,good,TEACHER,PROFESSOR,4.5
Psychology,352,George Mason University,Caren,,Goldberg,1967813,0,zero,TEACHER,PROFESSOR,N/A
Health amp Human Services,352,George Mason University,Debora,G,Goldberg,2523811,0,zero,TEACHER,PROFESSOR,N/A
Journalism,352,George Mason University,Alan,,Goldenbach,1707740,0,zero,TEACHER,PROFESSOR,N/A
