tDept,tSid,institution_name,tFname,tMiddlename,tLname,tid,tNumRatings,rating_class,contentType,categoryType,overall_rating
Integrative Studies,352,George Mason University,Robert,W.,Holder,2379684,4,good,TEACHER,PROFESSOR,5.0
Leadership,352,George Mason University,Rob,,Holder,990679,27,good,TEACHER,PROFESSOR,4.6
Chemistry,352,George Mason University,Kathryn,,Holguin,1544943,32,average,TEACHER,PROFESSOR,3.4
Statistics,352,George Mason University,Michael,Edward,Holland,2418727,13,good,TEACHER,PROFESSOR,3.9
Psychology,352,George Mason University,Erica,,Holliday,1512776,5,good,TEACHER,PROFESSOR,4.9
Film,352,George Mason University,Dan,,Hollis,852553,0,zero,TEACHER,PROFESSOR,N/A
English,352,George Mason University,Sean,,Holloway,2281707,2,average,TEACHER,PROFESSOR,2.5
Biology,352,George Mason University,Karen,,Holm,2422739,4,poor,TEACHER,PROFESSOR,1.8
Philosophy,352,George Mason University,E,,Holman,325954,47,good,TEACHER,PROFESSOR,3.5
English,352,George Mason University,Caitlin,,Holmes,1976514,9,good,TEACHER,PROFESSOR,4.0
English,352,George Mason University,Steven,,Holmes,1886366,16,good,TEACHER,PROFESSOR,4.8
Statistics,352,George Mason University,David,,Holmes,2140921,22,good,TEACHER,PROFESSOR,3.7
Communication,352,George Mason University,Lucy,,Holsonbake,299185,22,good,TEACHER,PROFESSOR,3.6
Economics,352,George Mason University,Elmer,,Holt,249549,122,good,TEACHER,PROFESSOR,3.9
History,352,George Mason University,Mack,,Holt,444184,35,good,TEACHER,PROFESSOR,3.5
Mathematics,352,George Mason University,Matt,,Holtzer,1863797,2,good,TEACHER,PROFESSOR,4.3
Mathematics,352,George Mason University,Matthew,,Holzer,1853235,24,good,TEACHER,PROFESSOR,4.1
Engineering,352,George Mason University,Houman,,Homayoun,1854133,12,average,TEACHER,PROFESSOR,3.3
Chemistry,352,George Mason University,Robert,,Honeychuck,132786,97,poor,TEACHER,PROFESSOR,2.4
Physics,352,George Mason University,Sukbum,,Hong,1893369,2,good,TEACHER,PROFESSOR,4.8
