tDept,tSid,institution_name,tFname,tMiddlename,tLname,tid,tNumRatings,rating_class,contentType,categoryType,overall_rating
Accounting,352,George Mason University,Zachary,,Hilert,2153093,4,good,TEACHER,PROFESSOR,4.2
Science,352,George Mason University,Kerin,,Hilker-Balkissoon,2425501,1,good,TEACHER,PROFESSOR,5.0
Political Science,352,George Mason University,Deborah,,Hill,1094904,2,good,TEACHER,PROFESSOR,4.8
Geography,352,George Mason University,Chris,,Hill,1650901,2,good,TEACHER,PROFESSOR,4.0
Health  Human Services,352,George Mason University,Maryanne,,Hill,2008316,3,good,TEACHER,PROFESSOR,4.0
Languages,352,George Mason University,Sana,,Hilmi,481795,52,average,TEACHER,PROFESSOR,2.8
Marketing,352,George Mason University,Adrienne,,Hinds,1332070,18,poor,TEACHER,PROFESSOR,2.2
Criminal Justice,352,George Mason University,Morani,,Hines,2444480,8,poor,TEACHER,PROFESSOR,1.5
Geology,352,George Mason University,Linda,,Hinnov,2112489,0,zero,TEACHER,PROFESSOR,N/A
Art History,352,George Mason University,Carmelita,,Hinton,951961,20,good,TEACHER,PROFESSOR,4.1
Engineering,352,George Mason University,Kenneth J,,Hintz,725053,37,poor,TEACHER,PROFESSOR,2.3
Psychology,352,George Mason University,Jennifer,,Hirsch,277053,123,good,TEACHER,PROFESSOR,4.6
Anthropology,352,George Mason University,Susan,,Hirsch,501294,20,good,TEACHER,PROFESSOR,4.0
Mathematics,352,George Mason University,Nacir,,Hmidouch,1940244,54,good,TEACHER,PROFESSOR,3.7
Art,352,George Mason University,Xang,N,Ho,2028329,2,good,TEACHER,PROFESSOR,4.8
Art History,352,George Mason University,Angela,,HO,1673949,15,good,TEACHER,PROFESSOR,4.5
Nursing,352,George Mason University,Deborrah,,Hobbs,1007843,5,average,TEACHER,PROFESSOR,2.5
Biology,352,George Mason University,Heather,,Hobbs,2281315,4,good,TEACHER,PROFESSOR,4.8
Finance,352,George Mason University,Hugh,,Hobson,1818502,0,zero,TEACHER,PROFESSOR,N/A
Education,352,George Mason University,Ted,,Hoch,1872169,7,good,TEACHER,PROFESSOR,4.2
