tDept,tSid,institution_name,tFname,tMiddlename,tLname,tid,tNumRatings,rating_class,contentType,categoryType,overall_rating
English,352,George Mason University,Emily,,Tuszynska,2538923,0,zero,TEACHER,PROFESSOR,N/A
Sociology,352,George Mason University,Joshua,,Tuttle,2108432,3,average,TEACHER,PROFESSOR,3.3
Information Technology,352,George Mason University,Vaibhav,,Tyagi,1961211,1,average,TEACHER,PROFESSOR,3.0
Biology,352,George Mason University,Alexandria,,Tyler,2407189,7,good,TEACHER,PROFESSOR,4.7
Criminal Justice,352,George Mason University,Gwen,,Udell,1924318,18,good,TEACHER,PROFESSOR,4.9
Geology,352,George Mason University,Mark,,Uhen,1351851,51,average,TEACHER,PROFESSOR,3.0
Economics,352,George Mason University,Eskil,,Ullberg,1727573,14,good,TEACHER,PROFESSOR,3.6
Languages,352,George Mason University,Susana,,Unger,1195607,6,average,TEACHER,PROFESSOR,3.1
Nursing,352,George Mason University,Carol,,Urban,194015,21,good,TEACHER,PROFESSOR,4.8
Anthropology,352,George Mason University,Kimberly,,Urban,1727240,14,poor,TEACHER,PROFESSOR,2.0
Dance,352,George Mason University,Laura,,Urgelles,2028642,1,good,TEACHER,PROFESSOR,4.0
Engineering,352,George Mason University,Girum,,Urgessa,1044286,18,good,TEACHER,PROFESSOR,4.9
Anthropology,352,George Mason University,Bethany,,Usher,1557205,5,average,TEACHER,PROFESSOR,3.3
Education,352,George Mason University,Ceclia (lia),,Uy-Tioco,845067,9,poor,TEACHER,PROFESSOR,2.4
Information Technology,352,George Mason University,Erhan,,Uyar,2462631,1,poor,TEACHER,PROFESSOR,1.0
Information Technology,352,George Mason University,Mehmet,,Uyar,2259792,6,average,TEACHER,PROFESSOR,2.8
Information Technology,352,George Mason University,Ozlem,,Uzuner,2307050,2,good,TEACHER,PROFESSOR,5.0
Marketing,352,George Mason University,G G,,Vadakkepatt,1891376,0,zero,TEACHER,PROFESSOR,N/A
Marketing,352,George Mason University,Gautham ,,Vadakkepatt,1976277,22,good,TEACHER,PROFESSOR,3.7
Criminal Justice,352,George Mason University,Leonard,,Vadala,1905412,6,average,TEACHER,PROFESSOR,2.5
