tDept,tSid,institution_name,tFname,tMiddlename,tLname,tid,tNumRatings,rating_class,contentType,categoryType,overall_rating
Languages,352,George Mason University,Jigme,,Ngagpo,1880281,8,average,TEACHER,PROFESSOR,3.4
English,352,George Mason University,Helon,,Ngalabak,1447799,4,good,TEACHER,PROFESSOR,3.9
Information Science,352,George Mason University,Chun-Kit(ben),,Ngan,1545920,18,good,TEACHER,PROFESSOR,3.8
Communication,352,George Mason University,Liza,,Ngenye,2184342,6,good,TEACHER,PROFESSOR,4.3
Information Technology,352,George Mason University,Khiem,,Ngo,2112280,0,zero,TEACHER,PROFESSOR,N/A
Political Science,352,George Mason University,Hung,,Nguyen,99343,38,poor,TEACHER,PROFESSOR,2.2
Religion,352,George Mason University,Cuong,,Nguyen,395715,55,good,TEACHER,PROFESSOR,3.5
Information Science,352,George Mason University,Lam,,Nguyen,591144,8,average,TEACHER,PROFESSOR,3.1
Biology,352,George Mason University,Duyen,,Nguyen,1614351,0,zero,TEACHER,PROFESSOR,N/A
Biology,352,George Mason University,Tiffany,,Nguyen,1993899,38,poor,TEACHER,PROFESSOR,2.4
Integrative Studies,352,George Mason University,Khoi,,Nguyen,2289703,3,good,TEACHER,PROFESSOR,4.3
Psychology,352,George Mason University,Rachel,,Nguyen,2337718,1,good,TEACHER,PROFESSOR,5.0
Computer Science,352,George Mason University,Quyen,,Nguyen,2365831,1,poor,TEACHER,PROFESSOR,2.0
Mathematics,352,George Mason University,Duy,,Nguyen,2390417,5,poor,TEACHER,PROFESSOR,1.0
Chemistry,352,George Mason University,Duy,,Nguyen,2210467,1,average,TEACHER,PROFESSOR,3.0
Mathematics,352,George Mason University,Long,,Nguyen,2504881,2,poor,TEACHER,PROFESSOR,1.0
Information Technology,352,George Mason University,Can,,Nguyen,2532962,0,zero,TEACHER,PROFESSOR,N/A
Biology,352,George Mason University,Brian,,Nguyen,2518570,2,average,TEACHER,PROFESSOR,3.0
Biology,352,George Mason University,Muhammad,Haris,Niaz,1776959,11,good,TEACHER,PROFESSOR,3.5
Art History,352,George Mason University,Jeanette,,Nicewinter,2491985,2,good,TEACHER,PROFESSOR,4.0
