tDept,tSid,institution_name,tFname,tMiddlename,tLname,tid,tNumRatings,rating_class,contentType,categoryType,overall_rating
Communication,352,George Mason University,Frances,E,Womble,1860355,7,good,TEACHER,PROFESSOR,4.0
Psychology,352,George Mason University,Joseph,,Wonderlich,1994615,2,good,TEACHER,PROFESSOR,4.8
Art,352,George Mason University,Solomon,,Wondimu,1572151,1,good,TEACHER,PROFESSOR,4.5
Psychology,352,George Mason University,Jason,,Wong,848555,16,good,TEACHER,PROFESSOR,3.8
Education,352,George Mason University,Shelley,,Wong,1302722,7,average,TEACHER,PROFESSOR,2.9
Psychology,352,George Mason University,Carol,,Wong,2367201,5,good,TEACHER,PROFESSOR,4.4
Geography,352,George Mason University,David W.,,Wong,554780,17,average,TEACHER,PROFESSOR,2.6
Communication,352,George Mason University,Richard,,Wood,579101,16,good,TEACHER,PROFESSOR,4.2
Management,352,George Mason University,Cheryl,,Wood,1605449,24,good,TEACHER,PROFESSOR,4.1
Criminal Justice,352,George Mason University,Karen,,Wood,1865344,2,average,TEACHER,PROFESSOR,2.8
Education,352,George Mason University,Barbara,Gayle,Wood,1983732,1,good,TEACHER,PROFESSOR,4.5
Science,352,George Mason University,Thomas,,Wood,2090394,2,good,TEACHER,PROFESSOR,4.5
Economics,352,George Mason University,Garrett,,Wood,2384487,0,zero,TEACHER,PROFESSOR,N/A
Biology,352,George Mason University,Tom,,Wood,277811,25,average,TEACHER,PROFESSOR,3.3
Engineering,352,George Mason University,Ronald,,Woodaman,2521956,0,zero,TEACHER,PROFESSOR,N/A
Psychology,352,George Mason University,Logan,,Woodhouse,2375765,2,good,TEACHER,PROFESSOR,5.0
Criminal Justice,352,George Mason University,Alese,,Wooditch,1829761,4,good,TEACHER,PROFESSOR,5.0
Art History,352,George Mason University,Louisa,,Woodville,822528,29,good,TEACHER,PROFESSOR,4.3
Criminal Justice,352,George Mason University,William,,Woolf,2354155,2,good,TEACHER,PROFESSOR,5.0
Cultural Studies,352,George Mason University,John,,Woolsey,1842094,23,good,TEACHER,PROFESSOR,4.0
