tDept,tSid,institution_name,tFname,tMiddlename,tLname,tid,tNumRatings,rating_class,contentType,categoryType,overall_rating
Information Science,352,George Mason University,Dennis G.,,McCaughey,945474,3,poor,TEACHER,PROFESSOR,2.2
English,352,George Mason University,Jessia,,McCaughey,1397746,6,good,TEACHER,PROFESSOR,3.7
Psychology,352,George Mason University,Kathleen,,McCauley,2033833,2,good,TEACHER,PROFESSOR,5.0
Psychology,352,George Mason University,Tracy,,McCausland,1573712,5,good,TEACHER,PROFESSOR,4.1
Biology,352,George Mason University,Tom,,McClintock,814228,14,good,TEACHER,PROFESSOR,4.7
History,352,George Mason University,Laura,,McCloskey Wolfe,1800717,14,good,TEACHER,PROFESSOR,4.5
Law,352,George Mason University,David,,McClure,1464743,3,good,TEACHER,PROFESSOR,5.0
Not Specified,352,George Mason University,Meredith,,McCone,1689754,2,good,TEACHER,PROFESSOR,5.0
History,352,George Mason University,T.B.,,McCord,76165,92,good,TEACHER,PROFESSOR,4.2
Biology,352,George Mason University,Dana,,McCoskey,1820639,6,average,TEACHER,PROFESSOR,3.4
women's Studies,352,George Mason University,Nicole,,McCoy,1052640,2,good,TEACHER,PROFESSOR,5.0
Conflict Analysis,352,George Mason University,Rhian,,McCoy,2384555,0,zero,TEACHER,PROFESSOR,N/A
Art,352,George Mason University,Ryan,,McCoy,1582109,15,good,TEACHER,PROFESSOR,4.6
Marketing,352,George Mason University,Kevin,,McCrohan,1298818,13,poor,TEACHER,PROFESSOR,2.4
English,352,George Mason University,Erin,,McDaniel,1780259,5,good,TEACHER,PROFESSOR,4.6
Economics,352,George Mason University,James,,McDermontt,1445809,0,zero,TEACHER,PROFESSOR,N/A
Economics,352,George Mason University,James,M.,McDermott,1767945,9,average,TEACHER,PROFESSOR,2.7
History,352,George Mason University,Anne,,McDivitt,2320295,3,good,TEACHER,PROFESSOR,5.0
women's Studies,352,George Mason University,Ayondela,,McDole,2446016,5,good,TEACHER,PROFESSOR,4.8
Political Science,352,George Mason University,Michael,,McDonald,206611,33,poor,TEACHER,PROFESSOR,2.2
