tDept,tSid,institution_name,tFname,tMiddlename,tLname,tid,tNumRatings,rating_class,contentType,categoryType,overall_rating
Finance,352,George Mason University,Leonard,,Kiefer,1594267,2,average,TEACHER,PROFESSOR,2.8
Health  Human Services,352,George Mason University,Shawn,,Kiernan,1950672,6,good,TEACHER,PROFESSOR,4.8
History,352,George Mason University,Cynthia,,Kierner,1230388,18,average,TEACHER,PROFESSOR,2.9
Nursing,352,George Mason University,Vinh,,Kieu,2290001,1,poor,TEACHER,PROFESSOR,1.0
International Studies,352,George Mason University,Karen,,Kihiu,839604,0,zero,TEACHER,PROFESSOR,N/A
Mathematics,352,George Mason University,William,,Kiley,97691,109,poor,TEACHER,PROFESSOR,1.4
Music,352,George Mason University,John,,Kilkenny,893872,7,good,TEACHER,PROFESSOR,4.6
Information Science,352,George Mason University,Howard,,Killam,1271991,22,average,TEACHER,PROFESSOR,3.3
Global Studies,352,George Mason University,James,,Killen,1616983,8,average,TEACHER,PROFESSOR,3.3
English,352,George Mason University,Joe,,Killiany,1854875,23,good,TEACHER,PROFESSOR,4.6
Biology,352,George Mason University,Kristin,,Killoran,1811752,6,good,TEACHER,PROFESSOR,4.4
Mathematics,352,George Mason University,Sangwook,,Kim,1095140,12,average,TEACHER,PROFESSOR,2.5
Social Work,352,George Mason University,Angela,,Kim,1231707,7,average,TEACHER,PROFESSOR,3.4
Psychology,352,George Mason University,Yoon Kyong,,Kim,1475846,14,average,TEACHER,PROFESSOR,3.1
Communication,352,George Mason University,Sunny,,Kim,1499203,9,good,TEACHER,PROFESSOR,3.6
Music,352,George Mason University,Yoonji,,Kim,1549224,2,poor,TEACHER,PROFESSOR,1.5
Social Science,352,George Mason University,Jaeeun,,Kim,1845843,7,average,TEACHER,PROFESSOR,2.5
Communication,352,George Mason University,Esther,,Kim,2151951,3,good,TEACHER,PROFESSOR,5.0
Computer Science,352,George Mason University,Song,Min,Kim,2255407,5,poor,TEACHER,PROFESSOR,2.2
Communication,352,George Mason University,Sojung,Claire,Kim,2286632,5,average,TEACHER,PROFESSOR,2.8
