tDept,tSid,institution_name,tFname,tMiddlename,tLname,tid,tNumRatings,rating_class,contentType,categoryType,overall_rating
Global Studies,352,George Mason University,David,,Arditi,1272615,26,good,TEACHER,PROFESSOR,3.8
English,352,George Mason University,Stephanie,Adwoa,Arhin,2102843,6,good,TEACHER,PROFESSOR,4.4
Communication,352,George Mason University,Meghan,,Arias,1942657,2,good,TEACHER,PROFESSOR,5.0
Biology,352,George Mason University,Kevin,,Armengol,1814478,5,average,TEACHER,PROFESSOR,3.3
Computer Science,352,George Mason University,Frank,,Armour,1200433,7,good,TEACHER,PROFESSOR,3.6
Languages,352,George Mason University,Christiane,,Armstrong,1914801,2,good,TEACHER,PROFESSOR,4.5
Government,352,George Mason University,Andrew ,,Armstrong,1921374,13,average,TEACHER,PROFESSOR,3.3
Information Technology,352,George Mason University,Thomas,,Arnsperger,2259794,0,zero,TEACHER,PROFESSOR,N/A
Education,352,George Mason University,Samita,,Arora,2323464,2,good,TEACHER,PROFESSOR,5.0
English,352,George Mason University,Andrew,Paul,Art,2309012,7,good,TEACHER,PROFESSOR,4.9
Economics,352,George Mason University,Fernando,,Arteaga,2212966,4,average,TEACHER,PROFESSOR,3.3
History,352,George Mason University,Joshua,,Arthurs,1037266,19,good,TEACHER,PROFESSOR,4.2
Psychology,352,George Mason University,Brianna,,Artz,2319737,5,average,TEACHER,PROFESSOR,3.0
Management,352,George Mason University,Ruxandra,,Arustei,1393722,6,good,TEACHER,PROFESSOR,4.2
Health Science,352,George Mason University,Vikas,,Arya,1233019,7,poor,TEACHER,PROFESSOR,2.4
Chemistry,352,George Mason University,Golala,,Arya,1778403,3,good,TEACHER,PROFESSOR,4.2
Biology,352,George Mason University,Celine,,Asbury,2516888,2,good,TEACHER,PROFESSOR,5.0
Psychology,352,George Mason University,Giorgio,,Ascoli,697477,3,good,TEACHER,PROFESSOR,5.0
Art,352,George Mason University,Neal,,Ashby,1576131,1,good,TEACHER,PROFESSOR,5.0
Fine Arts,352,George Mason University,Thomas D.,,Ashcraft,1459228,3,good,TEACHER,PROFESSOR,5.0
