tDept,tSid,institution_name,tFname,tMiddlename,tLname,tid,tNumRatings,rating_class,contentType,categoryType,overall_rating
Finance,352,George Mason University,Stephen,,Christophe,286867,39,good,TEACHER,PROFESSOR,4.0
Education,352,George Mason University,Chelseann,,Christopher,2491642,1,poor,TEACHER,PROFESSOR,2.0
Communication,352,George Mason University,Matthew,,Christovich,2133510,3,good,TEACHER,PROFESSOR,4.7
Languages,352,George Mason University,Pichichero,,Christy,1846439,11,good,TEACHER,PROFESSOR,4.8
Psychology,352,George Mason University,Linda,,Chrosniak,244399,48,good,TEACHER,PROFESSOR,4.0
Biology,352,George Mason University,Emil,,Chuck,996295,25,poor,TEACHER,PROFESSOR,1.9
Mathematics,352,George Mason University,Kim,,Chul,2274863,0,zero,TEACHER,PROFESSOR,N/A
Economics,352,George Mason University,Jae,,Chung,648205,11,poor,TEACHER,PROFESSOR,1.8
Human Development,352,George Mason University,Lucy,,Chung,1425493,0,zero,TEACHER,PROFESSOR,N/A
Education,352,George Mason University,Rita,C.Y.,Chung,1877003,1,good,TEACHER,PROFESSOR,5.0
Education,352,George Mason University, Yoosun ,,Chung,2021314,4,good,TEACHER,PROFESSOR,4.8
Education,352,George Mason University,Yoo Sun,,Chung,1283342,5,good,TEACHER,PROFESSOR,5.0
English,352,George Mason University,Warren,,Ciabattoni,1534758,6,good,TEACHER,PROFESSOR,5.0
Sociology,352,George Mason University,Melissa,,Cidade,1881439,4,good,TEACHER,PROFESSOR,4.8
Music,352,George Mason University,Charles,R,Ciorba,2331471,5,good,TEACHER,PROFESSOR,4.8
Social Work,352,George Mason University,Elizabeth,,Circo,1943637,0,zero,TEACHER,PROFESSOR,N/A
Psychology,352,George Mason University,Dean,,Cisler,2101214,4,good,TEACHER,PROFESSOR,5.0
Fine Arts,352,George Mason University,Adrienne,,Clancy,1010626,8,average,TEACHER,PROFESSOR,2.8
Not Specified,352,George Mason University,Kathleen,,Clare,1271234,5,good,TEACHER,PROFESSOR,4.2
Social Work,352,George Mason University,Paul,,Clark,1289718,11,good,TEACHER,PROFESSOR,4.9
