tDept,tSid,institution_name,tFname,tMiddlename,tLname,tid,tNumRatings,rating_class,contentType,categoryType,overall_rating
Biology,352,George Mason University,Rosanne,,Jones,500968,24,average,TEACHER,PROFESSOR,2.6
Criminal Justice,352,George Mason University,James B.,,Jones,580718,4,good,TEACHER,PROFESSOR,5.0
Languages,352,George Mason University,Inmaculada,,Jones,1379862,11,good,TEACHER,PROFESSOR,3.9
Environmental Science,352,George Mason University,R.C.,,Jones,1392102,1,good,TEACHER,PROFESSOR,5.0
Criminal Justice,352,George Mason University,John,,Jones,1584470,6,good,TEACHER,PROFESSOR,4.9
Education,352,George Mason University,Nicole,,Jones,2221687,1,good,TEACHER,PROFESSOR,5.0
Engineering,352,George Mason University,Rochelle,,Jones,2243516,7,poor,TEACHER,PROFESSOR,1.9
Biology,352,George Mason University,Jennifer,,Jones,2435585,3,good,TEACHER,PROFESSOR,5.0
Philosophy,352,George Mason University,Rachel,E,Jones,1778201,46,good,TEACHER,PROFESSOR,4.7
Economics,352,George Mason University,Garrett,,Jones,1076507,41,good,TEACHER,PROFESSOR,3.7
Management,352,George Mason University,Tina,,Jones,934423,29,average,TEACHER,PROFESSOR,3.4
Chemistry,352,George Mason University,Rebecca,,Jones,1856503,28,good,TEACHER,PROFESSOR,4.0
Health amp Human Services,352,George Mason University,Margaret,,Jones,2505596,0,zero,TEACHER,PROFESSOR,N/A
Psychology,352,George Mason University,Eleanor,,Jones,2507228,1,good,TEACHER,PROFESSOR,5.0
Geography,352,George Mason University,Sarah,,Jones,2521812,0,zero,TEACHER,PROFESSOR,N/A
Electrical & Comp. Engineering,352,George Mason University,Jim,,Jones,2399283,4,good,TEACHER,PROFESSOR,5.0
Marketing,352,George Mason University,Earl,,Jones,2146261,3,average,TEACHER,PROFESSOR,2.7
Education,352,George Mason University,Sally ,,Jones ,2066715,0,zero,TEACHER,PROFESSOR,N/A
women's Studies,352,George Mason University,Yevette,,Jordan,405273,31,average,TEACHER,PROFESSOR,2.8
Languages,352,George Mason University,Sara,K,Jordan,2389702,5,good,TEACHER,PROFESSOR,5.0
