tDept,tSid,institution_name,tFname,tMiddlename,tLname,tid,tNumRatings,rating_class,contentType,categoryType,overall_rating
Global Studies,352,George Mason University,Ahmet,,Yayla,2232979,10,good,TEACHER,PROFESSOR,4.5
Mathematics,352,George Mason University,Deema,,Yazigi,1418345,9,average,TEACHER,PROFESSOR,3.2
Information Systems & Operations Management,352,George Mason University,Shun,,Ye,1818942,41,good,TEACHER,PROFESSOR,4.0
Biology,352,George Mason University,Fei,,Yi,1954953,5,average,TEACHER,PROFESSOR,3.4
Art,352,George Mason University,Robert,,Yi,2330252,5,good,TEACHER,PROFESSOR,5.0
Physics,352,George Mason University,Erdal,,Yigit,1965287,10,poor,TEACHER,PROFESSOR,1.9
History,352,George Mason University,Huseyin,,Yilmaz,1955335,9,average,TEACHER,PROFESSOR,2.8
English,352,George Mason University,Margaret,,Yocom,775092,11,good,TEACHER,PROFESSOR,4.1
Biology,352,George Mason University,Rebecca-Alyson,,Yoder,1281015,3,good,TEACHER,PROFESSOR,5.0
Nursing,352,George Mason University,Tiffany,D,Yoder,2417396,2,average,TEACHER,PROFESSOR,2.5
Art,352,George Mason University,Andrew,,Yoder,2505017,2,good,TEACHER,PROFESSOR,5.0
English,352,George Mason University,Andrew,,Yom,2309008,0,zero,TEACHER,PROFESSOR,N/A
Economics,352,George Mason University,Yoon,J,Yong,2209709,9,poor,TEACHER,PROFESSOR,1.9
Languages,352,George Mason University,Hei,,Yoo,2295852,28,good,TEACHER,PROFESSOR,4.5
Languages,352,George Mason University,HeiSook,,Yoo,2327090,1,good,TEACHER,PROFESSOR,5.0
Languages,352,George Mason University,Hei Sook,,Yoo,2327008,24,good,TEACHER,PROFESSOR,4.4
Communication,352,George Mason University,Esther,,Yook,1790576,20,good,TEACHER,PROFESSOR,4.1
Communication,352,George Mason University,Eunkyong,,Yook,2257497,2,good,TEACHER,PROFESSOR,4.5
Economics,352,George Mason University,Sang,,Yoon,644423,11,average,TEACHER,PROFESSOR,2.6
Psychology,352,George Mason University,Rachel,,York,1272502,12,good,TEACHER,PROFESSOR,5.0
