tDept,tSid,institution_name,tFname,tMiddlename,tLname,tid,tNumRatings,rating_class,contentType,categoryType,overall_rating
Social Work,352,George Mason University,Kimberly,,Haywood,1615290,3,poor,TEACHER,PROFESSOR,2.3
English,352,George Mason University,Stephanie,,Hazel,1865861,1,poor,TEACHER,PROFESSOR,2.0
Economics,352,George Mason University,Robert,,Hazel,2259939,4,good,TEACHER,PROFESSOR,5.0
Science,352,George Mason University,Robert,,Hazen,199835,69,good,TEACHER,PROFESSOR,4.5
Sports Management,352,George Mason University,Brian,,Head,2470617,3,good,TEACHER,PROFESSOR,5.0
Music,352,George Mason University,John,,Healey,745285,10,good,TEACHER,PROFESSOR,3.9
Biology,352,George Mason University,Brittany,,Heath,2522475,0,zero,TEACHER,PROFESSOR,N/A
Social Work,352,George Mason University,Leanne,,Heaton,1869761,2,good,TEACHER,PROFESSOR,4.5
Information Technology,352,George Mason University,William,,Heaton,2534394,2,good,TEACHER,PROFESSOR,5.0
Religion,352,George Mason University,Balaji,,Hebbar,568729,26,average,TEACHER,PROFESSOR,2.8
Economics,352,George Mason University,David,,Hebert,1696543,14,good,TEACHER,PROFESSOR,4.7
Political Science,352,George Mason University,Hugh,,Heclo,284302,47,good,TEACHER,PROFESSOR,4.0
Nursing,352,George Mason University,Carol,,Heddleston,1110885,2,good,TEACHER,PROFESSOR,4.8
Economics,352,George Mason University,Dave,,Hedengren,1579400,1,good,TEACHER,PROFESSOR,5.0
Engineering,352,George Mason University,Jaime,B.,Hedges,2099555,1,good,TEACHER,PROFESSOR,4.5
women's Studies,352,George Mason University,Marcelle,,Heerschap,1401672,0,zero,TEACHER,PROFESSOR,N/A
English,352,George Mason University,Emily,,Heiden,1872578,6,good,TEACHER,PROFESSOR,4.6
Economics,352,George Mason University,Ronald A,,Heiner,393954,109,good,TEACHER,PROFESSOR,3.7
English,352,George Mason University,Rajpreet,,Heir,1946746,6,good,TEACHER,PROFESSOR,4.8
Psychology,352,George Mason University,Sabine,,Heisman,2415392,8,good,TEACHER,PROFESSOR,4.6
