tDept,tSid,institution_name,tFname,tMiddlename,tLname,tid,tNumRatings,rating_class,contentType,categoryType,overall_rating
Chemistry,352,George Mason University,Pritha,G,Roy,2152705,58,poor,TEACHER,PROFESSOR,2.4
Global Studies,352,George Mason University,Brandon,,Royal,2327738,0,zero,TEACHER,PROFESSOR,N/A
Government,352,George Mason University,Mark,,Royce,2537613,0,zero,TEACHER,PROFESSOR,N/A
Languages,352,George Mason University,Amelie,,Royfe,1817791,2,good,TEACHER,PROFESSOR,3.5
Political Science,352,George Mason University,Mark,,Rozell,496629,4,good,TEACHER,PROFESSOR,4.4
Conflict Analysis,352,George Mason University,Richard,,Rubenstein,1079027,8,good,TEACHER,PROFESSOR,4.7
Physics,352,George Mason University,Phil,,Rubin,622056,19,good,TEACHER,PROFESSOR,3.7
Environmental Science,352,George Mason University,Chris,,Ruck,1606234,4,good,TEACHER,PROFESSOR,4.5
Criminal Justice,352,George Mason University,Danielle,,Rudes,1363057,13,good,TEACHER,PROFESSOR,4.6
English,352,George Mason University,Mark,,Rudnicki,492410,66,good,TEACHER,PROFESSOR,4.2
Art,352,George Mason University,David,,Rueckert,498484,5,good,TEACHER,PROFESSOR,3.9
English,352,George Mason University,Kimberly,A,Ruff,1863911,2,good,TEACHER,PROFESSOR,5.0
Conflict Analysis,352,George Mason University,Innocent,B,Rugaragu,1913990,6,average,TEACHER,PROFESSOR,2.7
Marketing,352,George Mason University,Andrew,,Ruge,1057306,6,good,TEACHER,PROFESSOR,4.2
Languages,352,George Mason University,Ana,,Ruiz,2330544,3,good,TEACHER,PROFESSOR,4.7
Languages,352,George Mason University,Julia,,Ruiz-Ross,1084934,13,good,TEACHER,PROFESSOR,3.6
Criminal Justice,352,George Mason University,Kimberly,,Rule,2000000,2,good,TEACHER,PROFESSOR,5.0
History,352,George Mason University,Thomas,,Rushford,912105,21,good,TEACHER,PROFESSOR,4.0
Education,352,George Mason University,Ashby,,Rushing,1058024,3,average,TEACHER,PROFESSOR,2.8
Economics,352,George Mason University,Jacob,,Russ,1736149,9,good,TEACHER,PROFESSOR,3.7
