tDept,tSid,institution_name,tFname,tMiddlename,tLname,tid,tNumRatings,rating_class,contentType,categoryType,overall_rating
Psychology,352,George Mason University,Stella,,Hongola,1552899,1,good,TEACHER,PROFESSOR,4.5
History,352,George Mason University,Gail,,Hook,1647278,21,good,TEACHER,PROFESSOR,4.0
History,352,George Mason University,Jane,,Hooper,2460266,1,good,TEACHER,PROFESSOR,4.0
Information Technology,352,George Mason University,Timothy,,Hope,2175697,15,good,TEACHER,PROFESSOR,4.1
Communication,352,George Mason University,Ian,,Hopkins,2204769,1,good,TEACHER,PROFESSOR,5.0
Marketing,352,George Mason University,Jessica,,Hoppner,1515046,13,good,TEACHER,PROFESSOR,3.7
Education,352,George Mason University,Rodney,,Hopson,1978246,3,poor,TEACHER,PROFESSOR,1.0
Communication,352,George Mason University,Mark,,Hopson,648201,56,good,TEACHER,PROFESSOR,4.4
Economics,352,George Mason University,Jeffrey,,Horn,1537343,1,good,TEACHER,PROFESSOR,5.0
Economics,352,George Mason University,Jeremy,,Horpedahl,1018631,3,good,TEACHER,PROFESSOR,4.7
Finance,352,George Mason University,Derek,,Horstmeyer,1793639,23,good,TEACHER,PROFESSOR,4.3
Business,352,George Mason University,Michael,,Horton,2410592,9,good,TEACHER,PROFESSOR,4.8
Electrical amp Comp. Engineering,352,George Mason University,Kristi,L.,Horton,2506882,1,poor,TEACHER,PROFESSOR,2.0
Education,352,George Mason University,Laura,,Horvath,1978336,1,good,TEACHER,PROFESSOR,5.0
Cultural Studies,352,George Mason University,Ariella,C,Horwitz,1782195,0,zero,TEACHER,PROFESSOR,N/A
Religion,352,George Mason University,Edwin,,Hostetter,1314774,5,poor,TEACHER,PROFESSOR,1.5
Religion,352,George Mason University,,,Hostettor,520796,24,poor,TEACHER,PROFESSOR,2.3
Engineering,352,George Mason University,Mark,,Houck,400242,24,good,TEACHER,PROFESSOR,3.6
Communication,352,George Mason University,Corrine,,House,1977764,3,good,TEACHER,PROFESSOR,3.5
Economics,352,George Mason University,Daniel,,Houser,1579249,2,good,TEACHER,PROFESSOR,5.0
