tDept,tSid,institution_name,tFname,tMiddlename,tLname,tid,tNumRatings,rating_class,contentType,categoryType,overall_rating
English,352,George Mason University,Marcos,L.,Martinez,2202963,8,good,TEACHER,PROFESSOR,4.7
Communication,352,George Mason University,Ronaldo,,Martinez,2426860,4,good,TEACHER,PROFESSOR,3.5
Mathematics,352,George Mason University,Ruben,,Martinez Avendano,2091607,2,good,TEACHER,PROFESSOR,4.2
Government,352,George Mason University,John,,Marvel,1955102,10,good,TEACHER,PROFESSOR,4.5
Computer Science,352,George Mason University,Dhafer ,,Marzougui,1938112,7,good,TEACHER,PROFESSOR,4.6
Psychology,352,George Mason University,Andrea,,Mascitelli,1921088,0,zero,TEACHER,PROFESSOR,N/A
Physical Education,352,George Mason University,Nicolas,,Masi,2406866,0,zero,TEACHER,PROFESSOR,N/A
Information Science,352,George Mason University,John,,Masiyowski,399584,14,average,TEACHER,PROFESSOR,2.8
Integrative Studies,352,George Mason University,Shayna,,Maskell,2259188,8,good,TEACHER,PROFESSOR,4.8
Fine Arts,352,George Mason University,Richard,,Mason,257916,17,average,TEACHER,PROFESSOR,3.3
English,352,George Mason University,Arin,,Mason,1231821,0,zero,TEACHER,PROFESSOR,N/A
English,352,George Mason University,Holly,,Mason,2090616,11,good,TEACHER,PROFESSOR,4.9
Geography,352,George Mason University,Liz,,Mason-Deese,2376964,0,zero,TEACHER,PROFESSOR,N/A
Economics,352,George Mason University,Zeynab,,Masoudnia,1364713,5,good,TEACHER,PROFESSOR,3.6
English,352,George Mason University,Courtney,,Massie,2377518,3,good,TEACHER,PROFESSOR,4.7
Sociology,352,George Mason University,Patricia,,Masters,309723,100,good,TEACHER,PROFESSOR,3.8
Biology,352,George Mason University,Alexandra,,Masterson,2024281,73,good,TEACHER,PROFESSOR,4.3
Languages,352,George Mason University,Rosalila,,Mastriano,1773327,4,good,TEACHER,PROFESSOR,4.2
Criminal Justice,352,George Mason University,Stephen,,Mastrofski,590737,3,average,TEACHER,PROFESSOR,3.0
Communication,352,George Mason University,Sara,,Mathis,2446399,15,average,TEACHER,PROFESSOR,2.6
