tDept,tSid,institution_name,tFname,tMiddlename,tLname,tid,tNumRatings,rating_class,contentType,categoryType,overall_rating
Nutrition,352,George Mason University,Constance,,Gewa,1804067,17,poor,TEACHER,PROFESSOR,1.8
Computer Science,352,George Mason University,Alnifie,M.,Ghada,2464068,4,good,TEACHER,PROFESSOR,5.0
English,352,George Mason University,Alexandra,,Ghaly,1848129,4,poor,TEACHER,PROFESSOR,2.1
Information Technology,352,George Mason University,Siva,,Ghatti,2273748,3,good,TEACHER,PROFESSOR,5.0
Biology,352,George Mason University,Ramona,,Ghods,1294806,13,good,TEACHER,PROFESSOR,4.2
International Studies,352,George Mason University,Teesta,,Ghosh,230367,60,good,TEACHER,PROFESSOR,4.3
Information Science,352,George Mason University,Jaideep,,Ghosh,752907,29,good,TEACHER,PROFESSOR,4.1
English,352,George Mason University,Kyle,,Giacomozzi,1780718,1,good,TEACHER,PROFESSOR,4.0
Education,352,George Mason University,Lisa,,Giacumo,1996988,1,good,TEACHER,PROFESSOR,3.5
Physical Education,352,George Mason University,Peter,,Giannetti,2176088,0,zero,TEACHER,PROFESSOR,N/A
Computer Science,352,George Mason University,Mark,,Gianturco,1552562,2,good,TEACHER,PROFESSOR,4.2
Criminal Justice,352,George Mason University,Marcus,,Gibbons,1724969,6,good,TEACHER,PROFESSOR,4.3
Communication,352,George Mason University,Timothy,,Gibson,168119,62,good,TEACHER,PROFESSOR,4.7
History,352,George Mason University,Daniel,,Gifford,1664594,8,good,TEACHER,PROFESSOR,4.5
women's Studies,352,George Mason University,Paula,,Gilbert,206326,21,good,TEACHER,PROFESSOR,3.5
Business,352,George Mason University,James,,Gilbert,1942659,0,zero,TEACHER,PROFESSOR,N/A
Business,352,George Mason University,Jim,,Gilbert,2092425,0,zero,TEACHER,PROFESSOR,N/A
Mathematics,352,George Mason University,Rebekah ,A. ,Gilbert ,2033639,23,good,TEACHER,PROFESSOR,3.9
Business,352,George Mason University,Russell,,Gilbertson,2107949,5,average,TEACHER,PROFESSOR,2.8
Sports Management,352,George Mason University,Michael,,Gilchrist,2255914,1,average,TEACHER,PROFESSOR,3.0
