tDept,tSid,institution_name,tFname,tMiddlename,tLname,tid,tNumRatings,rating_class,contentType,categoryType,overall_rating
Communication,352,George Mason University,Emily,,Peterson,1866034,3,good,TEACHER,PROFESSOR,4.7
Philosophy,352,George Mason University,Andrew,H,Peterson,2365823,1,good,TEACHER,PROFESSOR,5.0
Psychology,352,George Mason University,Matthew,,Peterson,793693,27,average,TEACHER,PROFESSOR,3.3
Anthropology,352,George Mason University,Mika'il,,Petin,2206082,1,poor,TEACHER,PROFESSOR,1.0
Information Technology,352,George Mason University,Raghav,C,Petluru,1775740,1,poor,TEACHER,PROFESSOR,1.5
English,352,George Mason University,Alexandria,,Petrassi,2362847,4,good,TEACHER,PROFESSOR,5.0
Music,352,George Mason University,Laura,,Petravage,1673147,3,good,TEACHER,PROFESSOR,5.0
History,352,George Mason University,Paula,,Petrik,471250,27,good,TEACHER,PROFESSOR,4.2
Fine Arts,352,George Mason University,Peter,,Petrine,1192629,27,average,TEACHER,PROFESSOR,3.4
Art,352,George Mason University,Pete,,Petrine,2340677,0,zero,TEACHER,PROFESSOR,N/A
English,352,George Mason University,Justin,,Petrisek,2298142,5,good,TEACHER,PROFESSOR,5.0
English,352,George Mason University,Audrey,,Pettibon,2379165,11,good,TEACHER,PROFESSOR,5.0
Chemistry,352,George Mason University,Katherine,,Pettigrew,1097307,34,average,TEACHER,PROFESSOR,3.0
Computer Science,352,George Mason University,Robert,,Pettit,866058,19,good,TEACHER,PROFESSOR,3.6
Sociology,352,George Mason University,Carol,,Petty,2447611,2,good,TEACHER,PROFESSOR,4.0
Art,352,George Mason University,Paul,,Petzrick,2111415,21,average,TEACHER,PROFESSOR,3.5
Fine Arts,352,George Mason University,Thomas,,Petzwinkler,997329,14,good,TEACHER,PROFESSOR,4.3
Accounting,352,George Mason University,Mikhail,,Pevzner,1071428,37,average,TEACHER,PROFESSOR,3.5
Chemistry,352,George Mason University,Steven,E,Peyton,1907429,5,poor,TEACHER,PROFESSOR,1.8
Political Science,352,George Mason University,James,,Pfiffner,953720,10,good,TEACHER,PROFESSOR,3.7
