tDept,tSid,institution_name,tFname,tMiddlename,tLname,tid,tNumRatings,rating_class,contentType,categoryType,overall_rating
Art,352,George Mason University,Matt,,Nolan,1718503,10,good,TEACHER,PROFESSOR,3.8
Information Systems  Operations Management,352,George Mason University,Michael,,Nolder,2253453,19,good,TEACHER,PROFESSOR,4.9
Mathematics,352,George Mason University,Kumnit,,Nong,1894913,41,good,TEACHER,PROFESSOR,3.7
Nursing,352,George Mason University,Raihana,,Noorzad,563030,10,average,TEACHER,PROFESSOR,3.0
Computer Science,352,George Mason University,Ulrich,,Norbisrath,2260842,1,good,TEACHER,PROFESSOR,5.0
English,352,George Mason University,Lindsey,,Norcross,1867867,3,good,TEACHER,PROFESSOR,5.0
Geology,352,George Mason University,Julia,,Nord,852507,27,poor,TEACHER,PROFESSOR,2.3
Education,352,George Mason University,Luanne,,Norden,104707,17,good,TEACHER,PROFESSOR,4.5
Communication,352,George Mason University,Karin,,Nordin,2464965,2,good,TEACHER,PROFESSOR,4.0
Computer Science,352,George Mason University,D,,Nordstrom,49898,91,good,TEACHER,PROFESSOR,3.8
Environmental Science,352,George Mason University,William,,Norfolk,1852150,3,good,TEACHER,PROFESSOR,5.0
Economics,352,George Mason University,Julia,,Norgaard,2025066,112,good,TEACHER,PROFESSOR,4.5
Psychology,352,George Mason University,Danielle,,Norman,2478413,1,good,TEACHER,PROFESSOR,5.0
Criminal Justice,352,George Mason University,Robert,,Norris,2437723,11,good,TEACHER,PROFESSOR,4.9
Biology,352,George Mason University,Brittany,,North,1551540,3,average,TEACHER,PROFESSOR,3.0
Art,352,George Mason University,Jennifer,R,North,2194246,3,average,TEACHER,PROFESSOR,3.0
Psychology,352,George Mason University,Matthew,,Novak,1035930,3,poor,TEACHER,PROFESSOR,2.2
Criminal Justice,352,George Mason University,Andrew,,Novak,1862776,35,good,TEACHER,PROFESSOR,3.9
Psychology,352,George Mason University,Sarah,,Nowaczyk,1989768,11,good,TEACHER,PROFESSOR,4.5
Engineering,352,George Mason University,Matthew,,Nowinski,2425388,7,good,TEACHER,PROFESSOR,5.0
