tDept,tSid,institution_name,tFname,tMiddlename,tLname,tid,tNumRatings,rating_class,contentType,categoryType,overall_rating
Physics,352,George Mason University,Erhai,,Zhao,1668929,1,good,TEACHER,PROFESSOR,5.0
Statistics,352,George Mason University,Yunpeng,,Zhao,1783094,12,good,TEACHER,PROFESSOR,3.5
Criminal Justice,352,George Mason University,Shuo,,Zhao,2108218,3,poor,TEACHER,PROFESSOR,1.7
Criminal Justice,352,George Mason University,Linda,,Zhaom,2104443,2,average,TEACHER,PROFESSOR,3.0
Computer Science,352,George Mason University,Yutao,,Zhong,1100291,39,good,TEACHER,PROFESSOR,3.8
Biology,352,George Mason University,Zheng,,Zhou,1791761,3,good,TEACHER,PROFESSOR,4.8
Psychology,352,George Mason University,Steven,,Zhou,2517635,0,zero,TEACHER,PROFESSOR,N/A
Psychology,352,George Mason University,Mengmeng,,Zhu,1903144,1,good,TEACHER,PROFESSOR,4.0
Engineering,352,George Mason University,Shanjiang,,Zhu,2093420,1,good,TEACHER,PROFESSOR,4.0
Psychology,352,George Mason University,Ze,,Zhu,2256170,3,good,TEACHER,PROFESSOR,4.3
History,352,George Mason University,Rosemarie,,Zigarri,2231994,0,zero,TEACHER,PROFESSOR,N/A
Information Science,352,George Mason University,Brian,,Ziman,1445706,5,average,TEACHER,PROFESSOR,3.4
Biology,352,George Mason University,Kylie,,Zirbel,1050312,12,good,TEACHER,PROFESSOR,4.7
Geography,352,George Mason University,Edmund,,Zolnik,783984,17,average,TEACHER,PROFESSOR,3.2
Mathematics,352,George Mason University,Stanley,,Zoltek,477165,19,good,TEACHER,PROFESSOR,3.9
English,352,George Mason University,Clayton,,Zuba,2139565,1,good,TEACHER,PROFESSOR,5.0
Geography,352,George Mason University,Andreas,,Zufle,2376959,0,zero,TEACHER,PROFESSOR,N/A
Dance,352,George Mason University,Katherine,,Zukeri,2370691,1,good,TEACHER,PROFESSOR,5.0
Criminal Justice,352,George Mason University,Barry,,Zulauf,2015507,3,poor,TEACHER,PROFESSOR,1.5
Management,352,George Mason University,Katheryn,,Zupan,1554508,2,good,TEACHER,PROFESSOR,4.2
