tDept,tSid,institution_name,tFname,tMiddlename,tLname,tid,tNumRatings,rating_class,contentType,categoryType,overall_rating
Management,352,George Mason University,Jesse,,Bockstedt,1320278,19,average,TEACHER,PROFESSOR,3.0
Mathematics,352,George Mason University,Jonathan,,Bode,1455673,29,average,TEACHER,PROFESSOR,3.5
Economics,352,George Mason University,Peter,,Boettke,15095,33,average,TEACHER,PROFESSOR,3.4
Art,352,George Mason University,Christin,,Boggs,1724589,3,good,TEACHER,PROFESSOR,5.0
Psychology,352,George Mason University,Katelyn,,Boggs,1873132,9,good,TEACHER,PROFESSOR,4.2
Communication,352,George Mason University,Troy,,Bogino,570766,83,good,TEACHER,PROFESSOR,4.7
Technology,352,George Mason University,Paul,,Bohman,1393562,1,good,TEACHER,PROFESSOR,5.0
Information Science,352,George Mason University,Mihai,,Boicu,1096364,22,average,TEACHER,PROFESSOR,3.3
Information Technology,352,George Mason University,Cristina ,,Boicu ,1960899,2,good,TEACHER,PROFESSOR,4.8
Communication,352,George Mason University,Don,,Boileau,152736,59,good,TEACHER,PROFESSOR,4.2
Education,352,George Mason University,Nadine,,Bolkhovitinov,1907997,49,good,TEACHER,PROFESSOR,4.8
Sociology,352,George Mason University,Alex,,Bolkin,1852187,1,good,TEACHER,PROFESSOR,4.0
English,352,George Mason University,Andy,,Bolt,1193037,12,average,TEACHER,PROFESSOR,3.4
Psychology,352,George Mason University,Balca,,Bolumnez,2178870,3,good,TEACHER,PROFESSOR,4.0
Education,352,George Mason University,Susan,,Bon,1572865,4,good,TEACHER,PROFESSOR,5.0
Literature,352,George Mason University,Susan,E,Bond,2341130,0,zero,TEACHER,PROFESSOR,N/A
Religion,352,George Mason University,Susan E,,Bond,1012165,59,good,TEACHER,PROFESSOR,3.5
Engineering,352,George Mason University,Doaa,,Bondok,2430946,7,good,TEACHER,PROFESSOR,4.0
Information Technology,352,George Mason University,James,,Bondra,2505675,0,zero,TEACHER,PROFESSOR,N/A
English,352,George Mason University,M.,,Bondurant,405716,41,good,TEACHER,PROFESSOR,4.1
