tDept,tSid,institution_name,tFname,tMiddlename,tLname,tid,tNumRatings,rating_class,contentType,categoryType,overall_rating
Religion,352,George Mason University,Catherine,Elaine,Prueitt,2308532,7,good,TEACHER,PROFESSOR,3.9
Criminal Justice,352,George Mason University,Daniel,K,Pryce,1840507,6,good,TEACHER,PROFESSOR,3.9
English,352,George Mason University,Sofia,,Puente-Lay,2477660,1,good,TEACHER,PROFESSOR,5.0
English,352,George Mason University,Ana,,Pugatch,2522846,1,good,TEACHER,PROFESSOR,4.0
Computer Science,352,George Mason University,Mark J,,Pullen,612914,15,poor,TEACHER,PROFESSOR,1.9
Languages,352,George Mason University,Aja,,Puopolo,2361086,0,zero,TEACHER,PROFESSOR,N/A
Music,352,George Mason University,Darden,,Purcell,1850515,11,good,TEACHER,PROFESSOR,4.3
Languages,352,George Mason University,Jared,,Purcell,2466929,1,good,TEACHER,PROFESSOR,5.0
Criminal Justice,352,George Mason University,Walter,,Purdy,1916652,21,good,TEACHER,PROFESSOR,4.3
Information Science,352,George Mason University,Hemant,,Purohit,2349399,0,zero,TEACHER,PROFESSOR,N/A
Health Science,352,George Mason University,Dianna,,Purvis,845206,4,average,TEACHER,PROFESSOR,3.2
Economics,352,George Mason University,Nicholas,,Pusateri,2154537,12,good,TEACHER,PROFESSOR,4.6
Communication,352,George Mason University,Andrew,,Pyle,1647111,10,good,TEACHER,PROFESSOR,4.5
Business,352,George Mason University,Murray,James,Pyle,2536974,0,zero,TEACHER,PROFESSOR,N/A
Chemistry,352,George Mason University,Rania,,Qabbani,2242230,0,zero,TEACHER,PROFESSOR,N/A
Statistics,352,George Mason University,Wanli,,Qiao,2167423,1,average,TEACHER,PROFESSOR,3.0
Earth Science,352,George Mason University,John,,Qu,1325265,10,good,TEACHER,PROFESSOR,3.8
Psychology,352,George Mason University,Jake,S,Quartuccio,1822061,28,good,TEACHER,PROFESSOR,4.8
Languages,352,George Mason University,Tatiana,,Queenan,1961402,7,average,TEACHER,PROFESSOR,3.3
Graphic Arts,352,George Mason University,James,,Quigley,2320338,4,good,TEACHER,PROFESSOR,5.0
