tDept,tSid,institution_name,tFname,tMiddlename,tLname,tid,tNumRatings,rating_class,contentType,categoryType,overall_rating
Economics,352,George Mason University,Tate,,Fegley,2423254,3,average,TEACHER,PROFESSOR,3.0
Economics,352,George Mason University,Peter,,Feiden,2252055,7,average,TEACHER,PROFESSOR,3.3
Hospitality,352,George Mason University,Barry,,Feil,1875907,10,good,TEACHER,PROFESSOR,4.8
Psychology,352,George Mason University,Jason,,Feinberg,2231323,6,good,TEACHER,PROFESSOR,4.5
Criminal Justice,352,George Mason University,James,,Feldkamp,1241354,14,good,TEACHER,PROFESSOR,3.8
English,352,George Mason University,Dawn,,Fels,1722587,1,poor,TEACHER,PROFESSOR,1.0
Not Specified,352,George Mason University,Brandi,,Felser,833772,19,good,TEACHER,PROFESSOR,3.5
Criminal Justice,352,George Mason University,Stephen,,Fender,1777682,2,good,TEACHER,PROFESSOR,3.8
Computer Science,352,George Mason University,Torrance,,Fennell,1521823,42,good,TEACHER,PROFESSOR,4.1
Education,352,George Mason University,Daniel,,Ferguson,2486195,2,good,TEACHER,PROFESSOR,3.5
English,352,George Mason University,Elizabeth,,Ferguson,1943839,14,average,TEACHER,PROFESSOR,2.7
Psychology,352,George Mason University,Gina,,Fernandez,1576859,6,good,TEACHER,PROFESSOR,4.7
Mathematics,352,George Mason University,Higinio,,Fernandez,1672886,74,average,TEACHER,PROFESSOR,2.7
English,352,George Mason University,Lourdes,,Fernandez,2079928,13,good,TEACHER,PROFESSOR,4.0
Social Work,352,George Mason University,Ina,,Fernandez,2135447,1,good,TEACHER,PROFESSOR,4.0
Engineering,352,George Mason University,Celso,,Ferreira,1867283,10,good,TEACHER,PROFESSOR,3.7
Engineering,352,George Mason University,Larrie,,Ferreiro,1632301,8,good,TEACHER,PROFESSOR,4.3
Finance,352,George Mason University,Michael,,Ferri,324065,26,good,TEACHER,PROFESSOR,3.5
Psychology,352,George Mason University,David,,Ferrier,2087779,11,good,TEACHER,PROFESSOR,3.5
Languages,352,George Mason University,Melissa,,Ferro,617829,9,good,TEACHER,PROFESSOR,4.6
