tDept,tSid,institution_name,tFname,tMiddlename,tLname,tid,tNumRatings,rating_class,contentType,categoryType,overall_rating
women's Studies,352,George Mason University,Karen,,Misencik,659451,5,good,TEACHER,PROFESSOR,4.8
Physics,352,George Mason University,Yuri,,Mishin,2316765,2,good,TEACHER,PROFESSOR,3.5
Business,352,George Mason University,Anant,,Mishra,1480426,21,good,TEACHER,PROFESSOR,4.5
Economics,352,George Mason University,Vahishta,,Mistry,1113800,0,zero,TEACHER,PROFESSOR,N/A
Economics,352,George Mason University,Matthew,,Mitchell,636096,10,good,TEACHER,PROFESSOR,4.8
Integrated Studies,352,George Mason University,Adam,,Mitchell,1890485,9,good,TEACHER,PROFESSOR,4.3
Conflict Analysis,352,George Mason University,Chris,,Mitchell,2273524,0,zero,TEACHER,PROFESSOR,N/A
English,352,George Mason University,Carol,Patricia,Mitchell,2418196,0,zero,TEACHER,PROFESSOR,N/A
Accounting,352,George Mason University,Jill,,Mitchell,1285428,25,good,TEACHER,PROFESSOR,4.2
English,352,George Mason University,Sara,,Mitcho,754408,51,good,TEACHER,PROFESSOR,4.2
Business,352,George Mason University,Rachel,,Mitrovich,1246227,18,average,TEACHER,PROFESSOR,3.5
English,352,George Mason University,Theresa,,Mlinarcik,1182612,7,average,TEACHER,PROFESSOR,2.7
Economics,352,George Mason University,Lotta,,Moberg,1784292,7,average,TEACHER,PROFESSOR,2.8
Psychology,352,George Mason University,Alex,,Moffett,2163582,7,average,TEACHER,PROFESSOR,2.8
Information Technology,352,George Mason University,Sohel,,Mohammad,2448320,1,good,TEACHER,PROFESSOR,5.0
English,352,George Mason University,Caitlin ,,Mohney,2016818,5,poor,TEACHER,PROFESSOR,1.8
Psychology,352,George Mason University,Jon,,Mohr,802734,18,good,TEACHER,PROFESSOR,4.7
Film,352,George Mason University,Kristin,J,Mohr,2210700,6,average,TEACHER,PROFESSOR,3.2
Psychology,352,George Mason University,Mandana,,Mohtasham,2099820,8,good,TEACHER,PROFESSOR,4.4
Health Science,352,George Mason University,Khalid,,Moidu,1056371,6,good,TEACHER,PROFESSOR,4.2
