tDept,tSid,institution_name,tFname,tMiddlename,tLname,tid,tNumRatings,rating_class,contentType,categoryType,overall_rating
English,352,George Mason University,Tim,,Barzditis,2282397,6,good,TEACHER,PROFESSOR,5.0
Art,352,George Mason University,Rebecca,,Basch,2455825,1,good,TEACHER,PROFESSOR,4.0
Criminal Justice,352,George Mason University,Steven,,Basha,2448265,8,good,TEACHER,PROFESSOR,4.1
Physics,352,George Mason University,Ramin,,Basir,2339458,1,good,TEACHER,PROFESSOR,5.0
Engineering,352,George Mason University,Feras,,Batarseh,2081499,23,good,TEACHER,PROFESSOR,3.5
English,352,George Mason University,Sarah,,Batcheller,2215305,7,good,TEACHER,PROFESSOR,4.8
English,352,George Mason University,Sarah,,Bates,2043003,9,good,TEACHER,PROFESSOR,4.0
Psychology,352,George Mason University,Marjorie,,Battaglia,273084,107,good,TEACHER,PROFESSOR,3.8
Engineering,352,George Mason University,Anthony,,Battistini,2231434,5,good,TEACHER,PROFESSOR,5.0
Computer Science,352,George Mason University,Richard,,Baum,1868416,2,good,TEACHER,PROFESSOR,4.8
Fine Arts,352,George Mason University,L P,,Bauman,237726,18,good,TEACHER,PROFESSOR,4.8
Art History,352,George Mason University,Lisa,,Bauman,433032,196,good,TEACHER,PROFESSOR,4.7
Art,352,George Mason University,Rebecca,,Bausch,2462451,1,good,TEACHER,PROFESSOR,4.0
Criminal Justice,352,George Mason University,Michael,,Bayer,2435872,2,good,TEACHER,PROFESSOR,3.5
English,352,George Mason University,David,,Beach,397271,51,good,TEACHER,PROFESSOR,4.2
Graphic Arts,352,George Mason University,Karen,,Beach,869577,3,good,TEACHER,PROFESSOR,3.8
Music,352,George Mason University,Wade,,Beach,1434040,8,poor,TEACHER,PROFESSOR,2.3
Education,352,George Mason University,Nicole,,Beadles,2457690,0,zero,TEACHER,PROFESSOR,N/A
Mathematics,352,George Mason University,Jonathan,,Beagley,1736373,6,good,TEACHER,PROFESSOR,3.9
Communication,352,George Mason University,Lindsey,,Beall,2218507,4,good,TEACHER,PROFESSOR,4.8
