tDept,tSid,institution_name,tFname,tMiddlename,tLname,tid,tNumRatings,rating_class,contentType,categoryType,overall_rating
Criminal Justice,352,George Mason University,Marc,,Harrold,2215032,2,good,TEACHER,PROFESSOR,5.0
Environmental Science,352,George Mason University,Brett,,Hartl,1820894,11,average,TEACHER,PROFESSOR,3.1
Engineering,352,George Mason University,Joseph,,Hartmann,1350266,9,good,TEACHER,PROFESSOR,4.7
English,352,George Mason University,Tamara,,Harvey,586388,30,good,TEACHER,PROFESSOR,4.3
Marketing,352,George Mason University,James,,Harvey,451007,98,average,TEACHER,PROFESSOR,2.6
History,352,George Mason University,Maxwell,,Harway,724304,7,average,TEACHER,PROFESSOR,2.6
Economics,352,George Mason University,Cameron,,Harwick,2097771,8,good,TEACHER,PROFESSOR,3.5
Career Development,352,George Mason University,Ed,,Hasan,2150759,4,good,TEACHER,PROFESSOR,5.0
Accounting,352,George Mason University,Syd,,Hasan,808649,141,good,TEACHER,PROFESSOR,3.7
Finance,352,George Mason University,Mohammad,,Hasan,2519757,1,average,TEACHER,PROFESSOR,3.0
Global Studies,352,George Mason University,Khadija,,Hashi,2114628,8,poor,TEACHER,PROFESSOR,1.8
Information Technology,352,George Mason University,Irina,,Hashmi,2281862,19,average,TEACHER,PROFESSOR,2.9
English,352,George Mason University,Donald,,Haspel,2338625,10,good,TEACHER,PROFESSOR,4.8
Electrical & Comp. Engineering,352,George Mason University,Kafi,,Hassan,2374671,12,average,TEACHER,PROFESSOR,3.0
Communication,352,George Mason University,Amy,,Hasselkus,1866265,21,good,TEACHER,PROFESSOR,4.9
Integrative Studies,352,George Mason University,Sharrell,,Hassell-Goodman,2058325,5,good,TEACHER,PROFESSOR,4.2
Finance,352,George Mason University,Mark,,Hassinger,1972142,0,zero,TEACHER,PROFESSOR,N/A
Languages,352,George Mason University,Rachel,,Hatcher,1772819,7,good,TEACHER,PROFESSOR,4.9
Nursing,352,George Mason University,Barbara,,Hatcher,1808546,5,poor,TEACHER,PROFESSOR,1.9
Social Work,352,George Mason University,Donna,,Hatfield,1633986,1,poor,TEACHER,PROFESSOR,2.0
