tDept,tSid,institution_name,tFname,tMiddlename,tLname,tid,tNumRatings,rating_class,contentType,categoryType,overall_rating
Psychology,352,George Mason University,Cyrus,K,Foroughi,1878754,12,good,TEACHER,PROFESSOR,5.0
Anthropology,352,George Mason University,Rebecca,,Forrest,1782910,13,good,TEACHER,PROFESSOR,4.2
Criminal Justice,352,George Mason University,David,,Foster,1820544,26,good,TEACHER,PROFESSOR,4.9
History,352,George Mason University,Robin,,Foster,2300937,3,poor,TEACHER,PROFESSOR,1.7
Chemistry,352,George Mason University,Gregory,D,Foster,2272271,6,average,TEACHER,PROFESSOR,3.0
English,352,George Mason University,John,,Foster,452406,45,good,TEACHER,PROFESSOR,4.4
Chemistry,352,George Mason University,Greg,,Foster,428648,72,good,TEACHER,PROFESSOR,3.9
Film,352,George Mason University,Ziad,,Foty,2234087,6,average,TEACHER,PROFESSOR,2.5
English,352,George Mason University,M C,,Fowler,234824,24,good,TEACHER,PROFESSOR,3.9
Environmental Science,352,George Mason University,Amy,,Fowler,2380852,3,good,TEACHER,PROFESSOR,5.0
Biology,352,George Mason University,Donna,,Fox,419144,57,good,TEACHER,PROFESSOR,4.5
Education,352,George Mason University,Rebecca,,Fox,935674,9,good,TEACHER,PROFESSOR,4.9
Psychology,352,George Mason University,Annie,,Fox,2292772,2,good,TEACHER,PROFESSOR,5.0
Mathematics,352,George Mason University,Keith,,Fox,482131,53,average,TEACHER,PROFESSOR,2.9
Computer Science,352,George Mason University,Harry,,Foxwell,967030,5,average,TEACHER,PROFESSOR,3.0
Business,352,George Mason University,James,,Frampton,2491535,4,poor,TEACHER,PROFESSOR,1.0
English,352,George Mason University,Kyle,,Francois,2361615,4,good,TEACHER,PROFESSOR,5.0
Health Science,352,George Mason University,Cara,,Franenfeld,1390343,1,good,TEACHER,PROFESSOR,4.5
Government,352,George Mason University,Edythe,K,Frankel,1898851,1,good,TEACHER,PROFESSOR,5.0
Health & Human Services,352,George Mason University,Cara,,Frankenfeld,1901741,6,good,TEACHER,PROFESSOR,3.5
