tDept,tSid,institution_name,tFname,tMiddlename,tLname,tid,tNumRatings,rating_class,contentType,categoryType,overall_rating
Psychology,352,George Mason University,Vilma,,Nadal,1085728,8,poor,TEACHER,PROFESSOR,2.2
English,352,George Mason University,Robert,,Nadeau,577061,31,average,TEACHER,PROFESSOR,3.1
Information Technology,352,George Mason University,Nithin,,Nadendla,2260762,0,zero,TEACHER,PROFESSOR,N/A
Communication,352,George Mason University,Paula,,Nadler,103389,83,average,TEACHER,PROFESSOR,3.3
English,352,George Mason University,Lorraine,,Naga,965074,20,good,TEACHER,PROFESSOR,4.1
Psychology,352,George Mason University,Jack,,Naglieri,379036,5,average,TEACHER,PROFESSOR,2.7
English,352,George Mason University,Alayna,,Nagurny,2190404,5,average,TEACHER,PROFESSOR,3.2
Information Technology,352,George Mason University,Yudhbir ,,Nagyal,2066132,1,good,TEACHER,PROFESSOR,4.5
Fine Arts,352,George Mason University,Negar,,Nahidian,1065076,29,good,TEACHER,PROFESSOR,4.1
Sociology,352,George Mason University,Manjusha,,Nair,2349233,7,good,TEACHER,PROFESSOR,4.0
Business,352,George Mason University,Juhi,,Naithani,1863588,14,good,TEACHER,PROFESSOR,3.7
Health  Human Services,352,George Mason University,Mena,,Nakhla,2125434,2,poor,TEACHER,PROFESSOR,2.3
Art,352,George Mason University,Kelly,Sang,Nam,2360240,2,average,TEACHER,PROFESSOR,3.0
Art,352,George Mason University,Sang,,Nam,2009028,7,good,TEACHER,PROFESSOR,3.8
Conflict Analysis,352,George Mason University,Sahar,,Namazikhah,2213581,6,poor,TEACHER,PROFESSOR,2.2
Anthropology,352,George Mason University,Kannan,,Nambiar,450024,42,average,TEACHER,PROFESSOR,3.4
Engineering,352,George Mason University,Srikanth,,Namburi,1699782,6,good,TEACHER,PROFESSOR,5.0
Graphic Arts,352,George Mason University,Roberta,,Namy,469764,4,average,TEACHER,PROFESSOR,3.2
Physics,352,George Mason University,Kasuni,,Nanayakkara,2431066,0,zero,TEACHER,PROFESSOR,N/A
English,352,George Mason University,Richard,,Nanian,283733,192,good,TEACHER,PROFESSOR,3.5
