tDept,tSid,institution_name,tFname,tMiddlename,tLname,tid,tNumRatings,rating_class,contentType,categoryType,overall_rating
Mathematics,352,George Mason University,Anton,,Lukyanenko,2311698,10,average,TEACHER,PROFESSOR,3.3
Criminal Justice,352,George Mason University,Cynthia,,Lum,751556,16,good,TEACHER,PROFESSOR,4.3
English,352,George Mason University,Douglas,,Luman,1941062,10,good,TEACHER,PROFESSOR,4.2
Languages,352,George Mason University,Maria-Elvira,,Luna-Escudero-Alie,2381096,0,zero,TEACHER,PROFESSOR,N/A
Languages,352,George Mason University,Marie,,Luna-Escudero-Alie,2010691,5,good,TEACHER,PROFESSOR,4.0
Criminal Justice,352,George Mason University,Henry,R.,Lunardi,1932788,0,zero,TEACHER,PROFESSOR,N/A
Computer Science,352,George Mason University,Juan,,Luo,1448448,9,good,TEACHER,PROFESSOR,3.8
Education,352,George Mason University,Kelly,,Lusk,1152027,3,good,TEACHER,PROFESSOR,3.7
English,352,George Mason University,Rachel,,Lussos,2514978,0,zero,TEACHER,PROFESSOR,N/A
Biology,352,George Mason University,David,,Luther,1501949,34,good,TEACHER,PROFESSOR,4.3
Finance,352,George Mason University,Thomas,,Lutton,421825,0,zero,TEACHER,PROFESSOR,N/A
Health & Human Services,352,George Mason University,Susan,,Lydick,2500389,0,zero,TEACHER,PROFESSOR,N/A
Information Technology,352,George Mason University,Stephen,,Lynch,1825800,1,good,TEACHER,PROFESSOR,5.0
Information Technology,352,George Mason University,Matt,,Lynch,1900202,1,good,TEACHER,PROFESSOR,4.5
Information Technology,352,George Mason University,Charles,,Lynch,2337858,6,good,TEACHER,PROFESSOR,4.7
Sociology,352,George Mason University,Randy,,Lynn,2090130,1,average,TEACHER,PROFESSOR,3.0
Mathematics,352,George Mason University,Matthews,,Lynnell,1674511,0,zero,TEACHER,PROFESSOR,N/A
English,352,George Mason University,Rachel,,Lyon,1051555,4,good,TEACHER,PROFESSOR,4.6
Conflict Analysis,352,George Mason University,Terrence,,Lyons,1066063,14,average,TEACHER,PROFESSOR,3.1
Religion,352,George Mason University,Jonathon,,Lyons,1295381,2,average,TEACHER,PROFESSOR,2.8
