tDept,tSid,institution_name,tFname,tMiddlename,tLname,tid,tNumRatings,rating_class,contentType,categoryType,overall_rating
Physical Ed,352,George Mason University,James,,Kozlowski,586106,13,good,TEACHER,PROFESSOR,4.0
Economics,352,George Mason University,Leonid,,Krasnozhon,1384778,11,average,TEACHER,PROFESSOR,3.4
Communication,352,George Mason University,Amanda,,Kraus,1285741,9,good,TEACHER,PROFESSOR,4.3
Law,352,George Mason University,Michael,,Krauss,385748,7,average,TEACHER,PROFESSOR,3.2
Psychology,352,George Mason University,Steven,,Krauss,1955358,1,poor,TEACHER,PROFESSOR,1.5
Business,352,George Mason University,David,,Kravitz,68733,29,good,TEACHER,PROFESSOR,4.1
Fine Arts,352,George Mason University,Walter,,Kravitz,784887,6,good,TEACHER,PROFESSOR,3.5
Biology,352,George Mason University,Matt,,Krcmarik,2192926,6,good,TEACHER,PROFESSOR,4.3
Education,352,George Mason University,Audrey,,Kremer,1569060,0,zero,TEACHER,PROFESSOR,N/A
Communication,352,George Mason University,Gary,,Kreps,796284,4,average,TEACHER,PROFESSOR,3.3
Information Systems amp Operations Management,352,George Mason University,Ganesh,,Krishnamoorthy,2391977,4,poor,TEACHER,PROFESSOR,2.0
Computer Science,352,George Mason University,Jitin,,Krishnan,2270280,10,good,TEACHER,PROFESSOR,4.1
Economics,352,George Mason University,John,,Kroencke,2446781,2,good,TEACHER,PROFESSOR,5.0
Geography,352,George Mason University,Barry,,Kronenfeld,476532,35,average,TEACHER,PROFESSOR,3.1
Physics,352,George Mason University,John,,Kroon,1473529,16,average,TEACHER,PROFESSOR,3.4
Physical Education,352,George Mason University,Linda,,Krout,1232969,7,average,TEACHER,PROFESSOR,3.4
Communication,352,George Mason University,Robert,,Krueger,1205215,6,good,TEACHER,PROFESSOR,4.8
Neuroscience,352,George Mason University,Frank,,Krueger,2344209,1,average,TEACHER,PROFESSOR,3.0
Art,352,George Mason University,Patricia,,Kruep,2330685,1,poor,TEACHER,PROFESSOR,2.0
English,352,George Mason University,Joshua,,Kryah,1794010,1,good,TEACHER,PROFESSOR,4.5
