tDept,tSid,institution_name,tFname,tMiddlename,tLname,tid,tNumRatings,rating_class,contentType,categoryType,overall_rating
Accounting,352,George Mason University,Jagadison,,Aier,1271785,29,good,TEACHER,PROFESSOR,3.5
Mathematics,352,George Mason University,Lars,,Aiken,1444567,3,good,TEACHER,PROFESSOR,4.7
Education,352,George Mason University,Melissa,,Ainsworth,1058339,2,good,TEACHER,PROFESSOR,4.3
Science,352,George Mason University,Vladimir,,Airapetian,1532387,19,average,TEACHER,PROFESSOR,3.1
Chemistry,352,George Mason University,Carol,,Ajjan,2129211,24,average,TEACHER,PROFESSOR,2.7
English,352,George Mason University,John,,Akhbar,1106481,0,zero,TEACHER,PROFESSOR,N/A
Information Technology,352,George Mason University,Humaira,,Akhtari,2209185,15,average,TEACHER,PROFESSOR,3.1
Economics,352,George Mason University,Bradley,,Akin,1911345,2,good,TEACHER,PROFESSOR,3.8
Engineering,352,George Mason University,Pelin,,Aksoy,72473,97,good,TEACHER,PROFESSOR,4.4
Communication,352,George Mason University,Raymond,,Akwule,647930,2,average,TEACHER,PROFESSOR,3.0
Communication,352,George Mason University,Angelo,,Akyeampong,425711,29,good,TEACHER,PROFESSOR,3.9
Languages,352,George Mason University,Nizar,,Al Seoudi,1931551,7,good,TEACHER,PROFESSOR,5.0
Environmental Science,352,George Mason University,Mishkat,,Al-Moumin,1057210,23,good,TEACHER,PROFESSOR,4.0
Economics,352,George Mason University,Omar,,Al-Ubaydli,1098581,13,good,TEACHER,PROFESSOR,4.7
Chemistry,352,George Mason University,Marjan,,Alaghmand,1847689,60,average,TEACHER,PROFESSOR,2.7
Statistics,352,George Mason University,Arshad,,Alam,1359226,3,good,TEACHER,PROFESSOR,4.0
Information Science,352,George Mason University,Ahmed,,Alazzawe,873524,24,good,TEACHER,PROFESSOR,4.8
Engineering,352,George Mason University,Massimiliano,,Albanese,2122504,2,average,TEACHER,PROFESSOR,3.0
Information Science,352,George Mason University,Massimiliano,,Albanese,2162037,0,zero,TEACHER,PROFESSOR,N/A
English,352,George Mason University,Denise,,Albanese,291651,46,good,TEACHER,PROFESSOR,3.7
