tDept,tSid,institution_name,tFname,tMiddlename,tLname,tid,tNumRatings,rating_class,contentType,categoryType,overall_rating
English,352,George Mason University,John,,Guthrie,2205738,6,good,TEACHER,PROFESSOR,5.0
Integrated Studies,352,George Mason University,Caroline,,Guthrie,2259994,7,good,TEACHER,PROFESSOR,3.7
Cultural Studies,352,George Mason University,Henry,,Gutierrez,1294729,4,good,TEACHER,PROFESSOR,3.9
Engineering,352,George Mason University,Felipe,,Gutierrez ,1964497,3,good,TEACHER,PROFESSOR,4.7
Journalism,352,George Mason University,Robert,,Guttman,2222666,1,poor,TEACHER,PROFESSOR,2.0
Languages,352,George Mason University,Mildred,,Guzman,1498815,6,average,TEACHER,PROFESSOR,2.8
Communication,352,George Mason University,Heather,,Gwaltney,1593126,3,good,TEACHER,PROFESSOR,4.0
Chemistry,352,George Mason University,Tiffany,,HA,1508465,11,good,TEACHER,PROFESSOR,4.0
Geography,352,George Mason University,Barry N.,,Haack,554782,28,good,TEACHER,PROFESSOR,3.7
Engineering,352,George Mason University,Zachary,,Haber,2380221,0,zero,TEACHER,PROFESSOR,N/A
Mathematics,352,George Mason University,,,Habib,309920,18,poor,TEACHER,PROFESSOR,2.3
English,352,George Mason University,Anna,,Habib,575215,39,good,TEACHER,PROFESSOR,4.5
Physics,352,George Mason University,Concorde ,,Habineza,2063300,1,poor,TEACHER,PROFESSOR,1.0
Geology,352,George Mason University,Brandon,,Hack,1961208,1,good,TEACHER,PROFESSOR,4.0
Political Science,352,George Mason University,Darrene,,Hackler,284115,23,poor,TEACHER,PROFESSOR,2.3
Ethnic Studies,352,George Mason University,Bassam,,Haddad,1051684,37,good,TEACHER,PROFESSOR,3.6
Management,352,George Mason University,Jorge,,Haddock,1880756,2,good,TEACHER,PROFESSOR,4.8
Communication,352,George Mason University,Fatima,,Hadji,788048,14,poor,TEACHER,PROFESSOR,2.4
History,352,George Mason University,David,,Hadley,2260231,0,zero,TEACHER,PROFESSOR,N/A
Integrative Studies,352,George Mason University,Alyssa,,Hadley,2523500,0,zero,TEACHER,PROFESSOR,N/A
