tDept,tSid,institution_name,tFname,tMiddlename,tLname,tid,tNumRatings,rating_class,contentType,categoryType,overall_rating
Education,352,George Mason University,Heidi,,Graff,2413822,1,good,TEACHER,PROFESSOR,5.0
Music,352,George Mason University,Joel,,Graham,2193268,5,good,TEACHER,PROFESSOR,4.2
Art,352,George Mason University,David,,Grainger,1921786,2,good,TEACHER,PROFESSOR,4.2
Languages,352,George Mason University,Ludy,,Grandas,867037,20,average,TEACHER,PROFESSOR,3.4
Mathematics,352,George Mason University,Patricia,,Granfield,314375,113,good,TEACHER,PROFESSOR,3.9
Business,352,George Mason University,Tracy,,Granneman,2259475,2,good,TEACHER,PROFESSOR,4.0
Social Work,352,George Mason University,Laura,,Granruth,1521795,1,good,TEACHER,PROFESSOR,4.5
Business,352,George Mason University,Christa,,Grant,2004914,5,average,TEACHER,PROFESSOR,2.7
Biology,352,George Mason University,Geraldine,,Grant,571040,14,good,TEACHER,PROFESSOR,3.9
Accounting,352,George Mason University,William,,Gray,1167861,34,good,TEACHER,PROFESSOR,4.1
English,352,George Mason University,Kellie , Maitland,Gray,1968276,7,average,TEACHER,PROFESSOR,2.7
Psychology,352,George Mason University,John,,Graybeal,1902489,2,good,TEACHER,PROFESSOR,5.0
Communication,352,George Mason University,Mark,,Green,1184218,3,good,TEACHER,PROFESSOR,4.8
International Studies,352,George Mason University,Matt,,Green,1753470,5,average,TEACHER,PROFESSOR,2.9
Sports Management,352,George Mason University,Beverly,Christine,Green,2423757,0,zero,TEACHER,PROFESSOR,N/A
Music,352,George Mason University,Emily,,Green,1881761,24,poor,TEACHER,PROFESSOR,1.8
Computer Science,352,George Mason University,Ben,,Greenberg,2273857,6,good,TEACHER,PROFESSOR,5.0
Languages,352,George Mason University,Nathaniel,,Greenberg,2074930,8,good,TEACHER,PROFESSOR,4.7
Art,352,George Mason University,Daniel,,Greenberg,2498319,1,good,TEACHER,PROFESSOR,5.0
Psychology,352,George Mason University,Jordan,,Greenburg,2300308,2,good,TEACHER,PROFESSOR,5.0
