tDept,tSid,institution_name,tFname,tMiddlename,tLname,tid,tNumRatings,rating_class,contentType,categoryType,overall_rating
Psychology,352,George Mason University,Wendy,,Baccus,2151131,0,zero,TEACHER,PROFESSOR,N/A
Biology,352,George Mason University,Beverly,A.,Bachman,1793358,1,good,TEACHER,PROFESSOR,5.0
Psychology,352,George Mason University,Susan,,Bachus,576420,7,good,TEACHER,PROFESSOR,4.6
Geology,352,George Mason University,M'bark,,Baddouh,2341397,10,poor,TEACHER,PROFESSOR,2.1
Science,352,George Mason University,Andrew,M,Badger,1792953,1,good,TEACHER,PROFESSOR,5.0
English,352,George Mason University,Danielle,,Badra,2102457,9,good,TEACHER,PROFESSOR,4.8
Biology,352,George Mason University,Alan,,Baer,1783077,2,good,TEACHER,PROFESSOR,5.0
Science,352,George Mason University,Claire,,Baetge,2334241,1,good,TEACHER,PROFESSOR,5.0
Statistics,352,George Mason University,Pramita,,Bagchi,2447281,2,good,TEACHER,PROFESSOR,4.5
Health Science,352,George Mason University,Heibatollah,,Baghi,1121958,16,good,TEACHER,PROFESSOR,3.5
Psychology,352,George Mason University,Karen,,Bagley,753316,13,average,TEACHER,PROFESSOR,2.5
Biology,352,George Mason University,Haseeb,,Baha,2370071,0,zero,TEACHER,PROFESSOR,N/A
Management,352,George Mason University,Al,,Baharmast,873969,14,good,TEACHER,PROFESSOR,4.5
Psychology,352,George Mason University,Craig,,Bailey,1518532,9,good,TEACHER,PROFESSOR,3.9
Criminal Justice,352,George Mason University,Jennifer,,Bailey,2026794,13,good,TEACHER,PROFESSOR,4.8
Biology,352,George Mason University,Kristen,,Baird,979599,3,good,TEACHER,PROFESSOR,5.0
Geography,352,George Mason University,Josiah,,Baker,410646,32,good,TEACHER,PROFESSOR,3.5
Physical Education,352,George Mason University,R,,Baker,834796,12,good,TEACHER,PROFESSOR,4.2
English,352,George Mason University,Sarah,,Baker,949710,10,poor,TEACHER,PROFESSOR,2.4
Biology,352,George Mason University,Megan,,Baker,1676452,0,zero,TEACHER,PROFESSOR,N/A
