tDept,tSid,institution_name,tFname,tMiddlename,tLname,tid,tNumRatings,rating_class,contentType,categoryType,overall_rating
Information Technology,352,George Mason University,Sajid,,Mahmood,1897073,25,average,TEACHER,PROFESSOR,2.9
Information Technology,352,George Mason University,Ahmed,Shakeeb,Mahmood,2205206,0,zero,TEACHER,PROFESSOR,N/A
Mathematics,352,George Mason University,Samah,,Mahmoud,1918168,17,good,TEACHER,PROFESSOR,4.9
Nursing,352,George Mason University,Mimi,,Mahon,787062,9,average,TEACHER,PROFESSOR,2.9
Communication,352,George Mason University,Edward,,Maibach,1120693,4,average,TEACHER,PROFESSOR,3.0
Music,352,George Mason University,Anthony,,Maiello,341580,29,good,TEACHER,PROFESSOR,4.3
Management,352,George Mason University,Avinash,,Mainkar,890209,28,average,TEACHER,PROFESSOR,3.4
English,352,George Mason University,Janice,,Majewski,2173644,4,good,TEACHER,PROFESSOR,4.0
Engineering,352,George Mason University,Mohammad,Tariq,Makhdoom,2103791,0,zero,TEACHER,PROFESSOR,N/A
Honors,352,George Mason University,Win,,Malaiwong,1190988,4,good,TEACHER,PROFESSOR,4.8
Business,352,George Mason University,Annette,,Maldonado,2322368,1,good,TEACHER,PROFESSOR,5.0
Computer Science,352,George Mason University,Roberto,Pineda,Maldonado,2527417,0,zero,TEACHER,PROFESSOR,N/A
Computer Science,352,George Mason University,Sam,,Malek,1050563,14,average,TEACHER,PROFESSOR,3.4
Finance,352,George Mason University,,,Malekpour,947471,9,poor,TEACHER,PROFESSOR,2.2
Business,352,George Mason University,Jarar,,Malik,873712,0,zero,TEACHER,PROFESSOR,N/A
Architecture,352,George Mason University,John,,Malinkoff,1371239,0,zero,TEACHER,PROFESSOR,N/A
Information Technology,352,George Mason University,Deepika,,Mallappa,2201620,1,poor,TEACHER,PROFESSOR,1.0
English,352,George Mason University,Karyn,,Mallet,1446486,2,good,TEACHER,PROFESSOR,4.5
Nursing,352,George Mason University,Robert,,Mallinson,1989514,0,zero,TEACHER,PROFESSOR,N/A
Nursing,352,George Mason University,Kevin,,Mallinson,2427702,0,zero,TEACHER,PROFESSOR,N/A
