tDept,tSid,institution_name,tFname,tMiddlename,tLname,tid,tNumRatings,rating_class,contentType,categoryType,overall_rating
Theater,352,George Mason University,Tim,,Chew,334669,20,good,TEACHER,PROFESSOR,4.1
Business,352,George Mason University,Vineet,,Chhabra,2458061,3,average,TEACHER,PROFESSOR,3.3
Business,352,George Mason University,Chiyun,Kwei,Chiang,2478282,2,average,TEACHER,PROFESSOR,3.0
Biology,352,George Mason University,Ylenia,,Chiari,2464059,15,average,TEACHER,PROFESSOR,3.2
Education,352,George Mason University,David,,Chirinos,1963469,1,good,TEACHER,PROFESSOR,5.0
Engineering,352,George Mason University,Parag,,Chitnis,2148279,1,good,TEACHER,PROFESSOR,3.5
Physics,352,George Mason University,Long,,Chiu,1685133,5,poor,TEACHER,PROFESSOR,1.8
Astronomy,352,George Mason University,Long,,Chiu,2172255,0,zero,TEACHER,PROFESSOR,N/A
Engineering,352,George Mason University,Chad,,Chloe,1006331,0,zero,TEACHER,PROFESSOR,N/A
Music,352,George Mason University,Nayoon,,Choi,1993896,1,good,TEACHER,PROFESSOR,5.0
Psychology,352,George Mason University,Ho Kwan,,Choi,2098313,1,poor,TEACHER,PROFESSOR,2.0
Music,352,George Mason University,Yerin,,Choi,2216167,2,poor,TEACHER,PROFESSOR,2.0
Health Science,352,George Mason University,Ric,,Chollar,775532,12,good,TEACHER,PROFESSOR,4.8
Nursing,352,George Mason University,Elizabeth,,Chong,1238862,7,good,TEACHER,PROFESSOR,3.5
Business,352,George Mason University,Belhassen,,Chouikha,753527,5,good,TEACHER,PROFESSOR,4.8
Languages,352,George Mason University,Julie,,Christensen,398632,34,good,TEACHER,PROFESSOR,4.0
Biology,352,George Mason University,Alan,,Christensen,453795,60,average,TEACHER,PROFESSOR,3.4
Psychology,352,George Mason University,Lauren,,Christensen,1031279,6,good,TEACHER,PROFESSOR,4.8
Music,352,George Mason University,Curt,,Christensen,2087853,3,average,TEACHER,PROFESSOR,3.4
Economics,352,George Mason University,Angelina,,Christie,540015,7,good,TEACHER,PROFESSOR,3.6
