tDept,tSid,institution_name,tFname,tMiddlename,tLname,tid,tNumRatings,rating_class,contentType,categoryType,overall_rating
Engineering,352,George Mason University,Rosana,,Stoica,2017929,0,zero,TEACHER,PROFESSOR,N/A
Psychology,352,George Mason University,Laura,,Stokes,899225,9,good,TEACHER,PROFESSOR,3.8
Business,352,George Mason University,Zita,,Stone,1476390,4,good,TEACHER,PROFESSOR,4.8
Physical Education,352,George Mason University,Gwen,,Stone,2093649,1,average,TEACHER,PROFESSOR,3.0
Education,352,George Mason University,Deborah,W,Stone,2502394,0,zero,TEACHER,PROFESSOR,N/A
History,352,George Mason University,Mark,,Stoneman,895228,29,average,TEACHER,PROFESSOR,2.8
Sociology,352,George Mason University,Elizangela,,Storelli,1960271,54,good,TEACHER,PROFESSOR,3.5
Business,352,George Mason University,Porter,,Stowell,1323547,3,average,TEACHER,PROFESSOR,3.3
English,352,George Mason University,Kevin,,Stoy,1007290,10,good,TEACHER,PROFESSOR,3.5
Health  Human Services,352,George Mason University,Michael,,Strand,1928797,15,average,TEACHER,PROFESSOR,3.3
Communication,352,George Mason University,Marissa,,Strang,2439965,3,good,TEACHER,PROFESSOR,3.7
Economics,352,George Mason University,Thomas,,Stratmann,337604,24,average,TEACHER,PROFESSOR,3.3
Languages,352,George Mason University,Marie-Jayne,,Strauss,799331,3,good,TEACHER,PROFESSOR,3.7
Education,352,George Mason University,Candace,,Strawn,955699,4,average,TEACHER,PROFESSOR,2.5
Statistics,352,George Mason University,Kenneth,,Strazzeri,1692837,119,average,TEACHER,PROFESSOR,2.7
English,352,George Mason University,Peter ,L,Streckfus-Green,1991206,15,good,TEACHER,PROFESSOR,4.0
English,352,George Mason University,Heather,,Streckfus-Green,2015824,18,good,TEACHER,PROFESSOR,4.4
Religion,352,George Mason University,Scott,D,Strednak-Singer,2178310,5,good,TEACHER,PROFESSOR,5.0
English,352,George Mason University,David,,Stroup,2294476,8,good,TEACHER,PROFESSOR,4.7
English,352,George Mason University,Alison,,Strub,1336394,1,good,TEACHER,PROFESSOR,5.0
