tDept,tSid,institution_name,tFname,tMiddlename,tLname,tid,tNumRatings,rating_class,contentType,categoryType,overall_rating
Communication,352,George Mason University,Anne,,Smithson,2174628,5,good,TEACHER,PROFESSOR,5.0
Anthropology,352,George Mason University,J,,Snead,206976,18,good,TEACHER,PROFESSOR,4.8
Information Science,352,George Mason University,Daun-Marie,,Sniegowski,1546201,12,average,TEACHER,PROFESSOR,3.3
Mathematics,352,George Mason University,Mohammed,,Snoussi,2308705,5,good,TEACHER,PROFESSOR,3.6
Information Science,352,George Mason University,Charles,,Snow,406400,29,average,TEACHER,PROFESSOR,2.6
Economics,352,George Mason University,Nathanael,,Snow,1336791,13,average,TEACHER,PROFESSOR,2.8
Economics,352,George Mason University,Nicholas A.,,Snow,1462037,7,good,TEACHER,PROFESSOR,5.0
Cyber Security Engineering,352,George Mason University,Charles,,Snow,2453000,0,zero,TEACHER,PROFESSOR,N/A
Political Science,352,George Mason University,Claire,,Snyder,79078,34,good,TEACHER,PROFESSOR,4.0
Accounting,352,George Mason University,Matt,,Snyder,1477668,2,good,TEACHER,PROFESSOR,5.0
Health  Human Services,352,George Mason University,Shannyn ,R,Snyder,2034538,2,good,TEACHER,PROFESSOR,4.5
Computer Science,352,George Mason University,Mark,,Snyder,1621871,109,good,TEACHER,PROFESSOR,4.7
Accounting,352,George Mason University,William,,Snyder,2498116,1,good,TEACHER,PROFESSOR,4.0
Education,352,George Mason University,Sara,,Snyder,2505518,2,poor,TEACHER,PROFESSOR,1.5
Environmental Science,352,George Mason University,Shannyn,,Snyder,1952647,87,good,TEACHER,PROFESSOR,4.7
Government,352,George Mason University,Rebecca,,Snyder-Hall,1526759,1,good,TEACHER,PROFESSOR,4.0
Languages,352,George Mason University,Sufumi,,So,636227,18,good,TEACHER,PROFESSOR,4.9
Physics,352,George Mason University,Paul,,SO,715045,15,good,TEACHER,PROFESSOR,4.4
Political Science,352,George Mason University,Hugh,,Sockett,282046,140,average,TEACHER,PROFESSOR,3.4
Social Work,352,George Mason University,Mimi,,Sodhi,1615572,3,good,TEACHER,PROFESSOR,3.7
