tDept,tSid,institution_name,tFname,tMiddlename,tLname,tid,tNumRatings,rating_class,contentType,categoryType,overall_rating
Communication,352,George Mason University,Yuxiang,,DU,1794521,2,good,TEACHER,PROFESSOR,4.8
Information Science,352,George Mason University,Nick,,Duan,834930,4,poor,TEACHER,PROFESSOR,1.9
Health Science,352,George Mason University,Jennae,,Duarte,1380763,8,good,TEACHER,PROFESSOR,4.2
Communication,352,George Mason University,Emilie,Blake,Dubert,2191544,6,good,TEACHER,PROFESSOR,4.0
Computer Science,352,George Mason University,Vinod,,Dubey,1508750,17,poor,TEACHER,PROFESSOR,2.4
Psychology,352,George Mason University,Samantha,,Dubrow,2037609,5,good,TEACHER,PROFESSOR,5.0
Languages,352,George Mason University,Nadia,,Duchelle,572490,32,average,TEACHER,PROFESSOR,3.1
Political Science,352,George Mason University,Mary,,Duckwitz,1285813,11,average,TEACHER,PROFESSOR,2.7
Political Science,352,George Mason University,Robert,,Dudley,15101,84,average,TEACHER,PROFESSOR,3.5
Languages,352,George Mason University,Natalia,,Dudnik,1515122,16,good,TEACHER,PROFESSOR,4.6
International Studies,352,George Mason University,Colin,,Dueck,909764,29,good,TEACHER,PROFESSOR,4.4
Electrical  Comp. Engineering,352,George Mason University,Luis,A.,Duffaut Espinosa,2248068,0,zero,TEACHER,PROFESSOR,N/A
Information Technology,352,George Mason University,Devin,,Dufur,1818760,12,poor,TEACHER,PROFESSOR,1.9
Education,352,George Mason University,Jodi,,Duke,2446042,1,good,TEACHER,PROFESSOR,5.0
Languages,352,George Mason University,Melissa,,Duluc,2288684,5,good,TEACHER,PROFESSOR,5.0
Psychology,352,George Mason University,Theodore,,Dumas,1321485,5,good,TEACHER,PROFESSOR,4.4
Management,352,George Mason University,Kevin,,Dunayer,2219157,4,good,TEACHER,PROFESSOR,5.0
Business,352,George Mason University,Teresa,,Dunbar,2459987,1,good,TEACHER,PROFESSOR,5.0
Economics,352,George Mason University,Thomas,,Duncan,1689902,1,average,TEACHER,PROFESSOR,3.0
Physical Education,352,George Mason University,Marie,,Duncan,1690130,2,good,TEACHER,PROFESSOR,3.5
