tDept,tSid,institution_name,tFname,tMiddlename,tLname,tid,tNumRatings,rating_class,contentType,categoryType,overall_rating
English,352,George Mason University,Madeleine,,Wattenberg,2088528,2,good,TEACHER,PROFESSOR,3.8
English,352,George Mason University,Jill,,Waybright,1369784,8,average,TEACHER,PROFESSOR,3.3
Communication,352,George Mason University,Melinda,,Weathers,1233210,9,good,TEACHER,PROFESSOR,4.2
Chemistry,352,George Mason University,Gerald,,Weatherspoon,1198872,166,average,TEACHER,PROFESSOR,3.2
Economics,352,George Mason University,Michael,,Webb,1224244,16,good,TEACHER,PROFESSOR,3.9
Geology,352,George Mason University,Amelinda,,Webb,2044792,19,poor,TEACHER,PROFESSOR,2.2
Information Systems & Operations Management,352,George Mason University,Alla,,Webb,2525240,2,poor,TEACHER,PROFESSOR,1.0
Computer Science,352,George Mason University,Diana,,Webber,785855,7,average,TEACHER,PROFESSOR,2.8
Health Science,352,George Mason University,Jonas,,Webster,1050674,7,good,TEACHER,PROFESSOR,3.6
Computer Science,352,George Mason University,Harry,,Wechsler,49895,29,poor,TEACHER,PROFESSOR,2.1
Computer Science,352,George Mason University,Henry,,Wechsler,2530004,0,zero,TEACHER,PROFESSOR,N/A
Biology,352,George Mason University,Andrea,,Weeks,749746,20,average,TEACHER,PROFESSOR,3.0
Biology,352,George Mason University,Weifeng,,Weifeng Wang,1672011,1,good,TEACHER,PROFESSOR,4.0
Science,352,George Mason University,Robert,,Weigel,881179,19,good,TEACHER,PROFESSOR,3.5
Health Science,352,George Mason University,Robert,M,Weiler,2130050,3,average,TEACHER,PROFESSOR,3.0
Languages,352,George Mason University,Steven,,Weinberger,188680,20,good,TEACHER,PROFESSOR,4.5
Economics,352,George Mason University,Diana,,Weinert,883603,9,good,TEACHER,PROFESSOR,4.3
Psychology,352,George Mason University,Hilary,,Weingarden,1671308,12,good,TEACHER,PROFESSOR,4.5
Astronomy,352,George Mason University,Joseph,C,Weingartner,2332529,17,average,TEACHER,PROFESSOR,2.8
Criminal Justice,352,George Mason University,Joel,,Weinstein,1377126,13,good,TEACHER,PROFESSOR,4.2
