tDept,tSid,institution_name,tFname,tMiddlename,tLname,tid,tNumRatings,rating_class,contentType,categoryType,overall_rating
English,352,George Mason University,Ariel,,Goldenthal,2064664,11,good,TEACHER,PROFESSOR,4.0
Languages,352,George Mason University,Mark,,Goldin,385641,11,good,TEACHER,PROFESSOR,4.2
Mathematics,352,George Mason University,Rebecca,,Goldin,56672,58,average,TEACHER,PROFESSOR,3.2
Physics,352,George Mason University,Neil,,Goldman,568634,56,poor,TEACHER,PROFESSOR,2.2
English,352,George Mason University,Jennifer,,Goldsmith,1243342,7,good,TEACHER,PROFESSOR,4.1
Psychology,352,George Mason University,Thalia,R.,Goldstein,2409630,0,zero,TEACHER,PROFESSOR,N/A
Information Technology,352,George Mason University,Sriram Gopal,,Goli,2105045,1,good,TEACHER,PROFESSOR,4.5
Computer Science,352,George Mason University,Hassan,,Gomaa,516450,17,good,TEACHER,PROFESSOR,3.7
Science,352,George Mason University,Richard,,Gomez,1062100,3,poor,TEACHER,PROFESSOR,1.3
History,352,George Mason University,Eric,,Gonzaba,2146115,7,good,TEACHER,PROFESSOR,3.6
Languages,352,George Mason University,Ana,,Gonzales,800325,18,average,TEACHER,PROFESSOR,3.1
English,352,George Mason University,Patricia,C,Gonzales,2289935,2,good,TEACHER,PROFESSOR,5.0
Languages,352,George Mason University,Miguel,,Gonzalez,1377382,7,good,TEACHER,PROFESSOR,3.9
Information Technology,352,George Mason University,David,,Gonzalez,1815077,3,good,TEACHER,PROFESSOR,3.7
Languages,352,George Mason University,Mary,,Gonzalez,2190790,4,good,TEACHER,PROFESSOR,3.8
Psychology,352,George Mason University,Christian ,Alexis ,Gonzalez ,1974909,6,average,TEACHER,PROFESSOR,3.0
Economics,352,George Mason University,Anthony,,Good,2192411,11,good,TEACHER,PROFESSOR,3.8
Technology,352,George Mason University,Vera,,Goodacre,1537812,14,average,TEACHER,PROFESSOR,3.4
Nursing,352,George Mason University,Peggy,,Goode,1094655,3,good,TEACHER,PROFESSOR,5.0
Engineering,352,George Mason University,Deborah,,Goodings,1447676,4,good,TEACHER,PROFESSOR,3.9
