tDept,tSid,institution_name,tFname,tMiddlename,tLname,tid,tNumRatings,rating_class,contentType,categoryType,overall_rating
Business,352,George Mason University,Andre,,Kinney,2272329,0,zero,TEACHER,PROFESSOR,N/A
Physics,352,George Mason University,Jason,,Kinser,1518820,15,average,TEACHER,PROFESSOR,2.5
Science,352,George Mason University,Jim,,Kinter,1651123,9,average,TEACHER,PROFESSOR,3.3
Environmental Science,352,George Mason University,James,L,Kinter,2275456,3,good,TEACHER,PROFESSOR,3.7
English,352,George Mason University,Maoria,,Kirker,2035222,7,good,TEACHER,PROFESSOR,4.8
Management,352,George Mason University,Shelly,,Kirkpatrick,2441454,1,good,TEACHER,PROFESSOR,5.0
Philosophy,352,George Mason University,Jesse,,Kirkpatrick,2447128,0,zero,TEACHER,PROFESSOR,N/A
Social Work,352,George Mason University,Vicki,,Kirsch,1757557,4,good,TEACHER,PROFESSOR,5.0
Government,352,George Mason University,Katalin,,Kiss,2441676,0,zero,TEACHER,PROFESSOR,N/A
Mathematics,352,George Mason University,Phillip,,Kisunzu,2289461,6,poor,TEACHER,PROFESSOR,1.3
Criminal Justice,352,George Mason University,Jack,,Kitaeff,2047412,28,good,TEACHER,PROFESSOR,4.0
Accounting,352,George Mason University,Karen,,Kitching,1065515,72,good,TEACHER,PROFESSOR,3.6
Health Science,352,George Mason University,Panagiota,,Kitsanta,1120992,1,good,TEACHER,PROFESSOR,5.0
Psychology,352,George Mason University,Anastasia,,Kitsantas,1149568,3,good,TEACHER,PROFESSOR,5.0
Anthropology,352,George Mason University,Haagen,,Klaus,1847045,31,good,TEACHER,PROFESSOR,4.3
Mathematics,352,George Mason University,Hannah,,Klawa,2231726,4,good,TEACHER,PROFESSOR,3.5
Economics,352,George Mason University,Mark,,Klee,1694282,5,good,TEACHER,PROFESSOR,3.9
Communication,352,George Mason University,Holly,,Klee,2275322,1,good,TEACHER,PROFESSOR,5.0
Psychology,352,George Mason University,Evan,,Kleiman,1457482,14,good,TEACHER,PROFESSOR,4.8
Communication,352,George Mason University,Steve,,Klein,292208,61,good,TEACHER,PROFESSOR,3.6
