tDept,tSid,institution_name,tFname,tMiddlename,tLname,tid,tNumRatings,rating_class,contentType,categoryType,overall_rating
Mathematics,352,George Mason University,Tyler,,Russ,2271782,4,good,TEACHER,PROFESSOR,4.5
Humanities,352,George Mason University,Eric,,Russel,2494571,1,good,TEACHER,PROFESSOR,5.0
Statistics,352,George Mason University,John,Morgan,Russell,1941346,36,average,TEACHER,PROFESSOR,2.6
English,352,George Mason University,Alisa,,Russell,2074247,4,good,TEACHER,PROFESSOR,5.0
Business,352,George Mason University,Anthony,,Russell,2226294,1,good,TEACHER,PROFESSOR,5.0
Computer Science,352,George Mason University,Katherine,,Russell,2038141,67,average,TEACHER,PROFESSOR,2.5
Economics,352,George Mason University,Thomas,,Rustici,16612,667,good,TEACHER,PROFESSOR,3.5
Global Studies,352,George Mason University,Andrea,,Rutan,1835962,15,average,TEACHER,PROFESSOR,3.4
Social Science,352,George Mason University,Dennis,,Rutledge,52037,20,average,TEACHER,PROFESSOR,2.8
English,352,George Mason University,Amelia,,Rutledge,190675,78,poor,TEACHER,PROFESSOR,2.5
Sociology,352,George Mason University,Dennis,,Rutlidge,1348336,1,good,TEACHER,PROFESSOR,5.0
English,352,George Mason University,Sophia,,Rutti,2440297,3,good,TEACHER,PROFESSOR,5.0
Criminal Justice,352,George Mason University,Thomas,,Ryan,1603445,15,good,TEACHER,PROFESSOR,4.9
Criminal Justice,352,George Mason University,Pamela,,Ryan ,1981094,1,good,TEACHER,PROFESSOR,5.0
Music,352,George Mason University,Benjamin,,Ryer,2331478,1,good,TEACHER,PROFESSOR,4.0
Physical Ed,352,George Mason University,Alexandre,,Ryjik,768697,4,good,TEACHER,PROFESSOR,4.8
Information Technology,352,George Mason University,Ioulia,,Rytikova,179643,123,good,TEACHER,PROFESSOR,4.2
Information Science,352,George Mason University,Julia,,Rytikova,1091180,1,good,TEACHER,PROFESSOR,4.5
Not Specified,352,George Mason University,Shin Kue,,Ryu,1083473,5,average,TEACHER,PROFESSOR,3.4
Accounting,352,George Mason University,Jonathan,,Saad,2438110,6,good,TEACHER,PROFESSOR,4.3
