tDept,tSid,institution_name,tFname,tMiddlename,tLname,tid,tNumRatings,rating_class,contentType,categoryType,overall_rating
Biology,352,George Mason University,Carla,Milagros,Mere Roncal ,1922034,3,average,TEACHER,PROFESSOR,3.4
Communication,352,George Mason University,Jerusalem,,Merkebu,2209235,3,good,TEACHER,PROFESSOR,3.7
Criminal Justice,352,George Mason University,Linda,,Merola,1071049,15,good,TEACHER,PROFESSOR,4.3
Mathematics,352,George Mason University,Cindy,,Merrick,714314,10,good,TEACHER,PROFESSOR,4.8
Communication,352,George Mason University,Kimberley,,Merritt,1723527,1,good,TEACHER,PROFESSOR,4.5
Education,352,George Mason University,Sydney,,Merz,1803365,3,good,TEACHER,PROFESSOR,5.0
Conflict Analysis,352,George Mason University,Gul,,Mescioglu Gur,1865368,20,good,TEACHER,PROFESSOR,4.0
English,352,George Mason University,Jennifer,,Messier,1893704,15,good,TEACHER,PROFESSOR,4.3
Accounting,352,George Mason University,Ian,,Messing,2179813,49,good,TEACHER,PROFESSOR,5.0
Finance,352,George Mason University,Boubker,Drissi,Messouak,2529098,0,zero,TEACHER,PROFESSOR,N/A
Health Science,352,George Mason University,James,,Metcalf,557621,66,good,TEACHER,PROFESSOR,4.0
Art,352,George Mason University,Cyle,,Metzger,1817938,1,good,TEACHER,PROFESSOR,5.0
English,352,George Mason University,Ryan,,Meyer,1892420,8,good,TEACHER,PROFESSOR,5.0
Economics,352,George Mason University,Carrie,,Meyer,322261,51,average,TEACHER,PROFESSOR,2.8
History,352,George Mason University,Megan,,Meyers,1725289,2,good,TEACHER,PROFESSOR,4.5
Criminal Justice,352,George Mason University,Maryellen,,Meymarian,1708555,6,good,TEACHER,PROFESSOR,3.9
Chemistry,352,George Mason University,Anthony,,Michael,2167656,12,poor,TEACHER,PROFESSOR,1.8
Information Technology,352,George Mason University,Randy,,Michak,2134829,10,good,TEACHER,PROFESSOR,4.8
English,352,George Mason University,Teresa,,Michals,93433,30,good,TEACHER,PROFESSOR,3.9
English,352,George Mason University,Sara,,Micho,1373090,0,zero,TEACHER,PROFESSOR,N/A
