tDept,tSid,institution_name,tFname,tMiddlename,tLname,tid,tNumRatings,rating_class,contentType,categoryType,overall_rating
Integrative Studies,352,George Mason University,Adrienne,,Teague,2323541,1,poor,TEACHER,PROFESSOR,2.0
Computer Science,352,George Mason University,Gheorghe,,Tecuci,789471,21,average,TEACHER,PROFESSOR,3.4
Biology,352,George Mason University,Elizabeth,,Tedder,2231669,4,good,TEACHER,PROFESSOR,5.0
Psychology,352,George Mason University,Samar,,Tehrani,1848757,18,average,TEACHER,PROFESSOR,2.5
Engineering,352,George Mason University,Eric,,Teitelman,2166794,0,zero,TEACHER,PROFESSOR,N/A
Anthropology,352,George Mason University,Daniel,,Temple,1957769,9,average,TEACHER,PROFESSOR,3.1
Not Specified,352,George Mason University,Rebecca,,Tenally,1561152,20,average,TEACHER,PROFESSOR,2.5
Mathematics,352,George Mason University,Stephen,,Tennenbaum,1478529,6,average,TEACHER,PROFESSOR,2.8
Conflict Analysis,352,George Mason University,Molly,,Tepper,1733653,5,good,TEACHER,PROFESSOR,3.6
Psychology,352,George Mason University,Daniel,,Terhar,1397211,0,zero,TEACHER,PROFESSOR,N/A
Political Science,352,George Mason University,Jessica,,Terman,2065334,8,good,TEACHER,PROFESSOR,4.0
Nutrition,352,George Mason University,Alicja,,Terzian,1901695,12,average,TEACHER,PROFESSOR,3.2
Psychology,352,George Mason University,Lois,,Tetrick,227507,11,poor,TEACHER,PROFESSOR,2.0
Communication,352,George Mason University,Jaggadish,,Thacker,1340627,3,good,TEACHER,PROFESSOR,4.0
Graphic Arts,352,George Mason University,Cory,,Thacker,1862993,2,good,TEACHER,PROFESSOR,5.0
Communication,352,George Mason University,Cong,,Tham,1589801,1,poor,TEACHER,PROFESSOR,1.0
Information Science,352,George Mason University,Steven,,Tharp,1406230,65,average,TEACHER,PROFESSOR,3.3
Management,352,George Mason University,Matthew,,Theeke,1763644,6,good,TEACHER,PROFESSOR,5.0
Health Science,352,George Mason University,Karyn,,Theis,926223,23,average,TEACHER,PROFESSOR,3.2
History,352,George Mason University,McCord ,,Theodore,1980300,22,good,TEACHER,PROFESSOR,4.0
