tDept,tSid,institution_name,tFname,tMiddlename,tLname,tid,tNumRatings,rating_class,contentType,categoryType,overall_rating
Computer Science,352,George Mason University,Qing,,Tian,2308345,3,good,TEACHER,PROFESSOR,4.0
Electrical amp Comp. Engineering,352,George Mason University,Zhi,Gerry,Tian,2459050,2,average,TEACHER,PROFESSOR,3.0
Communication,352,George Mason University,Kristin,,Timm,2286319,1,good,TEACHER,PROFESSOR,5.0
English,352,George Mason University,Eleanor,,Tipton,1434921,15,average,TEACHER,PROFESSOR,2.9
Communication,352,George Mason University,Phillip,,Tirpak,544554,18,good,TEACHER,PROFESSOR,4.1
Physical Education,352,George Mason University,Sean Sang,,To,2269032,0,zero,TEACHER,PROFESSOR,N/A
Art History,352,George Mason University,Ellen,,Todd,385793,18,good,TEACHER,PROFESSOR,4.2
Information Technology,352,George Mason University,Amir,,Tofighi,1949666,25,good,TEACHER,PROFESSOR,4.7
Art,352,George Mason University,Benjamin,,Tolman,1997908,2,average,TEACHER,PROFESSOR,3.0
Communication,352,George Mason University,Susan,,Tomasovic,309767,73,average,TEACHER,PROFESSOR,3.0
Social Work,352,George Mason University,Evelyn,,Tomaszewski,2453548,1,good,TEACHER,PROFESSOR,4.0
English,352,George Mason University,Niles,,Tomlinson,1373566,2,good,TEACHER,PROFESSOR,4.2
Social Work,352,George Mason University,Cathy,,Tompkins,545002,13,average,TEACHER,PROFESSOR,3.2
Computer Science,352,George Mason University,Michael,,Tompkins,1646184,20,good,TEACHER,PROFESSOR,3.6
Social Work,352,George Mason University,Rosamond,,Tompkins,2317206,4,average,TEACHER,PROFESSOR,2.5
Biology,352,George Mason University,Alison,,Tomson,2217322,18,good,TEACHER,PROFESSOR,4.2
Biology,352,George Mason University,Brenda,,Tondi,431148,142,good,TEACHER,PROFESSOR,3.5
Communication,352,George Mason University,Xing,,Tong,1831000,9,good,TEACHER,PROFESSOR,4.2
Education,352,George Mason University,Nicole,,Tongo,2247696,1,good,TEACHER,PROFESSOR,5.0
Sports Management,352,George Mason University,Chris,,Topping,1577942,2,good,TEACHER,PROFESSOR,4.0
