tDept,tSid,institution_name,tFname,tMiddlename,tLname,tid,tNumRatings,rating_class,contentType,categoryType,overall_rating
Languages,352,George Mason University,Brian,,McLoughlin,1579656,2,good,TEACHER,PROFESSOR,3.5
Government,352,George Mason University,Helen,,McManus,2370727,3,good,TEACHER,PROFESSOR,5.0
English,352,George Mason University,Sheila,,McMullin,1635145,3,good,TEACHER,PROFESSOR,4.8
Biology,352,George Mason University,Elizabeth,,McMurchie,2367628,2,average,TEACHER,PROFESSOR,2.5
Biology,352,George Mason University,Armena,,McNair,1021596,5,good,TEACHER,PROFESSOR,4.1
Economics,352,George Mason University,William,,McNaught,1098690,32,good,TEACHER,PROFESSOR,3.6
Political Science,352,George Mason University,Hazel,,McPherson,1177398,5,good,TEACHER,PROFESSOR,3.9
Information Systems & Operations Management,352,George Mason University,Arnold,,McStravick,2415250,5,average,TEACHER,PROFESSOR,2.8
Economics,352,George Mason University,Hannah,,Mead,2019119,4,good,TEACHER,PROFESSOR,4.5
Marketing,352,George Mason University,Laurie,,Meamber,408589,23,good,TEACHER,PROFESSOR,4.8
Film,352,George Mason University,Sam,,Meddis,2091052,4,good,TEACHER,PROFESSOR,3.9
Psychology,352,George Mason University,Kristen,,Medeiros,1566192,16,good,TEACHER,PROFESSOR,4.9
Geography,352,George Mason University,Richard,,Medina,1653844,12,good,TEACHER,PROFESSOR,4.2
Accounting,352,George Mason University,Matthew,,Medlin,1728767,3,good,TEACHER,PROFESSOR,4.2
Management,352,George Mason University,Linda,,Medlock,1813199,23,good,TEACHER,PROFESSOR,4.6
Psychology,352,George Mason University,Emily,,Medvin,1843822,6,good,TEACHER,PROFESSOR,4.7
English,352,George Mason University,Kathryn,,Meeks,2430512,3,good,TEACHER,PROFESSOR,5.0
English,352,George Mason University,Rebecca,,Megeehan,1271697,1,good,TEACHER,PROFESSOR,5.0
Music,352,George Mason University,Juan,F.,Megna,2378927,3,good,TEACHER,PROFESSOR,5.0
Psychology,352,George Mason University,Robyn,,Mehlenbeck,1968802,1,good,TEACHER,PROFESSOR,4.0
