tDept,tSid,institution_name,tFname,tMiddlename,tLname,tid,tNumRatings,rating_class,contentType,categoryType,overall_rating
Anthropology,352,George Mason University,Anne Marie,,Munson,2406508,5,good,TEACHER,PROFESSOR,4.6
English,352,George Mason University,Ranjani,,Murali,1450723,0,zero,TEACHER,PROFESSOR,N/A
Languages,352,George Mason University,Madeline,,Muravchik,1648542,5,good,TEACHER,PROFESSOR,4.8
Psychology,352,George Mason University,Erin,,Murdoch,1960170,38,good,TEACHER,PROFESSOR,4.8
History,352,George Mason University,Curtis,,Murphy,855895,3,good,TEACHER,PROFESSOR,4.3
Communication,352,George Mason University,Joshua,,Murphy,2045900,18,good,TEACHER,PROFESSOR,4.8
Athletics,352,George Mason University,Heather,,Murphy,2085471,6,good,TEACHER,PROFESSOR,4.0
Biology,352,George Mason University,Logan,,Murphy,2104571,0,zero,TEACHER,PROFESSOR,N/A
Economics,352,George Mason University,Jon,,Murphy,2437263,4,good,TEACHER,PROFESSOR,4.8
Criminal Justice,352,George Mason University,John,,Murphy,1999812,12,good,TEACHER,PROFESSOR,4.6
Finance,352,George Mason University,Jim,,Murray,1174450,30,good,TEACHER,PROFESSOR,3.9
Information Technology,352,George Mason University,Joseph,,Murray,1898772,4,poor,TEACHER,PROFESSOR,2.1
Science,352,George Mason University,Donal,,Murray,2424266,1,good,TEACHER,PROFESSOR,5.0
Business,352,George Mason University,James,,Murray,2436432,2,average,TEACHER,PROFESSOR,3.0
Chemistry,352,George Mason University,George,,Mushrush,501410,50,good,TEACHER,PROFESSOR,3.5
Conflict Analysis,352,George Mason University,Martha,,Mutisi,1444659,1,good,TEACHER,PROFESSOR,3.5
History,352,George Mason University,Megan,,Myers,1674125,9,good,TEACHER,PROFESSOR,4.2
Sociology,352,George Mason University,Tyler,,Myroniuk,2239453,5,good,TEACHER,PROFESSOR,4.4
Health Science,352,George Mason University,Kathryn,,Nabatoff,1528782,12,good,TEACHER,PROFESSOR,4.5
Information Technology,352,George Mason University,Mohamad Omar,,Nachawati,2091818,19,good,TEACHER,PROFESSOR,4.8
