tDept,tSid,institution_name,tFname,tMiddlename,tLname,tid,tNumRatings,rating_class,contentType,categoryType,overall_rating
Mathematics,352,George Mason University,Justin,Z,Schroeder,1876272,25,good,TEACHER,PROFESSOR,3.7
Psychology,352,George Mason University,Mark,,Schroeder,2529753,0,zero,TEACHER,PROFESSOR,N/A
Education,352,George Mason University,Lynn,,Schrum,1003766,3,average,TEACHER,PROFESSOR,3.0
Art History,352,George Mason University,Vanessa,,Schulman,2301740,6,good,TEACHER,PROFESSOR,4.3
History,352,George Mason University,Susan,,Schulze,1061076,150,average,TEACHER,PROFESSOR,3.3
Communication,352,George Mason University,Amy,,Schumacher,1905481,1,good,TEACHER,PROFESSOR,5.0
Psychology,352,George Mason University,Mary,,Schumann,533439,21,good,TEACHER,PROFESSOR,4.7
Biology,352,George Mason University,Angela,,Schwab,2001816,0,zero,TEACHER,PROFESSOR,N/A
Communication,352,George Mason University,Lane,,Schwager,2426928,7,good,TEACHER,PROFESSOR,5.0
Social Work,352,George Mason University,Sanford,,Schwartz,1971985,7,good,TEACHER,PROFESSOR,3.8
Biology,352,George Mason University,Reid,,Schwebach,1600959,34,good,TEACHER,PROFESSOR,4.1
Biology,352,George Mason University,James,,Schwebach,2037190,10,good,TEACHER,PROFESSOR,4.3
Information Technology,352,George Mason University,Tamara,,Schweinsberg,2069587,10,average,TEACHER,PROFESSOR,3.5
Nutrition,352,George Mason University,Amy,,Schweitzer,2502949,1,poor,TEACHER,PROFESSOR,2.0
Sociology,352,George Mason University,Joseph,,Scimecca,394568,47,average,TEACHER,PROFESSOR,3.5
English,352,George Mason University,Peggy,,Scolaro,524037,65,good,TEACHER,PROFESSOR,4.3
Psychology,352,George Mason University,Margaret,J,Scolaro,1010485,22,good,TEACHER,PROFESSOR,3.7
Management,352,George Mason University,Nicola,,Scott,614096,83,good,TEACHER,PROFESSOR,3.6
English,352,George Mason University,Laura,,Scott,834439,7,good,TEACHER,PROFESSOR,3.7
Cultural Studies,352,George Mason University,Kristin,,Scott,1229603,20,good,TEACHER,PROFESSOR,4.2
