tDept,tSid,institution_name,tFname,tMiddlename,tLname,tid,tNumRatings,rating_class,contentType,categoryType,overall_rating
Sociology,352,George Mason University,Mohamed,,Elgohari,2378624,1,average,TEACHER,PROFESSOR,3.0
Criminal Justice,352,George Mason University,Richard,,Elias,2242141,12,good,TEACHER,PROFESSOR,4.1
Conflict Analysis,352,George Mason University,Maneshka,,Eliatamby,1594544,1,good,TEACHER,PROFESSOR,5.0
Health & Human Services,352,George Mason University,Julia,,Elkind,1916678,11,average,TEACHER,PROFESSOR,2.5
Information Technology,352,George Mason University,Nithin,,Ellanki,2129456,5,average,TEACHER,PROFESSOR,3.4
English,352,George Mason University,Weeren,,Ellen K,2301997,6,good,TEACHER,PROFESSOR,5.0
Ethnic Studies,352,George Mason University,Beti,,Ellerson,1309414,1,average,TEACHER,PROFESSOR,2.5
Education,352,George Mason University,Susan,,Elliott,1729337,0,zero,TEACHER,PROFESSOR,N/A
Social Work,352,George Mason University,Scott,,Ellis,375834,0,zero,TEACHER,PROFESSOR,N/A
Mathematics,352,George Mason University,William,,Ellis,1078572,15,good,TEACHER,PROFESSOR,4.8
English,352,George Mason University,Matthew,,Ellsworth,393894,10,good,TEACHER,PROFESSOR,3.5
Physics,352,George Mason University,Robert,,Ellsworth,882655,6,average,TEACHER,PROFESSOR,2.7
Geology,352,George Mason University,Stephen,,Elmore,868296,11,good,TEACHER,PROFESSOR,4.4
Computer Science,352,George Mason University,Mohamed,,Elsabagh,1798185,3,good,TEACHER,PROFESSOR,4.8
Theater,352,George Mason University,Ken,,Elston,339190,26,good,TEACHER,PROFESSOR,4.3
History,352,George Mason University,Chris,,Elzey,1868568,82,good,TEACHER,PROFESSOR,4.5
Sociology,352,George Mason University,Jessica,,Emami,2051508,2,good,TEACHER,PROFESSOR,4.0
Information Technology,352,George Mason University,Ali,,Emdadi,1921907,7,poor,TEACHER,PROFESSOR,1.5
Mathematics,352,George Mason University,Maria,,Emelianenko,1028191,34,good,TEACHER,PROFESSOR,4.2
Social Work,352,George Mason University,Laurie,,Emmer-Martin,2214433,11,average,TEACHER,PROFESSOR,3.1
