tDept,tSid,institution_name,tFname,tMiddlename,tLname,tid,tNumRatings,rating_class,contentType,categoryType,overall_rating
Education,352,George Mason University,Jennifer,I,Hathaway,2185127,0,zero,TEACHER,PROFESSOR,N/A
Geography,352,George Mason University,Jonathon,,Hathaway,2330319,0,zero,TEACHER,PROFESSOR,N/A
Not Specified,352,George Mason University,Angela Jean,,Hattery,1834210,2,good,TEACHER,PROFESSOR,4.8
Criminal Justice,352,George Mason University,Lucinda,,Hatton,1917468,5,good,TEACHER,PROFESSOR,4.6
Chemistry,352,George Mason University,Kimi,,Hatton,408276,127,average,TEACHER,PROFESSOR,2.5
Fine Arts,352,George Mason University,Tiffany,,Haughn,485416,24,good,TEACHER,PROFESSOR,3.8
Criminal Justice,352,George Mason University,John ,,Hauser,1954413,2,good,TEACHER,PROFESSOR,5.0
Criminal Justice,352,George Mason University,Kirsten,,Hauser,2080855,8,average,TEACHER,PROFESSOR,3.5
Marketing,352,George Mason University,Angela,,Hausman,2237282,2,poor,TEACHER,PROFESSOR,1.0
Political Science,352,George Mason University,Chip,,Hauss,192887,55,average,TEACHER,PROFESSOR,3.0
Biology,352,George Mason University,Jessica ,,Havens,2087105,1,good,TEACHER,PROFESSOR,5.0
History,352,George Mason University,Robert,,Hawkes,405057,32,good,TEACHER,PROFESSOR,4.7
Communication,352,George Mason University,Katherine,Hyatt,Hawkins,2181980,3,good,TEACHER,PROFESSOR,5.0
Communication,352,George Mason University,Deion,,Hawkins,2351627,1,good,TEACHER,PROFESSOR,5.0
Psychology,352,George Mason University,John,,Hawley,358531,28,good,TEACHER,PROFESSOR,4.2
Biology,352,George Mason University,Todd,,Hawley,1521457,0,zero,TEACHER,PROFESSOR,N/A
Electrical  Comp. Engineering,352,George Mason University,Monson,,Hayes,2089365,7,average,TEACHER,PROFESSOR,3.2
Communication,352,George Mason University,Christine,,Haynes,1022275,25,good,TEACHER,PROFESSOR,4.4
Art,352,George Mason University,Wayles,,Haynes,1486557,12,good,TEACHER,PROFESSOR,3.7
Geography,352,George Mason University,Aisha,,Haynes,1668593,3,average,TEACHER,PROFESSOR,2.7
