tDept,tSid,institution_name,tFname,tMiddlename,tLname,tid,tNumRatings,rating_class,contentType,categoryType,overall_rating
Mathematics,352,George Mason University,Robert,,Sims,500564,101,poor,TEACHER,PROFESSOR,2.4
Statistics,352,George Mason University,Robert,L,Sims,1930492,1,poor,TEACHER,PROFESSOR,1.0
Health & Human Services,352,George Mason University,Courtney,,Sims,2445295,2,average,TEACHER,PROFESSOR,3.0
English,352,George Mason University,Robin,,Sinckler,1452679,5,poor,TEACHER,PROFESSOR,1.0
Business,352,George Mason University,Harvey,,Singer,210277,302,average,TEACHER,PROFESSOR,3.1
Information Technology,352,George Mason University,Ishan,,Singh,2299712,1,good,TEACHER,PROFESSOR,4.0
Information Systems & Operations Management,352,George Mason University,Prabhjot,,Singh,2522462,6,poor,TEACHER,PROFESSOR,1.8
Information Technology,352,George Mason University,Devansh,,Singhvi,2343706,0,zero,TEACHER,PROFESSOR,N/A
Education,352,George Mason University,Korey,,Singleton,1380268,1,good,TEACHER,PROFESSOR,5.0
Mathematics,352,George Mason University,David,,Singman,54498,92,good,TEACHER,PROFESSOR,4.1
English,352,George Mason University,Megan,,Sipos,2190521,4,good,TEACHER,PROFESSOR,3.5
Engineering,352,George Mason University,Hiba,,Siraj,2533943,0,zero,TEACHER,PROFESSOR,N/A
Mathematics,352,George Mason University,Wadie,,Sirgany,500494,3,poor,TEACHER,PROFESSOR,1.8
Environmental Science,352,George Mason University,Ashley,,Sitar,1532876,12,good,TEACHER,PROFESSOR,4.6
Biology,352,George Mason University,Shruthi,,Sivakumar,1861108,1,good,TEACHER,PROFESSOR,5.0
Criminal Justice,352,George Mason University,Rachna,,Sizemore,924090,47,average,TEACHER,PROFESSOR,2.9
Biology,352,George Mason University,Nancy,,Skacel,1962482,7,good,TEACHER,PROFESSOR,5.0
Chemistry,352,George Mason University,Callista,,Skaggs,2423596,2,poor,TEACHER,PROFESSOR,2.0
Economics,352,George Mason University,David,,Skarbek,1219465,2,good,TEACHER,PROFESSOR,4.5
English,352,George Mason University,Kelli,,Skinner,1002384,7,average,TEACHER,PROFESSOR,2.8
