tDept,tSid,institution_name,tFname,tMiddlename,tLname,tid,tNumRatings,rating_class,contentType,categoryType,overall_rating
Health Science,352,George Mason University,Sally,Sagen,Lorentson,2153585,1,good,TEACHER,PROFESSOR,5.0
Engineering,352,George Mason University,Craig,,Lorie,1348506,48,good,TEACHER,PROFESSOR,3.9
Psychology,352,George Mason University,Tetrick,,Louis,313045,1,poor,TEACHER,PROFESSOR,2.0
History,352,George Mason University,Claire,,Love,2416856,5,good,TEACHER,PROFESSOR,4.8
Mathematics,352,George Mason University,Jack,,Love,1892664,16,good,TEACHER,PROFESSOR,4.1
Anthropology,352,George Mason University,Justin,,Lowry,1708433,26,average,TEACHER,PROFESSOR,3.1
Psychology,352,George Mason University,Jennifer,,Loya,2268995,10,good,TEACHER,PROFESSOR,3.7
Economics,352,George Mason University,Franz,,Loyola,1711028,1,average,TEACHER,PROFESSOR,2.5
Physical Education,352,George Mason University,Xiaolin,,LU,1739848,1,average,TEACHER,PROFESSOR,2.5
Communication,352,George Mason University,Suzanne,,Lubkowski,1002931,8,poor,TEACHER,PROFESSOR,2.4
Integrative Studies,352,George Mason University,Nance,,Lucas,2139373,1,good,TEACHER,PROFESSOR,5.0
Economics,352,George Mason University,David,,Lucas,2206579,6,good,TEACHER,PROFESSOR,3.7
Career Development,352,George Mason University,Jillian,,Lucas,2494570,1,good,TEACHER,PROFESSOR,5.0
Biology,352,George Mason University,Alessandra,,Luchini,1580158,7,good,TEACHER,PROFESSOR,4.6
History,352,George Mason University,Yehuda,,Luckaks,240255,20,poor,TEACHER,PROFESSOR,2.2
Communication,352,George Mason University,Amy,,Ludewig-Fisher,1397788,3,good,TEACHER,PROFESSOR,4.7
Government,352,George Mason University,Ann,,Ludwick,2419686,2,good,TEACHER,PROFESSOR,5.0
Computer Science,352,George Mason University,Sean,,Luke,271052,44,good,TEACHER,PROFESSOR,3.5
Physics,352,George Mason University,Tanushree,,Luke,1325348,38,good,TEACHER,PROFESSOR,4.4
Geology,352,George Mason University,Laura,,Lukes,2014106,2,good,TEACHER,PROFESSOR,5.0
