tDept,tSid,institution_name,tFname,tMiddlename,tLname,tid,tNumRatings,rating_class,contentType,categoryType,overall_rating
Political Science,352,George Mason University,Eric,,McGlinchey,775088,59,good,TEACHER,PROFESSOR,4.0
Biology,352,George Mason University,Christine,,McGown,1569822,1,good,TEACHER,PROFESSOR,3.5
History,352,George Mason University,Stamatina,,McGrath,893571,10,good,TEACHER,PROFESSOR,3.5
Nutrition,352,George Mason University,Kelly,,McGrath,1514488,7,good,TEACHER,PROFESSOR,5.0
Political Science,352,George Mason University,Robert,,McGrath,1604556,26,good,TEACHER,PROFESSOR,3.7
English,352,George Mason University,Bree,,McGregor,2493819,1,good,TEACHER,PROFESSOR,5.0
Psychology,352,George Mason University,Joseph,,Mcguinness,2141602,15,good,TEACHER,PROFESSOR,4.7
Art History,352,George Mason University,Heather,,McGuire,2301728,5,average,TEACHER,PROFESSOR,3.2
Education,352,George Mason University,Hugh,,Mcintosh,2440321,1,poor,TEACHER,PROFESSOR,2.0
Humanities,352,George Mason University,Hasani,,McIntosh,2495333,1,poor,TEACHER,PROFESSOR,2.0
Political Science,352,George Mason University,Jill,,McKee,1230380,9,average,TEACHER,PROFESSOR,2.8
Government,352,George Mason University,Michael,,McKenney,1762596,5,good,TEACHER,PROFESSOR,4.6
Information Technology,352,George Mason University,Brian,,McKeon,2369356,4,good,TEACHER,PROFESSOR,5.0
Psychology,352,George Mason University,Marcia,,Mckinley,2440425,18,poor,TEACHER,PROFESSOR,1.5
English,352,George Mason University,Maheba,,McKinney,438634,38,good,TEACHER,PROFESSOR,3.5
Psychology,352,George Mason University,Patrick,,McKnight,1262323,8,good,TEACHER,PROFESSOR,4.0
Technology,352,George Mason University,John,,McLaughlin,1439915,4,average,TEACHER,PROFESSOR,3.1
Nursing,352,George Mason University,M.Maureen,,McLaughlin,1462529,0,zero,TEACHER,PROFESSOR,N/A
Nursing,352,George Mason University,Maureen,,McLaughlin,1462530,0,zero,TEACHER,PROFESSOR,N/A
women's Studies,352,George Mason University,T,,McLoone,770605,9,good,TEACHER,PROFESSOR,3.6
