tDept,tSid,institution_name,tFname,tMiddlename,tLname,tid,tNumRatings,rating_class,contentType,categoryType,overall_rating
Geography,352,George Mason University,Patricia,,Boudinot,461874,122,good,TEACHER,PROFESSOR,3.8
Economics,352,George Mason University,Donald,,Boudreaux,149339,233,good,TEACHER,PROFESSOR,4.2
Graphic Arts,352,George Mason University,Eamonn,T,Bourke,1785559,1,good,TEACHER,PROFESSOR,4.0
Languages,352,George Mason University,Andrew,,Bowen,1623894,12,good,TEACHER,PROFESSOR,4.9
Global Studies,352,George Mason University,Heather,,Bowen,2090235,4,average,TEACHER,PROFESSOR,2.8
Global Studies,352,George Mason University,Ryan,,Bowerman,2338995,5,good,TEACHER,PROFESSOR,4.4
Political Science,352,George Mason University,Jennifer,,Bowie,1212558,18,good,TEACHER,PROFESSOR,4.5
Earth Science,352,George Mason University,Zafer,,Boybeyi,1175438,8,average,TEACHER,PROFESSOR,3.0
Graphic Arts,352,George Mason University,Karyn,,Boyce,2448261,2,good,TEACHER,PROFESSOR,4.0
Sociology,352,George Mason University,Marcus,,Boyd,1880211,3,good,TEACHER,PROFESSOR,4.3
Philosophy,352,George Mason University,Derek,,Boyd,1193453,78,average,TEACHER,PROFESSOR,3.0
Nursing,352,George Mason University,Jane,,Boyde,877913,2,good,TEACHER,PROFESSOR,5.0
Psychology,352,George Mason University,Caroline E.,,Boyer,1073885,2,good,TEACHER,PROFESSOR,4.2
Biology,352,George Mason University,Emma,,Boyer,1805329,2,average,TEACHER,PROFESSOR,2.8
Mathematics,352,George Mason University,Joanna,,Boyette,1777316,45,poor,TEACHER,PROFESSOR,2.1
Education,352,George Mason University,Andrea,,Boykin,2327428,2,good,TEACHER,PROFESSOR,5.0
English,352,George Mason University,Sarah,,Boyle,2205305,1,good,TEACHER,PROFESSOR,4.0
Business,352,George Mason University,Simon,,Boylen,2051694,23,good,TEACHER,PROFESSOR,4.3
Biology,352,George Mason University,Christine,,Bozarth,783206,7,good,TEACHER,PROFESSOR,4.3
Not Specified,352,George Mason University,Jerome,,Bozek,1688357,19,average,TEACHER,PROFESSOR,3.4
