tDept,tSid,institution_name,tFname,tMiddlename,tLname,tid,tNumRatings,rating_class,contentType,categoryType,overall_rating
English,352,George Mason University,Zana,B,Sahyouni,2275699,5,average,TEACHER,PROFESSOR,3.4
Mathematics,352,George Mason University,Vandana,,Saini,1512463,8,good,TEACHER,PROFESSOR,3.6
Information Science,352,George Mason University,Shambu,,Sainju,1177533,9,good,TEACHER,PROFESSOR,4.4
Languages,352,George Mason University,Michiko,,Saitou,705845,30,good,TEACHER,PROFESSOR,4.1
Engineering,352,George Mason University,Helmy,,Saker,2445676,2,good,TEACHER,PROFESSOR,4.5
Conflict Analysis,352,George Mason University,Nilofar,,Sakhi,2360095,2,poor,TEACHER,PROFESSOR,1.0
Psychology,352,George Mason University,Andrew,C.,Salatino,2431677,0,zero,TEACHER,PROFESSOR,N/A
Languages,352,George Mason University,Omar,,Salawdeh,1264754,36,good,TEACHER,PROFESSOR,3.7
Biology,352,George Mason University,Sahar,,Saleem,2321709,5,good,TEACHER,PROFESSOR,4.0
Languages,352,George Mason University,Essam,,Salem,2053959,2,good,TEACHER,PROFESSOR,5.0
Environmental Science,352,George Mason University,Jennifer,,Salerno,2209020,3,good,TEACHER,PROFESSOR,5.0
Communication,352,George Mason University,Mallory,,Saleson,2361252,3,good,TEACHER,PROFESSOR,4.7
History,352,George Mason University,Ruma,,Salhi,1481117,10,average,TEACHER,PROFESSOR,2.5
History,352,George Mason University,Susan,,Salinas,1352421,0,zero,TEACHER,PROFESSOR,N/A
Conflict Analysis,352,George Mason University,Randall,,Salm,1671492,2,good,TEACHER,PROFESSOR,3.5
Engineering,352,George Mason University,Ahmad,,Salman,1732975,8,good,TEACHER,PROFESSOR,4.0
Economics,352,George Mason University,Alexander,,Salter,1822490,1,good,TEACHER,PROFESSOR,4.5
Dance,352,George Mason University,Samantha,,Salters,2457523,1,good,TEACHER,PROFESSOR,5.0
Languages,352,George Mason University,Carol Saltzman,,Saltzman,1397595,20,good,TEACHER,PROFESSOR,4.8
Engineering,352,George Mason University,Carolina,,Salvador-Morales,1888723,4,good,TEACHER,PROFESSOR,4.3
