tDept,tSid,institution_name,tFname,tMiddlename,tLname,tid,tNumRatings,rating_class,contentType,categoryType,overall_rating
Conflict Analysis,352,George Mason University,Thomas,,Flores,1583434,4,good,TEACHER,PROFESSOR,4.1
Anthropology,352,George Mason University,Ilona,,Flores,2217219,3,good,TEACHER,PROFESSOR,4.7
Languages,352,George Mason University,Jordan,Celine,Flynn,2354087,1,good,TEACHER,PROFESSOR,5.0
Anthropology,352,George Mason University,Kelly,,Flyte,2085133,1,good,TEACHER,PROFESSOR,4.5
English,352,George Mason University,Kerry,,Folan,2085947,16,poor,TEACHER,PROFESSOR,1.9
Electrical & Comp. Engineering,352,George Mason University,Keith,,Follansbee,2431764,0,zero,TEACHER,PROFESSOR,N/A
Electrical & Comp. Engineering,352,George Mason University,Peter,,Fonash,2302994,3,average,TEACHER,PROFESSOR,3.0
Health Science,352,George Mason University,Stephanie,,Fonda,1309234,1,good,TEACHER,PROFESSOR,5.0
Culinary Arts,352,George Mason University,Carly,,Fondreas,838755,0,zero,TEACHER,PROFESSOR,N/A
Biology,352,George Mason University,Gwen,,Fondufe,179647,296,good,TEACHER,PROFESSOR,3.8
Information Systems & Operations Management,352,George Mason University,Sandra,,Fonseca,2379821,3,good,TEACHER,PROFESSOR,4.0
English,352,George Mason University,Daniel,,Ford,1059422,1,good,TEACHER,PROFESSOR,5.0
Physics,352,George Mason University,Reginald,,Ford,1871737,3,good,TEACHER,PROFESSOR,3.7
Communication,352,George Mason University,Meggan,,Ford,2025945,7,good,TEACHER,PROFESSOR,5.0
English,352,George Mason University,Nicole,,Foreman,860184,2,good,TEACHER,PROFESSOR,5.0
Social Work,352,George Mason University,Deborah,,Foreman,1838403,4,poor,TEACHER,PROFESSOR,1.2
Chemistry,352,George Mason University,Kenneth,,Foreman,2502639,4,average,TEACHER,PROFESSOR,2.5
Social Work,352,George Mason University,Sarah,Beth,Forgione,2140750,6,good,TEACHER,PROFESSOR,4.6
Biology,352,George Mason University,Rebecca,,Forkner,1234569,12,good,TEACHER,PROFESSOR,4.8
Criminal Justice,352,George Mason University,Kevin,,Fornshill,1864125,30,good,TEACHER,PROFESSOR,5.0
