tDept,tSid,institution_name,tFname,tMiddlename,tLname,tid,tNumRatings,rating_class,contentType,categoryType,overall_rating
Psychology,352,George Mason University,Caitlin,,Groeber,1613150,5,good,TEACHER,PROFESSOR,4.3
English,352,George Mason University,Stephen,,Groening,1767177,12,good,TEACHER,PROFESSOR,4.8
English,352,George Mason University,Barbara,,Grogan,1064862,0,zero,TEACHER,PROFESSOR,N/A
English,352,George Mason University,Barbara,,Grogan-Barone,51962,80,good,TEACHER,PROFESSOR,4.6
Economics,352,George Mason University,Timothy,,Groseclose,2323686,7,good,TEACHER,PROFESSOR,3.5
Management,352,George Mason University,Robert,E,Grosse,1764097,0,zero,TEACHER,PROFESSOR,N/A
Communication,352,George Mason University,Wendy,,Grossman,1477133,6,average,TEACHER,PROFESSOR,2.9
Education,352,George Mason University,Susan,,Groundwater,2015828,1,good,TEACHER,PROFESSOR,4.5
History,352,George Mason University,Glenn,,Groves,1926187,4,average,TEACHER,PROFESSOR,3.0
Geography,352,George Mason University,Charles A,,Grymes,634422,18,average,TEACHER,PROFESSOR,2.8
Sociology,352,George Mason University,Greg,,Guagnano,521023,37,good,TEACHER,PROFESSOR,4.1
Business,352,George Mason University,Robert,,Guardian,2073631,0,zero,TEACHER,PROFESSOR,N/A
Health  Human Services,352,George Mason University,Leigh,,Guarinello,2252067,7,good,TEACHER,PROFESSOR,5.0
Criminal Justice,352,George Mason University,Teresa,,Gudaitis,2355995,5,good,TEACHER,PROFESSOR,5.0
Business,352,George Mason University,Ramesh,,Gudur,2376582,2,good,TEACHER,PROFESSOR,5.0
Information Technology,352,George Mason University,Rishita,,Guduru,2516328,0,zero,TEACHER,PROFESSOR,N/A
Biology,352,George Mason University,Irene,,Guendel Sanchez,1745192,6,good,TEACHER,PROFESSOR,4.2
Health  Human Services,352,George Mason University,Stacey,,Guenther,2069298,1,good,TEACHER,PROFESSOR,4.5
Criminal Justice,352,George Mason University,Larry,,Guerin,2332873,9,good,TEACHER,PROFESSOR,5.0
Fine Arts,352,George Mason University,Natalie,,Guerrieri,614295,30,good,TEACHER,PROFESSOR,4.4
