tDept,tSid,institution_name,tFname,tMiddlename,tLname,tid,tNumRatings,rating_class,contentType,categoryType,overall_rating
Economics,352,George Mason University,Marta,,Podemska Mikluch,1553685,4,good,TEACHER,PROFESSOR,4.1
Biology,352,George Mason University,Deborah,,Polayes,474978,98,average,TEACHER,PROFESSOR,3.5
English,352,George Mason University,Thomas,,Polk,2248854,4,good,TEACHER,PROFESSOR,4.0
Health  Human Services,352,George Mason University,Anna,,Pollack,1993593,7,average,TEACHER,PROFESSOR,2.8
Information Technology,352,George Mason University,Rebecca,,Pollard,2302882,5,average,TEACHER,PROFESSOR,2.6
Management,352,George Mason University,Heather,,Pollock,1036869,5,poor,TEACHER,PROFESSOR,1.6
English,352,George Mason University,Miriam,,Pollock,1217098,0,zero,TEACHER,PROFESSOR,N/A
Mathematics,352,George Mason University,Roman,,Polyak,707784,8,poor,TEACHER,PROFESSOR,2.3
Psychology,352,George Mason University,Leon,,Pomeroy,809075,13,average,TEACHER,PROFESSOR,3.1
Political Science,352,George Mason University,Christine,,Pommerening,1691209,1,poor,TEACHER,PROFESSOR,1.0
Communication,352,George Mason University,Laura,,Poms,123096,74,good,TEACHER,PROFESSOR,4.2
English,352,George Mason University,Whitney,,Poole,1705603,1,good,TEACHER,PROFESSOR,5.0
Psychology,352,George Mason University,Jennifer,,Poon,2175841,4,good,TEACHER,PROFESSOR,4.2
Health  Human Services,352,George Mason University,Zachary,,Pope,2020280,2,average,TEACHER,PROFESSOR,3.0
Information Technology,352,George Mason University,James,,Pope,1959125,10,good,TEACHER,PROFESSOR,4.8
Physical Education,352,George Mason University,Dartanya,,Porch,1412738,0,zero,TEACHER,PROFESSOR,N/A
Art,352,George Mason University,Jorge,,Porrata,1580559,6,average,TEACHER,PROFESSOR,3.1
Communication,352,George Mason University,Donald,,Porter,1958930,1,good,TEACHER,PROFESSOR,5.0
Music,352,George Mason University,Dave,,Porter,2186793,0,zero,TEACHER,PROFESSOR,N/A
Information Technology,352,George Mason University,Christopher,B,Porter,2338242,0,zero,TEACHER,PROFESSOR,N/A
