tDept,tSid,institution_name,tFname,tMiddlename,tLname,tid,tNumRatings,rating_class,contentType,categoryType,overall_rating
English,352,George Mason University,Randa,,Saad,2535806,1,poor,TEACHER,PROFESSOR,1.0
Computer Science,352,George Mason University,Asasa,,Saas,1190308,0,zero,TEACHER,PROFESSOR,N/A
Psychology,352,George Mason University,Isaac,,Sabat,1866925,11,good,TEACHER,PROFESSOR,4.4
Economics,352,George Mason University,Leonard,,Sabetti,1711229,2,good,TEACHER,PROFESSOR,4.0
Political Science,352,George Mason University,John,,Sacco,802553,16,poor,TEACHER,PROFESSOR,1.8
Research,352,George Mason University,Donna,,Sacco,2214200,1,good,TEACHER,PROFESSOR,5.0
Engineering,352,George Mason University,DK,,Sachdev,1186726,7,poor,TEACHER,PROFESSOR,2.2
Religion,352,George Mason University,Abdulaziz,,Sachedina,2079512,9,good,TEACHER,PROFESSOR,4.2
Mathematics,352,George Mason University,Robert,,Sachs,384082,89,average,TEACHER,PROFESSOR,3.3
Anthropology,352,George Mason University,Rashmi,,Sadana,1784169,12,good,TEACHER,PROFESSOR,4.5
History,352,George Mason University,John,,Saddler,336756,99,average,TEACHER,PROFESSOR,3.2
Chemistry,352,George Mason University,Philip,,Sadighan,2135813,2,poor,TEACHER,PROFESSOR,1.0
Chemistry,352,George Mason University,Philip,Dean,Sadighian,2222401,0,zero,TEACHER,PROFESSOR,N/A
Government,352,George Mason University,Shirin,,Saeidi,2271744,4,average,TEACHER,PROFESSOR,3.3
Economics,352,George Mason University,Patricia,,Saenz,2245701,5,poor,TEACHER,PROFESSOR,1.0
Literature,352,George Mason University,Jeff,T,Saferite,2424732,0,zero,TEACHER,PROFESSOR,N/A
Economics,352,George Mason University,Ryan,,Safner,1820638,39,good,TEACHER,PROFESSOR,4.9
Engineering,352,George Mason University,Andrew,,Sage,535540,7,poor,TEACHER,PROFESSOR,2.1
Economics,352,George Mason University,Elif,Demiral,Saglam,2270614,1,good,TEACHER,PROFESSOR,4.0
Chemistry,352,George Mason University,Saswata,,Sahoo,1659748,22,poor,TEACHER,PROFESSOR,1.6
