tDept,tSid,institution_name,tFname,tMiddlename,tLname,tid,tNumRatings,rating_class,contentType,categoryType,overall_rating
Biology,352,George Mason University,Trishna,,Dutta,1633275,6,good,TEACHER,PROFESSOR,3.6
Communication,352,George Mason University,Ashley,,Duval,2311612,7,good,TEACHER,PROFESSOR,4.8
Physics,352,George Mason University,Maria,,Dworzecka,548178,21,poor,TEACHER,PROFESSOR,2.4
Conflict Analysis,352,George Mason University,Leslie,,Dwyer,1805091,10,average,TEACHER,PROFESSOR,3.5
Finance,352,George Mason University,Brian,,Dycus,1624627,4,good,TEACHER,PROFESSOR,4.4
Psychology,352,George Mason University,Sarah,,Dziura,1901731,4,good,TEACHER,PROFESSOR,4.8
Computer Science,352,George Mason University,Michael,,Eagle,2444416,0,zero,TEACHER,PROFESSOR,N/A
Mathematics,352,George Mason University,Deanna,,Easley,2248650,6,good,TEACHER,PROFESSOR,4.7
Geology,352,George Mason University,Joe,,East,624145,9,good,TEACHER,PROFESSOR,4.4
Music,352,George Mason University,Mary Ann,,East,2225619,1,good,TEACHER,PROFESSOR,5.0
Government,352,George Mason University,Lindsay,,Eberhardt,2408123,2,average,TEACHER,PROFESSOR,2.5
women's Studies,352,George Mason University,Kim,,Eby,206338,12,good,TEACHER,PROFESSOR,4.6
Science,352,George Mason University,Brian,,Eckenrode,2349565,2,good,TEACHER,PROFESSOR,5.0
Philosophy,352,George Mason University,Lisa,,Eckenwiler,1210186,22,average,TEACHER,PROFESSOR,3.4
Art,352,George Mason University,Gregory,Vincert,Eckler,1810741,1,good,TEACHER,PROFESSOR,5.0
Mathematics,352,George Mason University,Douglas,,Eckley,2146412,10,good,TEACHER,PROFESSOR,4.6
Social Work,352,George Mason University,Rachel,,Edmunds,1876774,0,zero,TEACHER,PROFESSOR,N/A
Criminal Justice,352,George Mason University,Chris,,Edmunds,1752150,27,good,TEACHER,PROFESSOR,4.5
Government,352,George Mason University,Sheldon,M,Edner,1917641,6,average,TEACHER,PROFESSOR,3.3
Biology,352,George Mason University,Cody,,Edwards,540787,88,good,TEACHER,PROFESSOR,3.6
