tDept,tSid,institution_name,tFname,tMiddlename,tLname,tid,tNumRatings,rating_class,contentType,categoryType,overall_rating
Computer Science,352,George Mason University,Wang,,Shuangbao,821691,1,good,TEACHER,PROFESSOR,4.5
Business,352,George Mason University,Julie,,Shubin,1007568,63,good,TEACHER,PROFESSOR,3.8
Psychology,352,George Mason University,Michael,,Shulman,2207298,10,poor,TEACHER,PROFESSOR,2.4
Information Technology,352,George Mason University,Gene,,Shuman,2278324,15,good,TEACHER,PROFESSOR,3.5
Psychology,352,George Mason University,Robin,,Shusko,2445710,2,good,TEACHER,PROFESSOR,5.0
English,352,George Mason University,Debra Lattanzi,,Shutika,396462,40,average,TEACHER,PROFESSOR,3.0
Engineering,352,George Mason University,Dong,Jye,Shyy,1818264,4,good,TEACHER,PROFESSOR,4.0
Information Science,352,George Mason University,Edgar,,Sibley,557594,9,average,TEACHER,PROFESSOR,2.8
Chemistry,352,George Mason University,Shirin,,Siddiqui,1402721,10,average,TEACHER,PROFESSOR,2.8
Information Science,352,George Mason University,Snigdha,,Siddula,1666325,0,zero,TEACHER,PROFESSOR,N/A
Biology,352,George Mason University,Tovah,,Siegel,2379315,3,average,TEACHER,PROFESSOR,3.0
Statistics,352,George Mason University,Richard,,Sigman,2490330,1,average,TEACHER,PROFESSOR,3.0
Philosophy,352,George Mason University,Michael,,Sigrist,869667,9,poor,TEACHER,PROFESSOR,2.3
Mathematics,352,George Mason University,Emanuel,,Sikali,766313,5,poor,TEACHER,PROFESSOR,1.2
Sociology,352,George Mason University,Blake,,Silver,2205298,25,good,TEACHER,PROFESSOR,4.9
Nursing,352,George Mason University,Ann,,Silvonek,1283228,1,average,TEACHER,PROFESSOR,3.0
Humanities,352,George Mason University,Solon,,Simmons,977130,9,good,TEACHER,PROFESSOR,3.6
Computer Science,352,George Mason University,Robert,,Simon,249521,19,average,TEACHER,PROFESSOR,3.3
Communication,352,George Mason University,Dava,,Simpson,933122,34,average,TEACHER,PROFESSOR,2.9
Biology,352,George Mason University,Byron,,Simpson,2110761,1,good,TEACHER,PROFESSOR,5.0
