tDept,tSid,institution_name,tFname,tMiddlename,tLname,tid,tNumRatings,rating_class,contentType,categoryType,overall_rating
Computer Science,352,George Mason University,Eric,,Osterweil,2476993,0,zero,TEACHER,PROFESSOR,N/A
Education,352,George Mason University,Vivian,,Ota Wang,1143996,2,good,TEACHER,PROFESSOR,5.0
History,352,George Mason University,Jessica,,Otis,2423617,2,good,TEACHER,PROFESSOR,4.5
Computer Science,352,George Mason University,John,,Otten,1903402,67,good,TEACHER,PROFESSOR,3.9
Biology,352,George Mason University,Ray,,Otto,1246020,118,good,TEACHER,PROFESSOR,4.8
Biology,352,George Mason University,Edward,,Otto,1962199,5,good,TEACHER,PROFESSOR,4.8
Information Technology,352,George Mason University,Paul,,Otto,2095759,10,good,TEACHER,PROFESSOR,3.7
Government,352,George Mason University,Sonia,Ben,Ouagrham-Gormley,1851515,1,average,TEACHER,PROFESSOR,3.0
Chemistry,352,George Mason University,Damaso,,Ovalle,1908262,1,poor,TEACHER,PROFESSOR,2.0
Geography,352,George Mason University,Karen,,Owen,1763086,0,zero,TEACHER,PROFESSOR,N/A
Leadership,352,George Mason University,Julie,,Owen,1775680,18,good,TEACHER,PROFESSOR,5.0
Music,352,George Mason University,Thomas,,Owens,382099,19,good,TEACHER,PROFESSOR,4.6
Biology,352,George Mason University,Charles,,Owusu,1422368,0,zero,TEACHER,PROFESSOR,N/A
Career Development,352,George Mason University,John,,Oyhenart,1846900,1,good,TEACHER,PROFESSOR,5.0
Criminal Justice,352,George Mason University,Suleyman,,Ozeren,2387638,11,good,TEACHER,PROFESSOR,4.5
English,352,George Mason University,Michael,,Pabich,291981,66,good,TEACHER,PROFESSOR,4.2
Engineering,352,George Mason University,Peter,,Pachowicz,243025,17,good,TEACHER,PROFESSOR,3.9
Sports Management,352,George Mason University,Shawn,,Packer,2086439,0,zero,TEACHER,PROFESSOR,N/A
Conflict Analysis,352,George Mason University,A,,Paczynska,505366,21,average,TEACHER,PROFESSOR,3.4
International Studies,352,George Mason University,John,,Paden,240531,28,good,TEACHER,PROFESSOR,4.4
