tDept,tSid,institution_name,tFname,tMiddlename,tLname,tid,tNumRatings,rating_class,contentType,categoryType,overall_rating
Science,352,George Mason University,Mohamed,,Swaraldahab,1969525,12,good,TEACHER,PROFESSOR,4.5
Languages,352,George Mason University,Wade,,Swede,2366518,3,good,TEACHER,PROFESSOR,4.3
Design,352,George Mason University,Andrew,,Sweeney,2101827,5,good,TEACHER,PROFESSOR,4.9
Communication,352,George Mason University,Kate,,Sweeney,2450632,1,good,TEACHER,PROFESSOR,5.0
Journalism,352,George Mason University,Kate,,Sweeney,2440434,6,good,TEACHER,PROFESSOR,5.0
Accounting,352,George Mason University,Kyle,,Sweeney,2179316,29,good,TEACHER,PROFESSOR,3.6
Languages,352,George Mason University,Colleen,,Sweet,934199,28,good,TEACHER,PROFESSOR,3.8
Education,352,George Mason University,Sarah,,Sweetman,1886493,6,average,TEACHER,PROFESSOR,2.8
Conflict Analysis,352,George Mason University,Derek,,Sweetman,1122007,17,good,TEACHER,PROFESSOR,4.3
English,352,George Mason University,Katherine,,Swett,1569094,7,average,TEACHER,PROFESSOR,2.9
Accounting,352,George Mason University,Bella,,Sydeman,2312402,3,good,TEACHER,PROFESSOR,4.7
English,352,George Mason University,Jessica,,Szalay,1932494,7,good,TEACHER,PROFESSOR,4.4
Engineering,352,George Mason University,Daniel,,Tabak,246684,18,poor,TEACHER,PROFESSOR,2.0
Engineering,352,George Mason University,Faruk,,Taban,2273433,1,good,TEACHER,PROFESSOR,5.0
Economics,352,George Mason University,Alex,,Tabarrok,529960,35,average,TEACHER,PROFESSOR,3.3
Languages,352,George Mason University,Kamaleddine,,Tabine,1707353,14,good,TEACHER,PROFESSOR,4.4
English,352,George Mason University,Dean,,Taciuch,192875,85,good,TEACHER,PROFESSOR,4.5
Cyber Security Engineering,352,George Mason University,Armin,,Tadayon,2281666,0,zero,TEACHER,PROFESSOR,N/A
Conflict Analysis,352,George Mason University,Margarita,,Tadevosyan,2411345,1,good,TEACHER,PROFESSOR,4.0
Political Science,352,George Mason University,Eugene,,Tadie,537106,123,good,TEACHER,PROFESSOR,4.2
