tDept,tSid,institution_name,tFname,tMiddlename,tLname,tid,tNumRatings,rating_class,contentType,categoryType,overall_rating
Design,352,George Mason University,Shanshan,,Cui,932641,11,good,TEACHER,PROFESSOR,4.9
Biology,352,George Mason University,Tiange,,Cui,1896914,3,good,TEACHER,PROFESSOR,4.5
English,352,George Mason University,Jennifer,,Culbertson,1750035,2,good,TEACHER,PROFESSOR,4.8
Finance,352,George Mason University,Mark,,Cummings,1804651,7,good,TEACHER,PROFESSOR,4.7
Psychology,352,George Mason University,Mary,,Curby,1858354,14,good,TEACHER,PROFESSOR,4.5
Psychology,352,George Mason University,Timothy,,Curby,1209497,43,good,TEACHER,PROFESSOR,4.0
Criminal Justice,352,George Mason University,Meghan,,Curran,1827830,1,good,TEACHER,PROFESSOR,3.5
Geography,352,George Mason University,Stacy E.,,Curry,554774,0,zero,TEACHER,PROFESSOR,N/A
Finance,352,George Mason University,Timothy,,Curry,1113120,9,poor,TEACHER,PROFESSOR,2.0
Communication,352,George Mason University,John,L,Curry,2016372,20,good,TEACHER,PROFESSOR,4.1
Communication,352,George Mason University,Jack,,Curry,2382696,0,zero,TEACHER,PROFESSOR,N/A
Biology,352,George Mason University,Kara,,Curtain,1837843,0,zero,TEACHER,PROFESSOR,N/A
Geography,352,George Mason University,Kevin,,Curtin,1116900,16,good,TEACHER,PROFESSOR,4.9
Computer Science,352,George Mason University,Dawn-Marie,,Curts,1260720,2,good,TEACHER,PROFESSOR,4.2
Communication,352,George Mason University,Raymond,J,Curts,2296888,0,zero,TEACHER,PROFESSOR,N/A
Information Technology,352,George Mason University,Raymond,,Curts,328449,27,good,TEACHER,PROFESSOR,3.7
Fine Arts,352,George Mason University,Steven,,Cushner,1017391,12,good,TEACHER,PROFESSOR,4.5
Economics,352,George Mason University,Bryan,,Cutsinger,2304903,4,good,TEACHER,PROFESSOR,4.8
Sports Management,352,George Mason University,Stephen,,Czarda,2341143,1,good,TEACHER,PROFESSOR,4.0
Management,352,George Mason University,Stephen,,Czarda,2341147,1,good,TEACHER,PROFESSOR,5.0
