tDept,tSid,institution_name,tFname,tMiddlename,tLname,tid,tNumRatings,rating_class,contentType,categoryType,overall_rating
Humanities,352,George Mason University,Cher,,Chen,1926623,5,average,TEACHER,PROFESSOR,3.2
Film,352,George Mason University,Yi,,Chen,2009560,5,poor,TEACHER,PROFESSOR,1.4
Art,352,George Mason University,Hsin-Hsi,,Chen,2059148,3,poor,TEACHER,PROFESSOR,1.2
Integrative Studies,352,George Mason University,Weixia,,Chen,2136084,5,good,TEACHER,PROFESSOR,5.0
Electrical & Comp. Engineering,352,George Mason University,Xiang,,Chen,2377147,13,good,TEACHER,PROFESSOR,3.6
Psychology,352,George Mason University,Tiancheng,,Chen,2488741,0,zero,TEACHER,PROFESSOR,N/A
Engineering,352,George Mason University,Chun-Hung,,Chen,1137602,13,good,TEACHER,PROFESSOR,4.1
English,352,George Mason University,Ann,,Chen,1665797,29,good,TEACHER,PROFESSOR,4.6
Business,352,George Mason University,Min,,Chen,1785345,41,average,TEACHER,PROFESSOR,2.8
Computer Science,352,George Mason University,Jim,,Chen,778740,41,poor,TEACHER,PROFESSOR,1.4
Languages,352,George Mason University,Xi,,Chen,596670,32,good,TEACHER,PROFESSOR,4.8
Graphic Arts,352,George Mason University,Jake,,Cheney,1672201,7,good,TEACHER,PROFESSOR,3.9
Business,352,George Mason University,Constant,,Cheng,1206502,90,good,TEACHER,PROFESSOR,3.9
Computer Science,352,George Mason University,Yue,,Cheng,2319676,2,good,TEACHER,PROFESSOR,4.5
Conflict Analysis,352,George Mason University,Mohammed,D,Cherkaoui,1911768,10,average,TEACHER,PROFESSOR,3.1
Philosophy,352,George Mason University,Rose,,Cherubin,256704,43,good,TEACHER,PROFESSOR,4.2
Film,352,George Mason University,Giovanna,,Chesler,1837515,8,average,TEACHER,PROFESSOR,3.2
Physics,352,George Mason University,Zachary,,Chester,2406619,0,zero,TEACHER,PROFESSOR,N/A
Management,352,George Mason University,Ho Kwan,,Cheung,2433561,0,zero,TEACHER,PROFESSOR,N/A
English,352,George Mason University,Alan,,Cheuse,578963,7,good,TEACHER,PROFESSOR,4.0
