tDept,tSid,institution_name,tFname,tMiddlename,tLname,tid,tNumRatings,rating_class,contentType,categoryType,overall_rating
Physics,352,George Mason University,Ernest,,Barreto,311610,43,good,TEACHER,PROFESSOR,4.0
Criminal Justice,352,George Mason University,Shawn,,Barrett,1792233,5,good,TEACHER,PROFESSOR,4.3
Accounting,352,George Mason University,William,,Barrett,2017014,2,poor,TEACHER,PROFESSOR,2.2
Communication,352,George Mason University,Katlin,,Barrett,2077646,8,average,TEACHER,PROFESSOR,2.8
Communication,352,George Mason University,Joyce,,Barrett,2141835,1,average,TEACHER,PROFESSOR,2.5
History,352,George Mason University,Andrea J,,Barron,623702,17,good,TEACHER,PROFESSOR,3.7
Engineering,352,George Mason University,Phil,,Barry,392667,5,good,TEACHER,PROFESSOR,3.9
Education,352,George Mason University,Colleen,,Barry,2010074,3,good,TEACHER,PROFESSOR,5.0
History,352,George Mason University,Jennifer,,Barry,2061131,7,average,TEACHER,PROFESSOR,3.0
Business,352,George Mason University,Jennifer,,Barry,2097245,0,zero,TEACHER,PROFESSOR,N/A
Education,352,George Mason University,Christine,H,Barthold,2037611,7,poor,TEACHER,PROFESSOR,1.7
Astronomy,352,George Mason University,James,,Bartlett,2431605,2,good,TEACHER,PROFESSOR,3.5
Conflict Analysis,352,George Mason University,Andrea,,Bartoli,1470439,5,good,TEACHER,PROFESSOR,4.4
Political Science,352,George Mason University,Richard,,Barton,631622,25,average,TEACHER,PROFESSOR,3.3
Economics,352,George Mason University,Jared,,Barton,1506282,1,good,TEACHER,PROFESSOR,5.0
English,352,George Mason University,James,,Barton,2482541,0,zero,TEACHER,PROFESSOR,N/A
English,352,George Mason University,Joshua,Tyler,Barton,2315524,22,good,TEACHER,PROFESSOR,4.9
Government,352,George Mason University,Richard Barton,A,Barton,2538973,0,zero,TEACHER,PROFESSOR,N/A
Finance,352,George Mason University,Zachary,Ernest,Bartsch,2103164,3,average,TEACHER,PROFESSOR,2.7
Graphic Arts,352,George Mason University,George,,Bartz,1651737,7,good,TEACHER,PROFESSOR,4.9
