tDept,tSid,institution_name,tFname,tMiddlename,tLname,tid,tNumRatings,rating_class,contentType,categoryType,overall_rating
Biology,352,George Mason University,Jennifer,,Mickelberg,292255,15,good,TEACHER,PROFESSOR,4.2
Nursing,352,George Mason University,Beverly,,Middle,866507,23,average,TEACHER,PROFESSOR,3.0
Health Science,352,George Mason University,Beverly,,Middle,2334838,0,zero,TEACHER,PROFESSOR,N/A
Economics,352,George Mason University,Edward,A,Middleton,1798373,77,good,TEACHER,PROFESSOR,4.4
Nursing,352,George Mason University,Paige,,Migliozzi,1543113,1,good,TEACHER,PROFESSOR,5.0
Business,352,George Mason University,Matt,,Mihalcin,2015123,1,good,TEACHER,PROFESSOR,5.0
Nursing,352,George Mason University,Margaret,,Miklancie,950563,8,average,TEACHER,PROFESSOR,2.5
Economics,352,George Mason University,Marta,,Mikluch,1537071,0,zero,TEACHER,PROFESSOR,N/A
Criminal Justice,352,George Mason University,Craig,,Miles,2452576,3,good,TEACHER,PROFESSOR,4.7
Health Science,352,George Mason University,Richard,,Miller,146578,59,good,TEACHER,PROFESSOR,3.7
Mathematics,352,George Mason University,J,,Miller,178668,35,average,TEACHER,PROFESSOR,2.9
English,352,George Mason University,Bill (william),,Miller,530750,19,good,TEACHER,PROFESSOR,4.4
women's Studies,352,George Mason University,Jennifer,,Miller,1214792,13,good,TEACHER,PROFESSOR,4.3
Philosophy,352,George Mason University,Joshua,,Miller,1285691,3,good,TEACHER,PROFESSOR,4.7
Accounting,352,George Mason University,Wilbert,,Miller,1301080,12,poor,TEACHER,PROFESSOR,1.6
English,352,George Mason University,Chloe,,Miller,1478687,5,good,TEACHER,PROFESSOR,3.5
Information Technology,352,George Mason University,Judy,,Miller,1768774,2,good,TEACHER,PROFESSOR,3.5
Music,352,George Mason University,Patricia,,Miller,2253807,0,zero,TEACHER,PROFESSOR,N/A
Business,352,George Mason University,Eric,,Miller,2429829,2,good,TEACHER,PROFESSOR,5.0
Management,352,George Mason University,David J.,,Miller,1585158,14,good,TEACHER,PROFESSOR,4.0
