tDept,tSid,institution_name,tFname,tMiddlename,tLname,tid,tNumRatings,rating_class,contentType,categoryType,overall_rating
Anthropology,352,George Mason University,Alexander,,Benitez,545794,39,average,TEACHER,PROFESSOR,3.1
Government,352,George Mason University,Lehn,,Benjamin,1683540,2,good,TEACHER,PROFESSOR,4.0
Economics,352,George Mason University,James,,Bennett,6668,223,average,TEACHER,PROFESSOR,3.0
Geology,352,George Mason University,George,,Bennett,1091580,6,good,TEACHER,PROFESSOR,4.0
Economics,352,George Mason University,Paul,,Bennett,1736151,2,good,TEACHER,PROFESSOR,4.0
Geology,352,George Mason University,Callan,,Bentley,563812,18,good,TEACHER,PROFESSOR,4.8
Mathematics,352,George Mason University,Amanda,,Bentley,2128112,0,zero,TEACHER,PROFESSOR,N/A
Engineering,352,George Mason University,Stephen,,Benton,1577872,1,poor,TEACHER,PROFESSOR,2.0
Health Science,352,George Mason University,Elvira,,Beracochea,1322924,3,good,TEACHER,PROFESSOR,4.7
Engineering,352,George Mason University,Bjorn,P,Berg,1783096,5,good,TEACHER,PROFESSOR,5.0
English,352,George Mason University,Scott,,Berg,79771,42,good,TEACHER,PROFESSOR,4.2
Ethnic Studies,352,George Mason University,Lanitra,,Berger,1686915,11,good,TEACHER,PROFESSOR,3.7
Music,352,George Mason University,Mark,,Bergman,620007,104,good,TEACHER,PROFESSOR,4.0
Music,352,George Mason University,Rachel,,Bergman,699575,6,good,TEACHER,PROFESSOR,3.8
Music,352,George Mason University,Mark Elliot,,Bergman,1975140,0,zero,TEACHER,PROFESSOR,N/A
Psychology,352,George Mason University,Hadley,,Bergstrom,648319,24,good,TEACHER,PROFESSOR,4.5
Government,352,George Mason University,Christopher,,Berk,2538961,0,zero,TEACHER,PROFESSOR,N/A
Psychology,352,George Mason University,Elizabeth,,Berke,1837233,15,good,TEACHER,PROFESSOR,3.6
Education,352,George Mason University,Sheri,,Berkeley,1365453,4,average,TEACHER,PROFESSOR,3.2
Health Science,352,George Mason University,Susan,,Berkow,933219,18,good,TEACHER,PROFESSOR,4.4
