tDept,tSid,institution_name,tFname,tMiddlename,tLname,tid,tNumRatings,rating_class,contentType,categoryType,overall_rating
Psychology,352,George Mason University,Pamela,,Garner,1155407,24,good,TEACHER,PROFESSOR,3.9
History,352,George Mason University,John,,Garnett,2260296,3,good,TEACHER,PROFESSOR,5.0
Chemistry,352,George Mason University,Whitney,,Garret,1250585,0,zero,TEACHER,PROFESSOR,N/A
Religion,352,George Mason University,Charles,,Garrettson,2443053,5,good,TEACHER,PROFESSOR,4.6
Nursing,352,George Mason University,Victoria,,Garrison,2005099,1,poor,TEACHER,PROFESSOR,2.0
Information Technology,352,George Mason University,Daniel,,Garrison,1046845,72,good,TEACHER,PROFESSOR,3.7
English,352,George Mason University,Veronica,,Garrison-Joyner,2355612,2,poor,TEACHER,PROFESSOR,1.5
Chemistry,352,George Mason University,Sam,,Garvey,2237587,17,average,TEACHER,PROFESSOR,2.8
Economics,352,George Mason University,Jesse,,Gastelle,1821830,2,good,TEACHER,PROFESSOR,4.0
English,352,George Mason University,Benjamin,,Gatling,2000722,13,average,TEACHER,PROFESSOR,3.2
Conflict Analysis,352,George Mason University,Athanasios,,Gatsias,1615956,4,good,TEACHER,PROFESSOR,4.6
Business,352,George Mason University,Robert,,Gaudian,1280658,14,good,TEACHER,PROFESSOR,4.3
Chemistry,352,George Mason University,Sushma,,Gaur,2425268,4,poor,TEACHER,PROFESSOR,1.0
Social Work,352,George Mason University,Carey,,Gauzens,2489110,1,good,TEACHER,PROFESSOR,4.0
Geography,352,George Mason University,Bradley,,Gay,2530598,1,good,TEACHER,PROFESSOR,5.0
Philosophy,352,George Mason University,Erikk,,Geannikis,2308169,2,average,TEACHER,PROFESSOR,2.5
Information Technology,352,George Mason University,Brian,,Geary,1729906,4,good,TEACHER,PROFESSOR,4.0
Psychology,352,George Mason University,Kris,,Gebhard,2130966,6,good,TEACHER,PROFESSOR,3.5
Psychology,352,George Mason University,Kristopher,,Gebhard,2377645,2,average,TEACHER,PROFESSOR,2.5
Information Technology,352,George Mason University,Mohamed,,Gebril,2216803,45,average,TEACHER,PROFESSOR,3.0
