tDept,tSid,institution_name,tFname,tMiddlename,tLname,tid,tNumRatings,rating_class,contentType,categoryType,overall_rating
Conflict Analysis,352,George Mason University,Nina,,Selwan,1908960,0,zero,TEACHER,PROFESSOR,N/A
Nutrition,352,George Mason University,Francisco,,Semiao,1446580,5,good,TEACHER,PROFESSOR,3.5
Languages,352,George Mason University,Rosalba,,Semidey,1338151,2,average,TEACHER,PROFESSOR,3.2
Geology,352,George Mason University,Chris,,Seminack,2014660,3,good,TEACHER,PROFESSOR,3.7
Government,352,George Mason University,Erica,,Seng-White,2180011,6,good,TEACHER,PROFESSOR,3.8
Accounting,352,George Mason University,Paratha,,Sengupta,782758,21,good,TEACHER,PROFESSOR,4.1
Information Technology,352,George Mason University,Delsie,,Sequeira,1862037,1,good,TEACHER,PROFESSOR,4.0
Languages,352,George Mason University,Ellen,,Serafini,2321263,4,good,TEACHER,PROFESSOR,3.8
Languages,352,George Mason University,Jacqueline,,Serigos,2338045,1,good,TEACHER,PROFESSOR,5.0
Information Technology,352,George Mason University,Hugh,,Serrato,1893510,2,poor,TEACHER,PROFESSOR,2.0
Mathematics,352,George Mason University,Padmanabhan,,Seshaiyer,1084725,15,good,TEACHER,PROFESSOR,4.5
Computer Science,352,George Mason University,Sanjeev,,Setia,1463616,4,poor,TEACHER,PROFESSOR,1.9
History,352,George Mason University,Eric,,Setzekorn,2534283,0,zero,TEACHER,PROFESSOR,N/A
English,352,George Mason University,Spencer,,Seward,1768055,7,good,TEACHER,PROFESSOR,4.2
Cyber Security Engineering,352,George Mason University,Paul,,Seymer,2528045,0,zero,TEACHER,PROFESSOR,N/A
Science,352,George Mason University,Daniel,,Sforza,1124666,12,average,TEACHER,PROFESSOR,2.9
Physics,352,George Mason University,Andrew,,Shabaev,2096065,1,good,TEACHER,PROFESSOR,4.5
Information Technology,352,George Mason University,Andrew,,Shabaev,2143936,6,average,TEACHER,PROFESSOR,2.5
Integrative Studies,352,George Mason University,Julia,,Shadur,2423594,5,good,TEACHER,PROFESSOR,5.0
Physical Ed,352,George Mason University,B,,Shaffer,295818,22,good,TEACHER,PROFESSOR,4.2
