tDept,tSid,institution_name,tFname,tMiddlename,tLname,tid,tNumRatings,rating_class,contentType,categoryType,overall_rating
Languages,352,George Mason University,Dae Young,,Kim,2315009,4,good,TEACHER,PROFESSOR,4.0
Accounting,352,George Mason University,Hyo Jung,Mindy,Kim,2492748,4,average,TEACHER,PROFESSOR,3.2
Criminal Justice,352,George Mason University,KiDeuk,,Kim,2502979,2,poor,TEACHER,PROFESSOR,1.0
Sociology,352,George Mason University,Dae,,Kim,1233374,26,average,TEACHER,PROFESSOR,2.9
Biology,352,George Mason University,Yuriy,,Kim,2426399,3,good,TEACHER,PROFESSOR,4.0
Government,352,George Mason University,Albert,,Kim,1672084,17,good,TEACHER,PROFESSOR,4.9
Film,352,George Mason University,Peter,,Kimball,2511891,2,good,TEACHER,PROFESSOR,5.0
Criminal Justice,352,George Mason University,Sara,,Kimbrell,2248992,1,poor,TEACHER,PROFESSOR,2.0
Biology,352,George Mason University,Tari,,Kindred,840166,0,zero,TEACHER,PROFESSOR,N/A
Psychology,352,George Mason University,Eden,,King,1133814,7,good,TEACHER,PROFESSOR,4.7
Law,352,George Mason University,Peter,,King,1505106,16,poor,TEACHER,PROFESSOR,2.4
Communication,352,George Mason University,Paul,,King,1748013,5,average,TEACHER,PROFESSOR,3.1
Physics,352,George Mason University,Nicholas,,King,2336048,4,good,TEACHER,PROFESSOR,4.8
Business,352,George Mason University,Karen,,King,2415368,10,good,TEACHER,PROFESSOR,4.7
English,352,George Mason University,Sara,,King,292958,72,good,TEACHER,PROFESSOR,4.5
Computer Science,352,George Mason University,Duane,,King,2139104,5,average,TEACHER,PROFESSOR,3.4
Business,352,George Mason University,Michael,,King,2395525,24,average,TEACHER,PROFESSOR,3.1
Education,352,George Mason University,Peggy,,King-Sears,751111,12,poor,TEACHER,PROFESSOR,1.7
Philosophy,352,George Mason University,Ted,,Kinnaman,354901,37,good,TEACHER,PROFESSOR,4.5
History,352,George Mason University,Jeremy,,Kinney,1991584,4,good,TEACHER,PROFESSOR,4.2
