tDept,tSid,institution_name,tFname,tMiddlename,tLname,tid,tNumRatings,rating_class,contentType,categoryType,overall_rating
Information Science,352,George Mason University,Reza,,Eftekari,1565516,7,good,TEACHER,PROFESSOR,4.9
Chemistry,352,George Mason University,Rita,,Egekenze,2464554,12,poor,TEACHER,PROFESSOR,1.2
Psychology,352,George Mason University,Daniel,,Ehlinger,878285,19,good,TEACHER,PROFESSOR,4.3
Physics,352,George Mason University,Robert,,Ehrlich,269994,33,average,TEACHER,PROFESSOR,2.8
Mathematics,352,George Mason University,Ann ,,Eickelberg,1977819,2,good,TEACHER,PROFESSOR,4.8
Economics,352,George Mason University,David,,Eil,1778454,10,average,TEACHER,PROFESSOR,3.2
Communication,352,George Mason University,Robert,,Eilola,1853669,11,average,TEACHER,PROFESSOR,3.3
Biology,352,George Mason University,Peggy,,Einhorn,1725611,10,good,TEACHER,PROFESSOR,4.4
Criminal Justice,352,George Mason University,David,,Eisenberg,1436115,4,good,TEACHER,PROFESSOR,4.4
English,352,George Mason University,Eric,,Eisner,396473,57,good,TEACHER,PROFESSOR,4.0
Information Technology,352,George Mason University,Amarachi,,Ekedebe,1696765,5,poor,TEACHER,PROFESSOR,1.5
Languages,352,George Mason University,Bassima,,El- Masri,2197209,1,good,TEACHER,PROFESSOR,5.0
Engineering,352,George Mason University,Hadi,,El-Amine,2218724,6,good,TEACHER,PROFESSOR,4.2
English,352,George Mason University,Hatim,,El-Hibri,2325429,5,average,TEACHER,PROFESSOR,3.0
Government,352,George Mason University,Heba,,El-Shazli,1893687,38,good,TEACHER,PROFESSOR,4.5
Not Specified,352,George Mason University,Nora,H.,Elbilawi,1799331,3,good,TEACHER,PROFESSOR,4.0
Information Technology,352,George Mason University,Fahima,,Eldarrat,2458793,5,poor,TEACHER,PROFESSOR,2.2
Psychology,352,George Mason University,Katie,,Elder,870776,6,good,TEACHER,PROFESSOR,4.0
Biology,352,George Mason University,Ross,,Eldridge,1948017,2,average,TEACHER,PROFESSOR,3.0
Integrative Studies,352,George Mason University,Latasha,,Eley,2323926,3,good,TEACHER,PROFESSOR,4.0
