tDept,tSid,institution_name,tFname,tMiddlename,tLname,tid,tNumRatings,rating_class,contentType,categoryType,overall_rating
Psychology,352,George Mason University,Gia,,Dirosa,1189800,17,good,TEACHER,PROFESSOR,4.5
Psychology,352,George Mason University,David,,Disabato,1815244,16,good,TEACHER,PROFESSOR,4.8
Business,352,George Mason University,Gbemi,,Disu,2229069,3,good,TEACHER,PROFESSOR,4.7
Philosophy,352,George Mason University,Christopher,,Diteresi,1526282,25,average,TEACHER,PROFESSOR,3.3
Accounting,352,George Mason University,Gary,,Dittmer,1386460,4,average,TEACHER,PROFESSOR,3.0
Art,352,George Mason University,Elsabe ,,Dixon,1943043,6,good,TEACHER,PROFESSOR,4.3
Science,352,George Mason University,Joseph,A,Dizinno,1873964,15,good,TEACHER,PROFESSOR,4.3
Physics,352,George Mason University,Branislav,,Djordjevic,1852723,98,poor,TEACHER,PROFESSOR,2.2
Technology,352,George Mason University,Peter,,Dmello,1435735,0,zero,TEACHER,PROFESSOR,N/A
Chemistry,352,George Mason University,Nhut,,DO,1220330,6,poor,TEACHER,PROFESSOR,1.9
Computer Science,352,George Mason University,Kinga,,Dobolyi,1478770,105,good,TEACHER,PROFESSOR,3.6
Economics,352,George Mason University,Matt,,Dobra,27452,17,good,TEACHER,PROFESSOR,3.9
Criminal Justice,352,George Mason University,Catherine,,Dobson,1883911,24,good,TEACHER,PROFESSOR,3.7
Government,352,George Mason University,Laura,,Dodge,1916281,6,poor,TEACHER,PROFESSOR,2.3
Education,352,George Mason University,Stephanie,,Dodman,2472412,0,zero,TEACHER,PROFESSOR,N/A
English,352,George Mason University,Sharon,,Doetsch-Kidder,1739554,4,good,TEACHER,PROFESSOR,3.9
Physical Education,352,George Mason University,R,,Dofflemeyer,1138317,2,good,TEACHER,PROFESSOR,4.5
Science,352,George Mason University,Robert,,Dofflemyer,2334242,3,good,TEACHER,PROFESSOR,5.0
English,352,George Mason University,Karen S.,,Doheney,755089,8,good,TEACHER,PROFESSOR,4.2
Education,352,George Mason University,Virginia,,Doherty,1170212,3,good,TEACHER,PROFESSOR,4.8
