tDept,tSid,institution_name,tFname,tMiddlename,tLname,tid,tNumRatings,rating_class,contentType,categoryType,overall_rating
Psychology,352,George Mason University,Richard,,Hermida,924272,2,good,TEACHER,PROFESSOR,4.8
Biology,352,George Mason University,Vincent,,Hermoso,888308,29,good,TEACHER,PROFESSOR,4.0
Psychology,352,George Mason University,Carlos,,Hernandez,2485856,1,good,TEACHER,PROFESSOR,5.0
Computer Science,352,George Mason University,Ana,Gonzalez,Hernandez,2523251,0,zero,TEACHER,PROFESSOR,N/A
Psychology,352,George Mason University,Kristina,,Herndon-Liverette,2135163,5,good,TEACHER,PROFESSOR,3.8
Physical Education,352,George Mason University,Jeffrey,,Herrick,2153291,2,good,TEACHER,PROFESSOR,5.0
Philosophy,352,George Mason University,Gil,,Hersch,2182722,7,good,TEACHER,PROFESSOR,3.6
Psychology,352,George Mason University,Nicholas,,Hertz,2002066,45,good,TEACHER,PROFESSOR,4.5
Science,352,George Mason University,Phillip,,Hess,2103225,1,poor,TEACHER,PROFESSOR,1.0
Business,352,George Mason University,Richard,,Hess,2233639,11,good,TEACHER,PROFESSOR,4.2
Accounting,352,George Mason University,Vanessa,,Hester,1007567,24,average,TEACHER,PROFESSOR,2.8
Biology,352,George Mason University,Brian,,Hetrick,2251362,6,average,TEACHER,PROFESSOR,2.8
English,352,George Mason University,Ronada,,Hewitt,2515013,1,poor,TEACHER,PROFESSOR,2.0
Engineering,352,George Mason University,Joseph,,Hibey,1185605,9,average,TEACHER,PROFESSOR,2.5
Fine Arts,352,George Mason University,James,,Hicks,1175263,15,good,TEACHER,PROFESSOR,4.0
History,352,George Mason University,Daniel,,Hicks,1241154,7,good,TEACHER,PROFESSOR,3.9
Graphic Arts,352,George Mason University,Jim,,Hicks,2444556,0,zero,TEACHER,PROFESSOR,N/A
Not Specified,352,George Mason University,Jill,,Hicks-Keeton,1834215,15,good,TEACHER,PROFESSOR,4.7
Physics,352,George Mason University,Keith,,Higginbotham,1171275,5,good,TEACHER,PROFESSOR,4.5
Social Science,352,George Mason University,Maha,,Hilal,2048287,4,average,TEACHER,PROFESSOR,3.3
