tDept,tSid,institution_name,tFname,tMiddlename,tLname,tid,tNumRatings,rating_class,contentType,categoryType,overall_rating
Music,352,George Mason University,Bryan,,Stenson,2364427,4,good,TEACHER,PROFESSOR,5.0
Sociology,352,George Mason University,Erin,M,Stephens,1969577,0,zero,TEACHER,PROFESSOR,N/A
Mathematics,352,George Mason University,Thomas ,Dean ,Stephens,2081017,4,good,TEACHER,PROFESSOR,4.4
Integrative Studies,352,George Mason University,Rebecca,,Stephens,2402261,2,average,TEACHER,PROFESSOR,3.0
Conflict Analysis,352,George Mason University,Lori-Ann,,Stephensen,1696017,8,good,TEACHER,PROFESSOR,4.9
Hospitality,352,George Mason University,Taunita,V,Stephenson,2245759,1,poor,TEACHER,PROFESSOR,2.0
Film,352,George Mason University,Noah,,Stern,2025053,1,good,TEACHER,PROFESSOR,5.0
Music,352,George Mason University,David,,Sternbach,852466,4,poor,TEACHER,PROFESSOR,1.2
Languages,352,George Mason University,Kristan,,Sternberg,1378321,4,good,TEACHER,PROFESSOR,4.2
Mathematics,352,George Mason University,Ryan,,Sternburg,1434952,1,good,TEACHER,PROFESSOR,5.0
Economics,352,George Mason University,Ion,,Sterpan,2218110,1,good,TEACHER,PROFESSOR,5.0
Mathematics,352,George Mason University,Taylor,K,Stevens,2445268,1,good,TEACHER,PROFESSOR,5.0
Anthropology,352,George Mason University,William,,Stewart,1580448,1,poor,TEACHER,PROFESSOR,1.0
Communication,352,George Mason University,Briana,,Stewart,2506428,2,poor,TEACHER,PROFESSOR,1.0
Psychology,352,George Mason University,Melissa,,Stiksma,2411368,1,good,TEACHER,PROFESSOR,4.0
Health Science,352,George Mason University,Carol,,Stiller,1138277,27,poor,TEACHER,PROFESSOR,2.2
Psychology,352,George Mason University,Lucia,,Stillerova,2232490,13,good,TEACHER,PROFESSOR,5.0
History,352,George Mason University,Richard,,Stillson,396147,8,average,TEACHER,PROFESSOR,2.8
Nursing,352,George Mason University,Ana,,Stoehr,452085,13,poor,TEACHER,PROFESSOR,2.1
Management,352,George Mason University,Janice,,Stofer,2507487,2,good,TEACHER,PROFESSOR,3.5
