tDept,tSid,institution_name,tFname,tMiddlename,tLname,tid,tNumRatings,rating_class,contentType,categoryType,overall_rating
Computer Science,352,George Mason University,Ismat,,Pasha,1064126,6,average,TEACHER,PROFESSOR,3.0
Health  Human Services,352,George Mason University,Afshin,,Pashai,2144514,12,poor,TEACHER,PROFESSOR,2.0
Psychology,352,George Mason University,Robert,,Pasnak,214476,52,good,TEACHER,PROFESSOR,3.7
Chemistry,352,George Mason University,Alexis,,Patanarut,1505882,22,average,TEACHER,PROFESSOR,2.7
Information Systems amp Operations Management,352,George Mason University,Mayuri,,Patel,2486089,2,average,TEACHER,PROFESSOR,2.5
Computer Science,352,George Mason University,Parth,,Pathak,2226321,2,poor,TEACHER,PROFESSOR,1.0
Biology,352,George Mason University,Rohan,S.,Patil,2166904,5,average,TEACHER,PROFESSOR,3.2
English,352,George Mason University,Sondra,,Patrick,1735853,21,good,TEACHER,PROFESSOR,4.8
Humanities,352,George Mason University,Megan,,Patrick,2295894,2,good,TEACHER,PROFESSOR,5.0
English,352,George Mason University,Cynthia,,Patterson,236324,22,good,TEACHER,PROFESSOR,3.8
Biology,352,George Mason University,Katheryn,,Patterson,1056143,49,good,TEACHER,PROFESSOR,4.2
Psychology,352,George Mason University,Ally,,Patterson,1957513,1,good,TEACHER,PROFESSOR,5.0
Psychology,352,George Mason University,Allyson,,Patterson,2098051,1,good,TEACHER,PROFESSOR,4.0
English,352,George Mason University,Lina,,Patton,1961810,3,good,TEACHER,PROFESSOR,5.0
Health  Human Services,352,George Mason University,Avinash ,Raghunath ,Patwardhan,1969809,11,average,TEACHER,PROFESSOR,3.0
Health Science,352,George Mason University,Avinash,,Patwardhan,2276636,3,good,TEACHER,PROFESSOR,3.7
English,352,George Mason University,Elizabeth,,Paul,2408918,2,poor,TEACHER,PROFESSOR,2.0
Economics,352,George Mason University,Stuart,,Paul,2530305,0,zero,TEACHER,PROFESSOR,N/A
Information Technology,352,George Mason University,Valeriy,,Pavlenko,2103618,11,good,TEACHER,PROFESSOR,3.7
Accounting,352,George Mason University,Robert,,Pawlewicz,1672638,24,good,TEACHER,PROFESSOR,4.1
