tDept,tSid,institution_name,tFname,tMiddlename,tLname,tid,tNumRatings,rating_class,contentType,categoryType,overall_rating
Physics,352,George Mason University,John,,Lear,1960007,7,good,TEACHER,PROFESSOR,4.3
Information Technology,352,George Mason University,Margaret,,Leary,1726019,14,good,TEACHER,PROFESSOR,4.4
Management,352,George Mason University,Karla,,Leavelle,494795,9,good,TEACHER,PROFESSOR,4.6
women's Studies,352,George Mason University,Ray,,LeBlanc,2398687,3,good,TEACHER,PROFESSOR,4.3
History,352,George Mason University,Sam,,Lebovic,1834201,13,good,TEACHER,PROFESSOR,4.5
Computer Science,352,George Mason University,Josiah,,Lebowitz,2243358,11,good,TEACHER,PROFESSOR,4.1
Theater,352,George Mason University,Mary,,Lechter,1073646,19,good,TEACHER,PROFESSOR,4.8
Not Specified,352,George Mason University,Michael,,Lecker,1041856,10,good,TEACHER,PROFESSOR,4.1
Communication,352,George Mason University,Christy,,Ledford,819373,12,average,TEACHER,PROFESSOR,3.0
Psychology,352,George Mason University,Annie,,Ledoux,2088590,4,good,TEACHER,PROFESSOR,4.8
Fine Arts,352,George Mason University,Ryan,,Ledwith,2056571,4,average,TEACHER,PROFESSOR,3.1
Fine Arts,352,George Mason University,Hugh,,Lee,895016,19,average,TEACHER,PROFESSOR,3.5
Anthropology,352,George Mason University,Lori,,Lee,1049082,0,zero,TEACHER,PROFESSOR,N/A
Statistics,352,George Mason University,Beom,,Lee,1227511,3,average,TEACHER,PROFESSOR,2.8
Management,352,George Mason University,Seungwon,,Lee,1272971,15,average,TEACHER,PROFESSOR,2.7
English,352,George Mason University,Nicole,,Lee,1363315,6,good,TEACHER,PROFESSOR,5.0
Communication,352,George Mason University,Carl,,Lee,1712744,6,good,TEACHER,PROFESSOR,4.6
Hospitality,352,George Mason University,Chung Hun,,Lee,1717259,1,good,TEACHER,PROFESSOR,5.0
Finance,352,George Mason University,Michael,,Lee,1733985,16,good,TEACHER,PROFESSOR,5.0
Nursing,352,George Mason University,Juanita,,Lee,1783784,3,good,TEACHER,PROFESSOR,3.5
