tDept,tSid,institution_name,tFname,tMiddlename,tLname,tid,tNumRatings,rating_class,contentType,categoryType,overall_rating
Languages,352,George Mason University,Carrie,,Bonilla,2255544,7,good,TEACHER,PROFESSOR,4.4
Communication,352,George Mason University,Brent,,Bonine,1404880,2,good,TEACHER,PROFESSOR,4.2
Information Technology,352,George Mason University,John,,Bono,1757670,86,good,TEACHER,PROFESSOR,3.5
Information Technology,352,George Mason University,Harsha,K,Bonthu,1775203,7,average,TEACHER,PROFESSOR,3.4
Art,352,George Mason University,Stephanie,,Booth,1777120,5,good,TEACHER,PROFESSOR,4.4
Psychology,352,George Mason University,Aaron,,Booth,2211705,1,good,TEACHER,PROFESSOR,4.0
English,352,George Mason University,Monica,K,Boothe,1934943,1,average,TEACHER,PROFESSOR,3.0
Government,352,George Mason University,Walter,,Borges,1440783,3,poor,TEACHER,PROFESSOR,2.0
Engineering,352,George Mason University,Claudia,,Borke,2475923,0,zero,TEACHER,PROFESSOR,N/A
Economics,352,George Mason University,Nick,,Bormann,1913830,1,good,TEACHER,PROFESSOR,5.0
Chemistry,352,George Mason University,Tim,,Born,314448,26,good,TEACHER,PROFESSOR,4.3
Science,352,George Mason University,Kirk,,Borne,1827254,2,average,TEACHER,PROFESSOR,2.8
Chemistry,352,George Mason University,Jonathan,,Boron,1831921,2,good,TEACHER,PROFESSOR,5.0
Economics,352,George Mason University,Feler,,Bose,895180,14,poor,TEACHER,PROFESSOR,1.8
English,352,George Mason University,Christopher,,Boss,2308513,113,good,TEACHER,PROFESSOR,4.4
Biology,352,George Mason University,William,,Boswell,1241801,9,average,TEACHER,PROFESSOR,3.4
Communication,352,George Mason University,Carl,,Botan,534427,20,average,TEACHER,PROFESSOR,3.0
Art,352,George Mason University,Paul,,Bothwell,2018492,7,good,TEACHER,PROFESSOR,4.3
History,352,George Mason University,Donald,,Bottoms,848358,21,good,TEACHER,PROFESSOR,4.7
English,352,George Mason University,Eric,,Botts,1961464,9,good,TEACHER,PROFESSOR,3.5
