tDept,tSid,institution_name,tFname,tMiddlename,tLname,tid,tNumRatings,rating_class,contentType,categoryType,overall_rating
Geography,352,George Mason University,Timothy,,Leslie,1032408,42,good,TEACHER,PROFESSOR,4.0
Religion,352,George Mason University,Mark,,Leson,1287331,3,good,TEACHER,PROFESSOR,4.7
Art,352,George Mason University,Elizabeth Liz,,Lessner,2436669,3,good,TEACHER,PROFESSOR,4.0
Humanities,352,George Mason University,Jaime,,Lester,1380755,8,good,TEACHER,PROFESSOR,3.6
Communication,352,George Mason University,Paul,,Levalley,197907,38,good,TEACHER,PROFESSOR,4.5
Biology,352,George Mason University,Nick,,Leverone,1812985,2,good,TEACHER,PROFESSOR,4.2
Research,352,George Mason University,Ivan,,Levin,1420370,14,average,TEACHER,PROFESSOR,3.3
Philosophy,352,George Mason University,Thelma Z.,,Levine,799117,1,good,TEACHER,PROFESSOR,5.0
Art,352,George Mason University,Jacqueline,,Levine,1712402,1,good,TEACHER,PROFESSOR,4.5
Languages,352,George Mason University,James,,Levine,457922,40,good,TEACHER,PROFESSOR,4.6
Human Development,352,George Mason University,Elizabeth,,Levine-Brown,2026945,6,average,TEACHER,PROFESSOR,3.0
Electrical & Comp. Engineering,352,George Mason University,Alexander,,Levis,1069400,2,good,TEACHER,PROFESSOR,5.0
Mathematics,352,George Mason University,Ronald,,Levy,286317,58,average,TEACHER,PROFESSOR,2.7
Education,352,George Mason University,Jack,,Levy,935645,0,zero,TEACHER,PROFESSOR,N/A
Sociology,352,George Mason University,Brian,,Levy,2530255,1,good,TEACHER,PROFESSOR,5.0
Economics,352,George Mason University,David,,Levy,597451,34,poor,TEACHER,PROFESSOR,2.3
Communication,352,George Mason University,Judson,,Lewis,1589457,3,good,TEACHER,PROFESSOR,5.0
Physics,352,George Mason University,Tiffany,,Lewis,1820007,22,good,TEACHER,PROFESSOR,3.5
women's Studies,352,George Mason University,Rachel Ann,,Lewis,1858118,24,good,TEACHER,PROFESSOR,4.7
Statistics,352,George Mason University,Taylor,,Lewis,2140741,7,good,TEACHER,PROFESSOR,4.3
