tDept,tSid,institution_name,tFname,tMiddlename,tLname,tid,tNumRatings,rating_class,contentType,categoryType,overall_rating
English,352,George Mason University,Deborah,,Kaplan,237935,20,good,TEACHER,PROFESSOR,4.5
Marketing,352,George Mason University,Ferris,,Kaplan,1364461,9,good,TEACHER,PROFESSOR,4.5
Psychology,352,George Mason University,Seth,,Kaplan,934369,13,good,TEACHER,PROFESSOR,4.0
Cultural Studies,352,George Mason University,Timothy,,Kaposy,1226943,9,good,TEACHER,PROFESSOR,3.5
Cultural Studies,352,George Mason University,Christina,,Kappel,1957795,7,good,TEACHER,PROFESSOR,4.4
Engineering,352,George Mason University,Jens Peter,,Kaps,995383,17,average,TEACHER,PROFESSOR,3.4
Psychology,352,George Mason University,Samantha,,Karalus,2120827,4,good,TEACHER,PROFESSOR,4.7
Design,352,George Mason University,Sharmila,,Karamchandani,2336203,1,good,TEACHER,PROFESSOR,5.0
Art,352,George Mason University,Sharmila,G,Karamchandani,2336593,0,zero,TEACHER,PROFESSOR,N/A
Fine Arts,352,George Mason University,Maria,,Karametou,34312,21,good,TEACHER,PROFESSOR,4.3
Chemistry,352,George Mason University,Bassam,,Karbous,2426788,3,good,TEACHER,PROFESSOR,3.7
Criminal Justice,352,George Mason University,Clifford,,Karchmer,2527918,5,poor,TEACHER,PROFESSOR,1.4
Health Science,352,George Mason University,Diana,,Karczmarczyk,1050889,35,good,TEACHER,PROFESSOR,4.8
Art,352,George Mason University,Christopher,,Kardambikis,2275521,0,zero,TEACHER,PROFESSOR,N/A
Accounting,352,George Mason University,Sahand,,Kargosha,2298489,7,good,TEACHER,PROFESSOR,3.5
Information Technology,352,George Mason University,Jim,,Karhl,103483,19,good,TEACHER,PROFESSOR,3.7
Not Specified,352,George Mason University,Masoud,,Karkehabadi,1399404,2,poor,TEACHER,PROFESSOR,2.0
Psychology,352,George Mason University,Stephanie,,Karsner,1536171,1,average,TEACHER,PROFESSOR,3.0
History,352,George Mason University,Matthew,,Karush,20288,40,good,TEACHER,PROFESSOR,4.0
Biology,352,George Mason University,Fatah,,Kashanchi,2308503,1,poor,TEACHER,PROFESSOR,2.0
