tDept,tSid,institution_name,tFname,tMiddlename,tLname,tid,tNumRatings,rating_class,contentType,categoryType,overall_rating
Computer Science,352,George Mason University,Nabil,,Darwich,2229242,18,good,TEACHER,PROFESSOR,4.1
Bioinformatics,352,George Mason University,Hajar,,Darwish,2463872,0,zero,TEACHER,PROFESSOR,N/A
Science,352,George Mason University,Indrajit,,Das,1524312,8,good,TEACHER,PROFESSOR,4.8
Information Technology,352,George Mason University,Santwana,,Das,1811145,2,average,TEACHER,PROFESSOR,3.0
Business,352,George Mason University,Sidhartha,,Das,406749,79,average,TEACHER,PROFESSOR,3.1
Information Technology,352,George Mason University,Ponkos,,Das,2510635,2,good,TEACHER,PROFESSOR,5.0
Information Science,352,George Mason University,Raviteja,,Dasari,1604456,4,average,TEACHER,PROFESSOR,3.1
Statistics,352,George Mason University,Aryan,,Dauod,1770774,6,good,TEACHER,PROFESSOR,5.0
Conflict Analysis,352,George Mason University,William,,David,2009640,16,average,TEACHER,PROFESSOR,3.0
English,352,George Mason University,David,,David Robinson,2311643,0,zero,TEACHER,PROFESSOR,N/A
Nursing,352,George Mason University,Michele,,Davidson,1796630,10,good,TEACHER,PROFESSOR,4.7
Environmental Science,352,George Mason University,John,,Davidson,1961750,0,zero,TEACHER,PROFESSOR,N/A
Nursing,352,George Mason University,Tracy,,Davidson,2412009,0,zero,TEACHER,PROFESSOR,N/A
Conflict Analysis,352,George Mason University,Charles,,Davidson,2204082,9,good,TEACHER,PROFESSOR,5.0
Chemistry,352,George Mason University,Keith,,Davies,453292,37,poor,TEACHER,PROFESSOR,2.5
English,352,George Mason University,Lauren,,Davila,2450083,11,good,TEACHER,PROFESSOR,4.7
Sociology,352,George Mason University,Shannon,,Davis,912875,43,average,TEACHER,PROFESSOR,3.5
Nursing,352,George Mason University,Mary Lou,,Davis,953925,16,average,TEACHER,PROFESSOR,2.7
English,352,George Mason University,William,,Davis,1165746,6,average,TEACHER,PROFESSOR,2.7
Chemistry,352,George Mason University,Justin,,Davis,1540110,15,good,TEACHER,PROFESSOR,4.5
