tDept,tSid,institution_name,tFname,tMiddlename,tLname,tid,tNumRatings,rating_class,contentType,categoryType,overall_rating
Computer Science,352,George Mason University,Robert,,Kurtz,2511057,0,zero,TEACHER,PROFESSOR,N/A
Environmental Science,352,George Mason University,Julie,,Kutruff,2346155,3,good,TEACHER,PROFESSOR,4.7
Psychology,352,George Mason University,Lauren,,Kuykendall,2185770,7,good,TEACHER,PROFESSOR,4.7
Philosophy,352,George Mason University,Davis ,,Kuykendall,2082247,19,good,TEACHER,PROFESSOR,4.2
Finance,352,George Mason University,Byong,,Kwon,1324775,3,good,TEACHER,PROFESSOR,5.0
Psychology,352,George Mason University,Dasol,,Kwon,1940294,0,zero,TEACHER,PROFESSOR,N/A
English,352,George Mason University,Harim,,Kwon,2370593,1,good,TEACHER,PROFESSOR,5.0
Science,352,George Mason University,Katherine,,Ky,2141184,1,good,TEACHER,PROFESSOR,5.0
Geology,352,George Mason University,.,,Kysar-Mattietti,317495,54,good,TEACHER,PROFESSOR,4.3
Science,352,George Mason University,Giuseppina,,Kysar-Mattietti,2092704,12,good,TEACHER,PROFESSOR,4.0
Physics,352,George Mason University,Mahmud,,Lababidi,1235628,16,poor,TEACHER,PROFESSOR,1.9
Nutrition,352,George Mason University,Kerri,,LaCharite,2357691,3,good,TEACHER,PROFESSOR,4.0
Geography,352,George Mason University,Lisa,,Lacivita,1779180,1,average,TEACHER,PROFESSOR,3.0
Education,352,George Mason University,Leslie,,Lacroix,1900726,8,good,TEACHER,PROFESSOR,4.0
Biology,352,George Mason University,Chase,,LaDue,2171785,5,good,TEACHER,PROFESSOR,4.8
Biology,352,George Mason University,Arndt,,Laemmerzahl,307205,187,good,TEACHER,PROFESSOR,4.0
Health & Human Services,352,George Mason University,Kyle,,Lafferty,1813361,1,good,TEACHER,PROFESSOR,5.0
Languages,352,George Mason University,Susan,,Lafky,1724090,4,good,TEACHER,PROFESSOR,3.9
English,352,George Mason University,Michelle,,LaFrance,2520848,0,zero,TEACHER,PROFESSOR,N/A
English,352,George Mason University,Justin,,Lafreniere,1995923,6,average,TEACHER,PROFESSOR,2.7
