tDept,tSid,institution_name,tFname,tMiddlename,tLname,tid,tNumRatings,rating_class,contentType,categoryType,overall_rating
Engineering,352,George Mason University,Daniel,,Lofaro,2285788,1,good,TEACHER,PROFESSOR,5.0
Electrical & Comp. Engineering,352,George Mason University,Daniel,,Lofaro,1901308,11,average,TEACHER,PROFESSOR,3.0
Economics,352,George Mason University,Jordan,,Lofthouse,2425534,5,good,TEACHER,PROFESSOR,4.8
Science,352,George Mason University,Rainald,,Lohner,1333469,5,average,TEACHER,PROFESSOR,2.7
Biology,352,George Mason University,Anthony,,Lombardo,2529660,0,zero,TEACHER,PROFESSOR,N/A
Languages,352,George Mason University,Sofika,,Londo,2057889,2,good,TEACHER,PROFESSOR,3.5
Communication,352,George Mason University,Jz,,Long,344559,15,average,TEACHER,PROFESSOR,3.4
Mathematics,352,George Mason University,Tim S.,,Long,1377341,5,good,TEACHER,PROFESSOR,4.8
Government,352,George Mason University,Kevin,,Long,1564957,17,good,TEACHER,PROFESSOR,4.8
Management,352,George Mason University,Lauren,,Long,1988923,5,good,TEACHER,PROFESSOR,3.5
Information Science,352,George Mason University,Jamey,,Long,919842,16,good,TEACHER,PROFESSOR,4.0
English,352,George Mason University,Sarah,,Longworth,1228915,3,average,TEACHER,PROFESSOR,2.5
Communication,352,George Mason University,Cynthia,,Lont,447362,33,good,TEACHER,PROFESSOR,3.8
Physics,352,George Mason University,Eduardo,,Lopez,915400,9,average,TEACHER,PROFESSOR,3.3
Information Technology,352,George Mason University,Esteban,D,Lopez,2531417,2,good,TEACHER,PROFESSOR,5.0
Biology,352,George Mason University,Maria,,Lopez-Ocasio ,1960931,5,average,TEACHER,PROFESSOR,2.7
Politics,352,George Mason University,Mariely,,Lopez-Santana,1833841,2,poor,TEACHER,PROFESSOR,1.0
Political Science,352,George Mason University,Mariely,,Lopez-Santana,1123904,52,average,TEACHER,PROFESSOR,2.5
Information Science,352,George Mason University,Eugenio,,Lord,512854,53,average,TEACHER,PROFESSOR,3.0
Information Technology,352,George Mason University,Eugene,,Lord,1958933,2,poor,TEACHER,PROFESSOR,2.2
