tDept,tSid,institution_name,tFname,tMiddlename,tLname,tid,tNumRatings,rating_class,contentType,categoryType,overall_rating
Nursing,352,George Mason University,Margaret,,Iorianni,1440420,0,zero,TEACHER,PROFESSOR,N/A
Anthropology,352,George Mason University,Yasemin,,Ipek,2410251,25,good,TEACHER,PROFESSOR,3.9
Criminal Justice,352,George Mason University,Yasmin,,Irvin Erickson,2432783,3,good,TEACHER,PROFESSOR,5.0
Criminal Justice,352,George Mason University,Yasemin,,Irvin-Erickson,2391445,5,good,TEACHER,PROFESSOR,4.8
Conflict Analysis,352,George Mason University,Douglas,,Irvin-Erickson,2126199,19,good,TEACHER,PROFESSOR,4.6
English,352,George Mason University,Katrina,,Irving,2503055,0,zero,TEACHER,PROFESSOR,N/A
Management,352,George Mason University,Abigail,,Isaac,1908309,2,good,TEACHER,PROFESSOR,4.0
English,352,George Mason University,Corey,,Isaacs,2412714,3,good,TEACHER,PROFESSOR,4.0
Art,352,George Mason University,Annette ,,Isham,2071892,3,good,TEACHER,PROFESSOR,4.7
Biology,352,George Mason University,Rafique,,Islam,2001264,4,average,TEACHER,PROFESSOR,2.8
Information Technology,352,George Mason University,Khondkar,,Islam,340052,60,average,TEACHER,PROFESSOR,3.3
Biology,352,George Mason University,Lawrence ,,Israel,1943816,3,good,TEACHER,PROFESSOR,5.0
English,352,George Mason University,Jay,,Ivey,1785640,1,poor,TEACHER,PROFESSOR,1.0
Biology,352,George Mason University,Eswar,,Iyer,1487270,2,good,TEACHER,PROFESSOR,4.8
Statistics,352,George Mason University,Ilhan M,,Izmirli,1377801,93,good,TEACHER,PROFESSOR,3.5
Engineering,352,George Mason University,Bijan,,Jabbari,1080830,9,good,TEACHER,PROFESSOR,4.0
Economics,352,George Mason University,Clara,,Jace,2524437,0,zero,TEACHER,PROFESSOR,N/A
Criminal Justice,352,George Mason University,Tom,,Jackman,966534,18,good,TEACHER,PROFESSOR,4.7
English,352,George Mason University,Shona,,Jackson,460953,7,average,TEACHER,PROFESSOR,2.6
English,352,George Mason University,Zakiyyah,,Jackson,1976407,6,average,TEACHER,PROFESSOR,2.5
