tDept,tSid,institution_name,tFname,tMiddlename,tLname,tid,tNumRatings,rating_class,contentType,categoryType,overall_rating
Management,352,George Mason University,Gwendolyn,,Crider,1438599,2,poor,TEACHER,PROFESSOR,2.2
Languages,352,George Mason University,Haley,,Crittendon,1187709,5,average,TEACHER,PROFESSOR,3.2
Economics,352,George Mason University,John,,Crocket,883643,1,good,TEACHER,PROFESSOR,5.0
Finance,352,George Mason University,J,,Crockett,390303,45,average,TEACHER,PROFESSOR,3.0
Geography,352,George Mason University,Arie,,Croitoru,1710399,9,poor,TEACHER,PROFESSOR,2.2
Conflict Analysis,352,George Mason University,Alex,,Cromwell,1896197,8,good,TEACHER,PROFESSOR,4.9
Mathematics,352,George Mason University,Michael,,Crone,2059038,1,poor,TEACHER,PROFESSOR,2.0
English,352,George Mason University,Justin,,Cronin,415856,0,zero,TEACHER,PROFESSOR,N/A
Management,352,George Mason University,Matt,,Cronin,532694,20,good,TEACHER,PROFESSOR,3.8
Psychology,352,George Mason University,Arika,,Cronin,1192232,10,average,TEACHER,PROFESSOR,2.8
Chemistry,352,George Mason University,Sean,,Cronin,2313240,7,good,TEACHER,PROFESSOR,4.0
Geography,352,George Mason University,Andrew,,Crooks,1446670,2,good,TEACHER,PROFESSOR,5.0
Medicine,352,George Mason University,Marcia,,Cross,1006339,0,zero,TEACHER,PROFESSOR,N/A
Humanities,352,George Mason University,Elizabeth,,Cross,1997498,0,zero,TEACHER,PROFESSOR,N/A
Information Technology,352,George Mason University,Tara,,Cross,2110143,0,zero,TEACHER,PROFESSOR,N/A
Mathematics,352,George Mason University,Karen,,Crossin,311424,180,good,TEACHER,PROFESSOR,4.5
Physics,352,George Mason University,Anne,,Crowell,1519944,5,good,TEACHER,PROFESSOR,4.8
Health  Human Services,352,George Mason University,Alison,,Cuellar,1923652,8,poor,TEACHER,PROFESSOR,2.2
Languages,352,George Mason University,Guadalupe,,Cuestas,2277004,12,average,TEACHER,PROFESSOR,3.4
Social Work,352,George Mason University,Valerie,,Cuffee,2001572,4,good,TEACHER,PROFESSOR,4.9
