tDept,tSid,institution_name,tFname,tMiddlename,tLname,tid,tNumRatings,rating_class,contentType,categoryType,overall_rating
Sociology,352,George Mason University,Anderson,,Bean,1899341,2,average,TEACHER,PROFESSOR,3.0
Information Science,352,George Mason University,Jon,,Beard,1379570,55,average,TEACHER,PROFESSOR,2.8
Languages,352,George Mason University,Marie-Catherine,,Bearden,1650137,3,average,TEACHER,PROFESSOR,3.3
English,352,George Mason University,Corey,,Beasley,1326721,9,good,TEACHER,PROFESSOR,4.6
Engineering,352,George Mason University,Tim,,Beatty,309914,16,good,TEACHER,PROFESSOR,4.6
Biology,352,George Mason University,Craig,,Beatty,1605714,3,good,TEACHER,PROFESSOR,3.8
History,352,George Mason University,Jacqueline,,Beatty,2215848,6,average,TEACHER,PROFESSOR,3.2
Psychology,352,George Mason University,Paul,,Beatty,2084282,20,good,TEACHER,PROFESSOR,4.4
Political Science,352,George Mason University,Joe,,Becelia,189636,64,good,TEACHER,PROFESSOR,3.7
Biology,352,George Mason University,Cynthia,,Beck,290867,131,average,TEACHER,PROFESSOR,3.1
Communication,352,George Mason University,Tobin,,Beck,835986,3,good,TEACHER,PROFESSOR,3.8
Languages,352,George Mason University,Gerard,,Beck,1372609,7,good,TEACHER,PROFESSOR,3.9
Education,352,George Mason University,Jori,,Beck,1798520,2,good,TEACHER,PROFESSOR,5.0
Science,352,George Mason University,Peter,,Becker,201166,109,good,TEACHER,PROFESSOR,4.2
Health Science,352,George Mason University,Greg,,Becker,2322674,12,good,TEACHER,PROFESSOR,4.3
Health  Human Services,352,George Mason University,Zoë,,Beckerman,2174848,1,good,TEACHER,PROFESSOR,5.0
Music,352,George Mason University,Hubert,,Beckwith,514647,42,average,TEACHER,PROFESSOR,3.4
Communication,352,George Mason University,Shireen,,Bedi,1768320,6,good,TEACHER,PROFESSOR,4.5
Communication,352,George Mason University,Joanie,,Bedore,307595,181,good,TEACHER,PROFESSOR,4.7
Geology,352,George Mason University,Angela,,Bee,318013,39,average,TEACHER,PROFESSOR,3.0
