tDept,tSid,institution_name,tFname,tMiddlename,tLname,tid,tNumRatings,rating_class,contentType,categoryType,overall_rating
Theater,352,George Mason University,Heather,,McDonald,738947,8,good,TEACHER,PROFESSOR,4.6
Religious Studies,352,George Mason University,Andy,,McDonald,1169344,0,zero,TEACHER,PROFESSOR,N/A
Psychology,352,George Mason University,Craig,,McDonald,1178377,31,good,TEACHER,PROFESSOR,4.0
Government,352,George Mason University,Suzanne,,McDonald,1798703,3,poor,TEACHER,PROFESSOR,2.0
English,352,George Mason University,Ryan,,McDonald,2217943,8,good,TEACHER,PROFESSOR,4.8
Information Technology,352,George Mason University,Matthew,T,McDonald,2425780,0,zero,TEACHER,PROFESSOR,N/A
Sociology,352,George Mason University,Emily,,McDonald,2369709,2,good,TEACHER,PROFESSOR,4.0
Criminal Justice,352,George Mason University,Judy,,McDonald,2458794,2,good,TEACHER,PROFESSOR,5.0
Computer Science,352,George Mason University,John,D,McDowall,2372547,0,zero,TEACHER,PROFESSOR,N/A
Sports Management,352,George Mason University,Jacqueline ,,McDowell,1993303,1,good,TEACHER,PROFESSOR,4.0
Sports Management,352,George Mason University,Jacquline,,McDowell,2255906,2,good,TEACHER,PROFESSOR,4.5
Psychology,352,George Mason University,Patrick,,McElroy,2044485,7,good,TEACHER,PROFESSOR,4.3
Education,352,George Mason University,Christine,B,Mcelwee,2503387,1,good,TEACHER,PROFESSOR,5.0
Political Science,352,George Mason University,Rodney,,McFadden,878726,14,good,TEACHER,PROFESSOR,3.9
Mathematics,352,George Mason University,John,,McFadden,951555,9,good,TEACHER,PROFESSOR,3.9
Science,352,George Mason University,Allison,,McFarlane,1087587,3,average,TEACHER,PROFESSOR,2.7
Political Science,352,George Mason University,Hazel,,McFerson,15103,49,average,TEACHER,PROFESSOR,2.9
Psychology,352,George Mason University,Ryan,,McGarry,1832249,14,good,TEACHER,PROFESSOR,3.8
English,352,George Mason University,Rebecca,,McGeehan,1101001,29,average,TEACHER,PROFESSOR,3.5
History,352,George Mason University,,,McGill,362511,20,average,TEACHER,PROFESSOR,3.2
