tDept,tSid,institution_name,tFname,tMiddlename,tLname,tid,tNumRatings,rating_class,contentType,categoryType,overall_rating
Chemistry,352,George Mason University,Laura,,Abaandou,1880700,7,poor,TEACHER,PROFESSOR,2.3
Psychology,352,George Mason University,Beau,,Abar,424116,3,good,TEACHER,PROFESSOR,5.0
Mathematics,352,George Mason University,Hira,,Abbasi,1671323,17,good,TEACHER,PROFESSOR,4.5
English,352,George Mason University,Holly,,Abbe,2371589,2,good,TEACHER,PROFESSOR,5.0
Electrical  Comp. Engineering,352,George Mason University,Ahmed,,Abdel-Latif,2261838,6,poor,TEACHER,PROFESSOR,1.3
Business,352,George Mason University,Belal,,Abdelfattah,2246964,36,good,TEACHER,PROFESSOR,4.1
Languages,352,George Mason University,Sara,,Abdelkhalek,2409043,5,good,TEACHER,PROFESSOR,5.0
Sociology,352,George Mason University,Rasmieyh,,Abdelnabi,2269059,4,average,TEACHER,PROFESSOR,3.0
Physical Education,352,George Mason University,Yahya,,Abdul-Qaadir,2186265,1,good,TEACHER,PROFESSOR,5.0
Engineering,352,George Mason University,Aierkanayi,,Abdulizi,2400929,0,zero,TEACHER,PROFESSOR,N/A
Computer Science,352,George Mason University,Muhammad,,Abdulla,1416723,1,good,TEACHER,PROFESSOR,4.0
Languages,352,George Mason University,Nadia,,Abedy,2402714,6,poor,TEACHER,PROFESSOR,2.3
Sports Management,352,George Mason University,Soolmaz,,Abooali,2303119,0,zero,TEACHER,PROFESSOR,N/A
Electrical  Comp. Engineering,352,George Mason University,Amir,,Abouelnaga,2035550,20,poor,TEACHER,PROFESSOR,1.9
Religion,352,George Mason University,Roshan,J,Abraham,2299337,3,good,TEACHER,PROFESSOR,4.3
Biology,352,George Mason University,Heather,A.,Abrahams,1793621,6,average,TEACHER,PROFESSOR,3.4
Communication,352,George Mason University,Michelle,,Abrams,1339814,0,zero,TEACHER,PROFESSOR,N/A
Marketing,352,George Mason University,Russell,,Abratt,2532696,1,good,TEACHER,PROFESSOR,4.0
Information Technology,352,George Mason University,Ahmed,,Abu Jbara,2054938,16,good,TEACHER,PROFESSOR,4.4
Psychology,352,George Mason University,Abdulaziz,,Abubshait,2169768,3,average,TEACHER,PROFESSOR,3.3
