tDept,tSid,institution_name,tFname,tMiddlename,tLname,tid,tNumRatings,rating_class,contentType,categoryType,overall_rating
History,352,George Mason University,Jane T.,,Censer,518529,16,good,TEACHER,PROFESSOR,4.1
Education,352,George Mason University,Nancy,,Cerar,2258125,2,good,TEACHER,PROFESSOR,5.0
Conflict Analysis,352,George Mason University,Gina,,Cerasani,1431662,8,good,TEACHER,PROFESSOR,4.0
Geography,352,George Mason University,Guido,,Cervone,1287043,26,good,TEACHER,PROFESSOR,4.6
Information Technology,352,George Mason University,Virginia,,Cevasco,2481995,1,good,TEACHER,PROFESSOR,5.0
Film,352,George Mason University,Jiyoung,,Cha,1819467,2,good,TEACHER,PROFESSOR,3.8
Communication,352,George Mason University,Nadar,,Chaaban,428517,149,good,TEACHER,PROFESSOR,3.7
English,352,George Mason University,Urvashi,,Chakravarty,2049057,9,good,TEACHER,PROFESSOR,4.6
Sports Management,352,George Mason University,Laurence,,Chalip,2521987,1,poor,TEACHER,PROFESSOR,1.0
History,352,George Mason University,Sharon,,Chamberlain,2512017,1,good,TEACHER,PROFESSOR,5.0
English,352,George Mason University,Emily,,Chambers,2216908,0,zero,TEACHER,PROFESSOR,N/A
Biology,352,George Mason University,Vikas,,Chandhoke,2233319,8,good,TEACHER,PROFESSOR,4.8
Career Development,352,George Mason University,Sara,,Chandler,2471426,0,zero,TEACHER,PROFESSOR,N/A
Languages,352,George Mason University,Vincent,,Chanethom,2216339,8,good,TEACHER,PROFESSOR,4.6
Engineering,352,George Mason University,Kuo Chu,,Chang,589149,19,average,TEACHER,PROFESSOR,2.8
English,352,George Mason University,Yoonmee,,Chang,740393,31,average,TEACHER,PROFESSOR,3.2
Engineering,352,George Mason University,Shih-Chun,,Chang,1210665,8,poor,TEACHER,PROFESSOR,1.6
Communication,352,George Mason University,Wan Lin,,Chang,1856119,6,poor,TEACHER,PROFESSOR,1.5
Communication,352,George Mason University,Jong In,Rachel,Chang,2177284,1,good,TEACHER,PROFESSOR,5.0
History,352,George Mason University,Michael,,Chang,398649,70,average,TEACHER,PROFESSOR,3.5
