tDept,tSid,institution_name,tFname,tMiddlename,tLname,tid,tNumRatings,rating_class,contentType,categoryType,overall_rating
Communication,352,George Mason University,Star,,Muir,1122515,33,good,TEACHER,PROFESSOR,3.7
Athletics,352,George Mason University,Faizan,,Mujeebuddin,2495514,1,good,TEACHER,PROFESSOR,5.0
Information Technology,352,George Mason University,Gohar,,Mukhtar,2244633,11,average,TEACHER,PROFESSOR,3.5
Languages,352,George Mason University,Danielle,,Mulcahy,1111535,12,good,TEACHER,PROFESSOR,5.0
Geology,352,George Mason University,Milton,,Muldrow,1634655,1,good,TEACHER,PROFESSOR,5.0
English,352,George Mason University,Kelly,M,Mulhern,2308876,11,good,TEACHER,PROFESSOR,4.2
Health Science,352,George Mason University,Bill,,Mulheron,1349588,5,average,TEACHER,PROFESSOR,2.6
Languages,352,George Mason University,Monica,,Mulholland,1697896,36,good,TEACHER,PROFESSOR,4.8
Geography,352,George Mason University,Aaron,,Mulhollen,1934350,5,good,TEACHER,PROFESSOR,4.0
Social Work,352,George Mason University,Michelle,L,Mullany,2257168,1,good,TEACHER,PROFESSOR,5.0
History,352,George Mason University,Lincoln,,Mullen,2014144,6,good,TEACHER,PROFESSOR,3.5
History,352,George Mason University,Abigail,,Mullen,2460366,2,good,TEACHER,PROFESSOR,5.0
Psychology,352,George Mason University,Heather,,Mullins,1337542,13,average,TEACHER,PROFESSOR,3.0
Psychology,352,George Mason University,Peter,,Mullins,1512846,1,good,TEACHER,PROFESSOR,4.0
Engineering,352,George Mason University,Rao,V.,Mulpuri,309925,31,good,TEACHER,PROFESSOR,3.7
Nursing,352,George Mason University,Ann,,Mulqueen,1085475,3,good,TEACHER,PROFESSOR,3.7
Psychology,352,George Mason University,Kaitlyn,,Mumma,2305116,0,zero,TEACHER,PROFESSOR,N/A
Business,352,George Mason University,Wambui,,Mungai,1680259,55,good,TEACHER,PROFESSOR,3.7
Languages,352,George Mason University,Delia,,Munoz,404815,20,good,TEACHER,PROFESSOR,4.6
Biology,352,George Mason University,Jimmy,,Munse,1487924,15,good,TEACHER,PROFESSOR,4.9
