tDept,tSid,institution_name,tFname,tMiddlename,tLname,tid,tNumRatings,rating_class,contentType,categoryType,overall_rating
Engineering,352,George Mason University,Gary,,Greene,1577874,5,average,TEACHER,PROFESSOR,3.4
Accounting,352,George Mason University,Colleen,,Greene,2284768,16,good,TEACHER,PROFESSOR,3.9
Biology,352,George Mason University,Caryl,,Greenfield,1779572,2,poor,TEACHER,PROFESSOR,1.5
Engineering,352,George Mason University,Jared,,Greenhill,2138143,0,zero,TEACHER,PROFESSOR,N/A
Computer Science,352,George Mason University,Harold,,Greenwald,2259991,13,good,TEACHER,PROFESSOR,4.3
Psychology,352,George Mason University,Pamela,,Greenwood,520483,43,poor,TEACHER,PROFESSOR,2.4
Information Systems & Operations Management,352,George Mason University,Brad,N,Greenwood,2537484,2,good,TEACHER,PROFESSOR,4.0
Art History,352,George Mason University,Michelle,,Greet,460656,26,good,TEACHER,PROFESSOR,4.0
Art History,352,George Mason University,Christopher,,Gregg,561815,133,good,TEACHER,PROFESSOR,4.5
Philosophy,352,George Mason University,Donald,,Gregory,480334,19,good,TEACHER,PROFESSOR,4.1
Communication,352,George Mason University,Mike,,Greiner,457957,15,average,TEACHER,PROFESSOR,3.1
English,352,George Mason University,Christina,,Grieco,2071395,12,good,TEACHER,PROFESSOR,4.8
Health & Human Services,352,George Mason University,Rebecca,,Griesse,1833187,4,good,TEACHER,PROFESSOR,5.0
Biology,352,George Mason University,Brian,,Griffiths,2204166,8,good,TEACHER,PROFESSOR,4.6
English,352,George Mason University,Katharine,,Griffth,1943960,0,zero,TEACHER,PROFESSOR,N/A
Criminal Justice,352,George Mason University,Robert,,Grims,2516664,1,good,TEACHER,PROFESSOR,5.0
Design,352,George Mason University,Greg,,Grimsby,1584277,18,good,TEACHER,PROFESSOR,4.5
Biology,352,George Mason University,John,,Grimsley,1247184,5,good,TEACHER,PROFESSOR,4.3
Not Specified,352,George Mason University,Lisa,,Gring-Pemble,713587,29,good,TEACHER,PROFESSOR,4.9
Mathematics,352,George Mason University,Igor,,Griva,548159,52,poor,TEACHER,PROFESSOR,2.2
