tDept,tSid,institution_name,tFname,tMiddlename,tLname,tid,tNumRatings,rating_class,contentType,categoryType,overall_rating
Management,352,George Mason University,Nancy,,Shaw,270588,44,good,TEACHER,PROFESSOR,4.4
Mathematics,352,George Mason University,Martin,,Shaw,337399,27,average,TEACHER,PROFESSOR,2.5
Psychology,352,George Mason University,Tyler,,Shaw,1498818,6,good,TEACHER,PROFESSOR,3.5
Biology,352,George Mason University,Gladys,,Shaw,2266151,1,good,TEACHER,PROFESSOR,4.0
Chemistry,352,George Mason University,John,,Shea,2490474,1,good,TEACHER,PROFESSOR,5.0
Psychology,352,George Mason University,Maximillian,,Shear,1773559,18,good,TEACHER,PROFESSOR,4.0
Conflict Analysis,352,George Mason University,Juliette,,Shedd,2145777,1,poor,TEACHER,PROFESSOR,1.0
Geography,352,George Mason University,Sinclair,,Sheers,285825,59,good,TEACHER,PROFESSOR,4.1
Computer Science,352,George Mason University,Amarda,,Shehu,1242011,24,good,TEACHER,PROFESSOR,3.6
Accounting,352,George Mason University,Min,,Shen,709638,69,good,TEACHER,PROFESSOR,3.6
Psychology,352,George Mason University,Zitong,,Sheng,1902092,2,average,TEACHER,PROFESSOR,3.0
Information Technology,352,George Mason University,Hongwei,,Sheng,1962472,3,poor,TEACHER,PROFESSOR,2.2
Engineering,352,George Mason University,Howard,,Sheng,1687331,4,poor,TEACHER,PROFESSOR,2.4
Global Studies,352,George Mason University,Nayantara,,Sheoran,1721810,2,good,TEACHER,PROFESSOR,5.0
Education,352,George Mason University,Kimberly,,Sheridan,1516231,4,good,TEACHER,PROFESSOR,3.6
Engineering,352,George Mason University,Lance,,Sherry,1581484,2,good,TEACHER,PROFESSOR,4.0
History,352,George Mason University,Martin,,Sherwin,1087838,9,good,TEACHER,PROFESSOR,3.8
Fine Arts,352,George Mason University,Susan,,Shields,103487,8,good,TEACHER,PROFESSOR,4.8
Art History,352,George Mason University,Svitlana,,Shiells,1814618,16,good,TEACHER,PROFESSOR,3.7
Business,352,George Mason University,Jorden,,Shimer,2478277,1,poor,TEACHER,PROFESSOR,2.0
