tDept,tSid,institution_name,tFname,tMiddlename,tLname,tid,tNumRatings,rating_class,contentType,categoryType,overall_rating
Cultural Studies,352,George Mason University,John,C,Baker,1850665,12,average,TEACHER,PROFESSOR,3.0
Mathematics,352,George Mason University,Joseph,D,Baker,1892348,0,zero,TEACHER,PROFESSOR,N/A
Criminal Justice,352,George Mason University,Lisa,,Baker,2304544,7,good,TEACHER,PROFESSOR,4.7
Accounting,352,George Mason University,Heather,,Baker,471125,57,average,TEACHER,PROFESSOR,3.1
History,352,George Mason University,Shaul,,Bakhash,197917,38,good,TEACHER,PROFESSOR,4.3
Languages,352,George Mason University,Zonia,,Balasch Rodriguez,1939390,7,good,TEACHER,PROFESSOR,4.6
Economics,352,George Mason University,Ben,,Baldanza,2184883,6,good,TEACHER,PROFESSOR,5.0
Computer Science,352,George Mason University,Foteini,,Baldimtsi,2260869,7,average,TEACHER,PROFESSOR,3.1
Computer Science,352,George Mason University,Jim,,Baldo,468960,13,good,TEACHER,PROFESSOR,3.9
Computer Science,352,George Mason University,James,,Baldo,2083278,3,good,TEACHER,PROFESSOR,5.0
Psychology,352,George Mason University,Carryl,,Baldwin,1060798,11,average,TEACHER,PROFESSOR,2.5
Communication,352,George Mason University,Paula,,Baldwin,1494355,1,good,TEACHER,PROFESSOR,4.5
Languages,352,George Mason University,Alejandra,,Balestra,1390626,9,good,TEACHER,PROFESSOR,4.4
Political Science,352,George Mason University,Peter,,Balint,784706,22,good,TEACHER,PROFESSOR,4.8
Chemistry,352,George Mason University,Haley,,Ball,2180330,5,good,TEACHER,PROFESSOR,4.0
Criminal Justice,352,George Mason University,Steve,,Bamford,278481,47,good,TEACHER,PROFESSOR,4.4
Education,352,George Mason University,John,,Banbury,1421821,0,zero,TEACHER,PROFESSOR,N/A
Management,352,George Mason University,Dharitri,,Banerjee,1874128,2,poor,TEACHER,PROFESSOR,2.2
Information Technology,352,George Mason University,Joydip,,Banerjee,1723656,21,good,TEACHER,PROFESSOR,3.5
English,352,George Mason University,Amy,,Bangerter,2309466,3,good,TEACHER,PROFESSOR,5.0
