tDept,tSid,institution_name,tFname,tMiddlename,tLname,tid,tNumRatings,rating_class,contentType,categoryType,overall_rating
Music,352,George Mason University,Kelly,,Ker-Hackleman,565693,14,average,TEACHER,PROFESSOR,3.5
English,352,George Mason University,Brittany,N,Kerfoot,1833985,21,good,TEACHER,PROFESSOR,4.6
Graphic Arts,352,George Mason University,Anne,,Kerns,987103,5,average,TEACHER,PROFESSOR,2.7
Information Science,352,George Mason University,Larry,,Kerschberg,1002379,23,average,TEACHER,PROFESSOR,2.6
Sociology,352,George Mason University,Katie,,Kerstetter,2038481,1,good,TEACHER,PROFESSOR,4.5
Biology,352,George Mason University,Marieke,,Kester,1674379,33,good,TEACHER,PROFESSOR,4.5
Accounting,352,George Mason University,Kevin,,Kevin Matthews,2485232,0,zero,TEACHER,PROFESSOR,N/A
Engineering,352,George Mason University,Tarek,,Kewaisy,1916665,0,zero,TEACHER,PROFESSOR,N/A
Health Science,352,George Mason University,Ramzy,,Khabbaz,1836856,0,zero,TEACHER,PROFESSOR,N/A
Business,352,George Mason University,Ahmed,,Khago,2219245,13,good,TEACHER,PROFESSOR,4.3
Biology,352,George Mason University,Youssef,,Khalafallah,2097007,0,zero,TEACHER,PROFESSOR,N/A
Sociology,352,George Mason University,Aleezay,,Khaliq,2401027,5,good,TEACHER,PROFESSOR,4.6
Information Science,352,George Mason University,Tawfiq,,Khan,980292,7,poor,TEACHER,PROFESSOR,1.9
Economics,352,George Mason University,Ali,,Khan,989783,4,good,TEACHER,PROFESSOR,3.5
Education,352,George Mason University,Mhehvish,,Khan,1848174,8,good,TEACHER,PROFESSOR,5.0
Electrical  Comp. Engineering,352,George Mason University,Tahir,,Khan,2216447,1,good,TEACHER,PROFESSOR,5.0
Mathematics,352,George Mason University,Sarah,,Khankan,2370640,22,good,TEACHER,PROFESSOR,4.5
Psychology,352,George Mason University,Vivek,,Khare,1088473,10,good,TEACHER,PROFESSOR,4.1
Biology,352,George Mason University,Pooja,,Khatkar,2234871,2,good,TEACHER,PROFESSOR,4.0
Chemistry,352,George Mason University,Said,,Khiti,1504293,3,good,TEACHER,PROFESSOR,4.7
