tDept,tSid,institution_name,tFname,tMiddlename,tLname,tid,tNumRatings,rating_class,contentType,categoryType,overall_rating
Computer Science,352,George Mason University,Tamara,,Maddox,56670,94,good,TEACHER,PROFESSOR,3.5
Psychology,352,George Mason University,James,,Maddux,1281267,2,good,TEACHER,PROFESSOR,5.0
Health  Human Services,352,George Mason University,Sorina,,Madison,2262393,3,poor,TEACHER,PROFESSOR,2.3
Education,352,George Mason University,Octavia,,"Madison-Colmore, Octavia",1724680,1,poor,TEACHER,PROFESSOR,1.5
Biology,352,George Mason University,Cathaleen,,Madsen,1791536,4,good,TEACHER,PROFESSOR,4.8
Biology,352,George Mason University,Kim,Louise,Magalona,2482691,1,good,TEACHER,PROFESSOR,5.0
Physics,352,George Mason University,Nishchal,,Magar,2470031,0,zero,TEACHER,PROFESSOR,N/A
English,352,George Mason University,Peter,,Magellan,1918097,26,good,TEACHER,PROFESSOR,4.8
Integrated Studies,352,George Mason University,Matt,,Magelssen-Green,2220779,1,good,TEACHER,PROFESSOR,5.0
Engineering,352,George Mason University,Viviana,,Maggioni,2017533,2,good,TEACHER,PROFESSOR,5.0
English,352,George Mason University,Alexandra,,Magida Ghaly,1873146,1,poor,TEACHER,PROFESSOR,1.0
Hospitality,352,George Mason University,Paul,F.,Magnant,2423370,7,good,TEACHER,PROFESSOR,4.4
Criminal Justice,352,George Mason University,Shannon,,Magnuson,2156151,1,good,TEACHER,PROFESSOR,4.0
Accounting,352,George Mason University,Anne,,Magro,1107513,29,poor,TEACHER,PROFESSOR,2.1
Communication,352,George Mason University,Linda,,Maguire,2174205,1,good,TEACHER,PROFESSOR,4.0
Accounting,352,George Mason University,Namrata,,Maguire,2536818,1,good,TEACHER,PROFESSOR,5.0
Geography,352,George Mason University,Ron,Shane,Mahabir,2309882,10,good,TEACHER,PROFESSOR,4.3
Not Specified,352,George Mason University,Duhita,,Mahatmya,1670697,4,good,TEACHER,PROFESSOR,4.5
Languages,352,George Mason University,Waleed,,Mahdi,2048064,4,good,TEACHER,PROFESSOR,4.6
Political Science,352,George Mason University,Julianne,,Mahler,421980,13,average,TEACHER,PROFESSOR,2.8
