tDept,tSid,institution_name,tFname,tMiddlename,tLname,tid,tNumRatings,rating_class,contentType,categoryType,overall_rating
Computer Science,352,George Mason University,Jaeyong,,Park,818150,3,average,TEACHER,PROFESSOR,2.5
Hospitality,352,George Mason University,Min,,Park,840473,14,poor,TEACHER,PROFESSOR,2.3
Computer Science,352,George Mason University,Byunghwa,,Park,868674,4,good,TEACHER,PROFESSOR,3.9
Education,352,George Mason University,Kristy,Lee,Park,2021203,2,poor,TEACHER,PROFESSOR,2.3
Athletics,352,George Mason University,Chun,Jae,Park,2338007,3,good,TEACHER,PROFESSOR,5.0
Criminal Justice,352,George Mason University,Sangjun,,Park,2425318,2,average,TEACHER,PROFESSOR,3.0
History,352,George Mason University,Sun-Young,,Park,2197105,5,good,TEACHER,PROFESSOR,4.0
Physical Education,352,George Mason University,Chun,,Park,1252199,6,good,TEACHER,PROFESSOR,4.2
Chemistry,352,George Mason University,Sean,,Park,2252956,8,good,TEACHER,PROFESSOR,3.8
Music,352,George Mason University,Hakyong Kelly,,Park,2522720,1,good,TEACHER,PROFESSOR,5.0
Health Science,352,George Mason University,Rahman,,Parker,1547871,8,average,TEACHER,PROFESSOR,3.3
Biology,352,George Mason University,Lillian,,Parker,1864297,2,good,TEACHER,PROFESSOR,5.0
Business,352,George Mason University,Shernita,,Parker,2478629,1,good,TEACHER,PROFESSOR,5.0
Management,352,George Mason University,Cindy,,Parker,618430,78,good,TEACHER,PROFESSOR,4.5
Statistics,352,George Mason University,Sean,,Parkhurst,1784652,2,good,TEACHER,PROFESSOR,5.0
Integrative Studies,352,George Mason University,Lauren,,Parnell,2311726,4,good,TEACHER,PROFESSOR,5.0
Physical Education,352,George Mason University,Yvonne,,Parotte,2093648,1,good,TEACHER,PROFESSOR,5.0
Physical Education,352,George Mason University,Yvonne M.,,Parrotte,1709456,1,good,TEACHER,PROFESSOR,5.0
Biology,352,George Mason University,E. Chris,,Parsons,769858,76,good,TEACHER,PROFESSOR,4.6
English,352,George Mason University,Corinne,,Partelow,1718363,0,zero,TEACHER,PROFESSOR,N/A
