tDept,tSid,institution_name,tFname,tMiddlename,tLname,tid,tNumRatings,rating_class,contentType,categoryType,overall_rating
Communication,352,George Mason University,Kathalene,,Razzano,577661,18,good,TEACHER,PROFESSOR,3.8
Conflict Analysis,352,George Mason University,Jason,,Reader,2161652,2,good,TEACHER,PROFESSOR,4.5
English,352,George Mason University,Psyche,Z,Ready,2069893,24,good,TEACHER,PROFESSOR,4.3
Engineering,352,George Mason University,Colin,J,Reagle,2189212,12,good,TEACHER,PROFESSOR,3.5
Environmental Science,352,George Mason University,Kristen,,Reck,2246511,1,poor,TEACHER,PROFESSOR,1.0
Accounting,352,George Mason University,Camille,,Redd,1284506,5,average,TEACHER,PROFESSOR,3.3
Information Technology,352,George Mason University,Vamsi,Krishna,Reddicherla,2279173,0,zero,TEACHER,PROFESSOR,N/A
Religion,352,George Mason University,Prabhavati  ,C.,Reddy,2013151,26,average,TEACHER,PROFESSOR,3.0
Physics,352,George Mason University,Greg,,Redfern,1179871,2,average,TEACHER,PROFESSOR,3.2
Criminal Justice,352,George Mason University,Alison,D,Redlich,2087050,8,poor,TEACHER,PROFESSOR,1.9
Health Science,352,George Mason University,Jan,,Redmond,1647879,2,average,TEACHER,PROFESSOR,3.2
English,352,George Mason University,Maria,,Redondo,214833,41,poor,TEACHER,PROFESSOR,2.1
Education,352,George Mason University,Debra,,Reeder,1679130,5,good,TEACHER,PROFESSOR,4.6
Fine Arts,352,George Mason University,Karen,,Reedy,1377062,18,good,TEACHER,PROFESSOR,4.3
Technology,352,George Mason University,Michael,,Reep,2494139,0,zero,TEACHER,PROFESSOR,N/A
Political Science,352,George Mason University,P,,Regan,544565,16,good,TEACHER,PROFESSOR,3.9
Government,352,George Mason University,Priscilla,M,Regan,2001138,3,average,TEACHER,PROFESSOR,3.3
History,352,George Mason University,Amanda,,Regan,2270529,9,good,TEACHER,PROFESSOR,4.1
Philosophy,352,George Mason University,Bryan,,Register,1191609,8,good,TEACHER,PROFESSOR,3.9
Political Science,352,George Mason University,David,,Rehr,2407092,1,good,TEACHER,PROFESSOR,5.0
