tDept,tSid,institution_name,tFname,tMiddlename,tLname,tid,tNumRatings,rating_class,contentType,categoryType,overall_rating
Sociology,352,George Mason University,Mark,,Jacobs,286310,50,average,TEACHER,PROFESSOR,2.7
English,352,George Mason University,Erica,,Jacobs,570711,39,good,TEACHER,PROFESSOR,4.5
Chemistry,352,George Mason University,Whitney,,Jacobs,2371534,1,good,TEACHER,PROFESSOR,5.0
Astronomy,352,George Mason University,Adam,,Jacobs,2479028,1,good,TEACHER,PROFESSOR,5.0
Health Science,352,George Mason University,K,,Jacobsen,991482,5,good,TEACHER,PROFESSOR,4.7
Global Studies,352,George Mason University,Kathryn,,Jacobsen,2029869,3,good,TEACHER,PROFESSOR,4.3
Physical Education,352,George Mason University,Nancy,,Jacobson,2091873,10,average,TEACHER,PROFESSOR,2.7
History,352,George Mason University,Beatty,,Jacqueliene,2201264,0,zero,TEACHER,PROFESSOR,N/A
Conflict Analysis,352,George Mason University,Alma,,Jadallah,1729171,3,good,TEACHER,PROFESSOR,4.8
Mathematics,352,George Mason University,Mohsin,,Jafri,1062975,4,average,TEACHER,PROFESSOR,3.1
Bioinformatics,352,George Mason University,M. Saleet,,Jafri,2408513,1,good,TEACHER,PROFESSOR,5.0
Information Technology,352,George Mason University,Spandana,,Jagtap,2443505,4,good,TEACHER,PROFESSOR,3.5
Physics,352,George Mason University,Muffarah,,Jahangeer,762395,21,good,TEACHER,PROFESSOR,4.2
Marketing,352,George Mason University,Anupam,,Jaju,535764,44,average,TEACHER,PROFESSOR,3.5
Education,352,George Mason University,Jill,,Jakulski,951335,6,good,TEACHER,PROFESSOR,4.5
Health Science,352,George Mason University,Hamid,,Jalal,1517826,15,average,TEACHER,PROFESSOR,3.4
Information Science,352,George Mason University,Alidad,,Jalinous,1441169,4,good,TEACHER,PROFESSOR,3.8
Business,352,George Mason University,Mohammad,,Jamal,2227974,15,good,TEACHER,PROFESSOR,4.4
Religion,352,George Mason University,Frank,,James,2491548,2,good,TEACHER,PROFESSOR,5.0
History,352,George Mason University,Madden,,Jane H,2359952,0,zero,TEACHER,PROFESSOR,N/A
