tDept,tSid,institution_name,tFname,tMiddlename,tLname,tid,tNumRatings,rating_class,contentType,categoryType,overall_rating
Biology,352,George Mason University,Andmorgan,,Fisher,1570585,2,good,TEACHER,PROFESSOR,3.5
Communication,352,George Mason University,Carla,,Fisher,1631951,10,good,TEACHER,PROFESSOR,4.5
Education,352,George Mason University,Carley,,Fisher-Maltese,2486272,2,good,TEACHER,PROFESSOR,5.0
Psychology,352,George Mason University,Andrea,,Fitzgerald,863248,15,average,TEACHER,PROFESSOR,3.2
Government,352,George Mason University,Gerald,,Fitzgerald,1628293,2,good,TEACHER,PROFESSOR,4.5
Chemistry,352,George Mason University,Sean,,Fitzpatrick,2104049,2,good,TEACHER,PROFESSOR,3.5
English,352,George Mason University,Brian,,Fitzpatrick,1440556,33,good,TEACHER,PROFESSOR,4.5
Business,352,George Mason University,Jordan,,Fitzpatrick,2365688,7,good,TEACHER,PROFESSOR,5.0
Physics,352,George Mason University,Thomas Scott,,Fix,1537649,2,good,TEACHER,PROFESSOR,4.5
Communication,352,George Mason University,Andrew,,Flagel,164083,3,good,TEACHER,PROFESSOR,4.8
Engineering,352,George Mason University,Aimee,,Flannery,647727,11,average,TEACHER,PROFESSOR,3.0
Computer Science,352,George Mason University,Daniel,,Fleck,1114739,12,good,TEACHER,PROFESSOR,4.6
Economics,352,George Mason University,Christopher,,Fleming,1959726,2,good,TEACHER,PROFESSOR,4.2
Biology,352,George Mason University,Adam,,Fleming,2167055,2,average,TEACHER,PROFESSOR,2.5
History,352,George Mason University,Thaddeus,,Fleming,1584093,26,good,TEACHER,PROFESSOR,4.8
Management,352,George Mason University,Patrick,,Fleming,2495513,1,poor,TEACHER,PROFESSOR,2.0
Health Science,352,George Mason University,Lila,,Fleming,1188809,51,good,TEACHER,PROFESSOR,4.7
English,352,George Mason University,Wade,,Fletcher,1179909,23,good,TEACHER,PROFESSOR,5.0
Psychology,352,George Mason University,Jane,,Flinn,412094,30,good,TEACHER,PROFESSOR,3.8
Mathematics,352,George Mason University,James,,Florence,1348331,0,zero,TEACHER,PROFESSOR,N/A
