tDept,tSid,institution_name,tFname,tMiddlename,tLname,tid,tNumRatings,rating_class,contentType,categoryType,overall_rating
Engineering,352,George Mason University,Onkar,,Kshirsagar,1336397,0,zero,TEACHER,PROFESSOR,N/A
English,352,George Mason University,D,,Kuebrich,397071,32,good,TEACHER,PROFESSOR,3.7
English,352,George Mason University,David ,,Kuebrich,2009852,1,good,TEACHER,PROFESSOR,5.0
Communication,352,George Mason University,George,,Kueppers,2441179,8,good,TEACHER,PROFESSOR,4.5
English,352,George Mason University,Josef,,Kuhn,2226167,5,good,TEACHER,PROFESSOR,4.2
English,352,George Mason University,Anne,,Kuhta,928591,41,average,TEACHER,PROFESSOR,3.0
Geography,352,George Mason University,Kathryn,,Kulbicki,2286408,3,good,TEACHER,PROFESSOR,4.0
Computer Science,352,George Mason University,Gregory,,kulczycki,1969893,3,poor,TEACHER,PROFESSOR,2.0
Mathematics,352,George Mason University,J,,Kulesza,417502,46,average,TEACHER,PROFESSOR,2.7
Marketing,352,George Mason University,Jeff,,Kulick,611110,77,good,TEACHER,PROFESSOR,3.8
Leadership,352,George Mason University,Syrah,Janessa,Kum,2168559,0,zero,TEACHER,PROFESSOR,N/A
Economics,352,George Mason University,Nakul,,Kumar,1307513,7,good,TEACHER,PROFESSOR,4.2
Business,352,George Mason University,Paul,,Kundtz,2079716,9,good,TEACHER,PROFESSOR,4.7
Conflict Analysis,352,George Mason University,Claudine,,Kuradusenge,2312426,2,good,TEACHER,PROFESSOR,3.5
Music,352,George Mason University,Jayme,,Kurland,2402044,2,good,TEACHER,PROFESSOR,4.5
Engineering,352,George Mason University,Pelin ,A.,Kurtay,1965601,0,zero,TEACHER,PROFESSOR,N/A
Electrical  Comp. Engineering,352,George Mason University,Pelin,A.,Kurtay,2078372,3,average,TEACHER,PROFESSOR,3.2
Theater,352,George Mason University,Howard,,Kurtz,1044571,46,good,TEACHER,PROFESSOR,4.1
Anthropology,352,George Mason University,Mariam,,Kurtz,1984024,0,zero,TEACHER,PROFESSOR,N/A
Sociology,352,George Mason University,Lester,,Kurtz,1243003,30,good,TEACHER,PROFESSOR,3.9
