tDept,tSid,institution_name,tFname,tMiddlename,tLname,tid,tNumRatings,rating_class,contentType,categoryType,overall_rating
Psychology,352,George Mason University,Erin,,Beech,1744508,1,good,TEACHER,PROFESSOR,5.0
Physical Education,352,George Mason University,Christopher,,Beemer,1196678,5,good,TEACHER,PROFESSOR,4.1
Social Work,352,George Mason University,Theresa,,Beeton,1521787,1,poor,TEACHER,PROFESSOR,1.0
Engineering,352,George Mason University,Ali,,Beheshti,2368481,6,good,TEACHER,PROFESSOR,4.5
Electrical amp Comp. Engineering,352,George Mason University,Farnaz,,Behnia,2360425,1,poor,TEACHER,PROFESSOR,1.0
Biology,352,George Mason University,Andrew,,Beichler,2092460,6,good,TEACHER,PROFESSOR,4.3
Physical Education,352,George Mason University,Barbara,,Beirnstein,1630631,0,zero,TEACHER,PROFESSOR,N/A
Communication,352,George Mason University,Gina.C,,Bell,1387049,15,good,TEACHER,PROFESSOR,4.4
Computer Science,352,George Mason University,Jonathan,,Bell,2156102,12,good,TEACHER,PROFESSOR,4.5
Biology,352,George Mason University,Tina,Marie,Bell,2441257,15,average,TEACHER,PROFESSOR,3.3
Physics,352,George Mason University,Gabriele,,Belle,1302220,54,average,TEACHER,PROFESSOR,2.6
Physics,352,George Mason University,Gabrielle,,Belle,1970294,7,average,TEACHER,PROFESSOR,2.7
Business,352,George Mason University,Ioannis,,Bellos,2093638,1,average,TEACHER,PROFESSOR,3.0
Management,352,George Mason University,Ioannis,,Bellos,1822488,30,good,TEACHER,PROFESSOR,4.2
Criminal Justice,352,George Mason University,Randy,,Bellows,2287571,4,good,TEACHER,PROFESSOR,4.2
English,352,George Mason University,Paula,,Beltran,1847593,13,average,TEACHER,PROFESSOR,2.8
Psychology,352,George Mason University,Brandon,,Beltz,592792,4,good,TEACHER,PROFESSOR,4.9
Business,352,George Mason University,Amel,,Ben Abdesslem,2287045,5,good,TEACHER,PROFESSOR,4.6
Mathematics,352,George Mason University,Julian,,Benali,2429059,0,zero,TEACHER,PROFESSOR,N/A
Art,352,George Mason University,Stephanie,,Benassi,1652696,13,good,TEACHER,PROFESSOR,4.3
