tDept,tSid,institution_name,tFname,tMiddlename,tLname,tid,tNumRatings,rating_class,contentType,categoryType,overall_rating
History,352,George Mason University,Meredith,,Lair,744787,53,average,TEACHER,PROFESSOR,3.0
Cultural Studies,352,George Mason University,Allison,M,Lakomski,1761204,5,good,TEACHER,PROFESSOR,4.0
Art History,352,George Mason University,Andrea,,Lam,2369367,3,poor,TEACHER,PROFESSOR,2.0
Physical Ed,352,George Mason University,Joe,,Lamarca,718169,4,good,TEACHER,PROFESSOR,4.0
Mathematics,352,George Mason University,Harbir,,Lamba,146159,108,poor,TEACHER,PROFESSOR,2.4
Statistics,352,George Mason University,William,,Lambert,2138520,0,zero,TEACHER,PROFESSOR,N/A
Statistics,352,George Mason University,William,,Lamberti,2227235,0,zero,TEACHER,PROFESSOR,N/A
Biology,352,George Mason University,David,,Lambrecht,2403310,5,good,TEACHER,PROFESSOR,3.6
Psychology,352,George Mason University,Diane,,Lameira,2117558,7,good,TEACHER,PROFESSOR,3.5
Cultural Studies,352,George Mason University,Travis,,Lamken,2497356,1,average,TEACHER,PROFESSOR,3.0
Languages,352,George Mason University,Winnie,,Lamothe,882405,11,good,TEACHER,PROFESSOR,3.9
History,352,George Mason University,Roger,,Lancaster,1202083,1,good,TEACHER,PROFESSOR,5.0
Business,352,George Mason University,Christine,A,Landol,2344047,3,good,TEACHER,PROFESSOR,5.0
Business,352,George Mason University,Christine,,Landoll,2363026,7,good,TEACHER,PROFESSOR,4.7
History,352,George Mason University,Alison,,Landsberg,347552,23,good,TEACHER,PROFESSOR,4.0
Chemistry,352,George Mason University,Elizabeth,,Lang,2030194,20,average,TEACHER,PROFESSOR,2.5
Business,352,George Mason University,Gosia,,Langa,1032956,17,average,TEACHER,PROFESSOR,2.9
Management,352,George Mason University,Claus,,Langfred,1446703,4,good,TEACHER,PROFESSOR,4.0
Economics,352,George Mason University,Ryan,,Langrill,1671239,2,good,TEACHER,PROFESSOR,4.5
History,352,George Mason University,Jennifer,,Lansbury,863623,1,good,TEACHER,PROFESSOR,4.5
