tDept,tSid,institution_name,tFname,tMiddlename,tLname,tid,tNumRatings,rating_class,contentType,categoryType,overall_rating
Information Technology,352,George Mason University,Nish,,Pingle,1721945,0,zero,TEACHER,PROFESSOR,N/A
Biology,352,George Mason University,Chelsea,,Pinkham,2023769,2,good,TEACHER,PROFESSOR,5.0
Biology,352,George Mason University,Daniel,,Pinto,2379303,2,good,TEACHER,PROFESSOR,5.0
Health & Human Services,352,George Mason University,Lida,,Pitsch,1731980,1,good,TEACHER,PROFESSOR,3.5
Communication,352,George Mason University,Gary,,Plaag,338997,18,good,TEACHER,PROFESSOR,4.6
Communication,352,George Mason University,Sylvester,,Placid,1449976,3,good,TEACHER,PROFESSOR,5.0
Art,352,George Mason University,James,,Plakas,2050263,2,good,TEACHER,PROFESSOR,5.0
Art,352,George Mason University,Justin,,Plakas,2104805,1,good,TEACHER,PROFESSOR,4.5
Languages,352,George Mason University,Ramon,,Planas,507840,29,good,TEACHER,PROFESSOR,4.2
Criminal Justice,352,George Mason University,Dan,,Plank,2336568,2,good,TEACHER,PROFESSOR,4.0
History,352,George Mason University,Brian,,Platt,191775,28,good,TEACHER,PROFESSOR,4.5
Biology,352,George Mason University,Michelle,,Pleet,2371008,5,good,TEACHER,PROFESSOR,4.4
Business,352,George Mason University,Jeremy,,Plotnick,2118602,6,good,TEACHER,PROFESSOR,4.6
Political Science,352,George Mason University,,,Pluchinsky,431355,26,average,TEACHER,PROFESSOR,3.2
Criminal Justice,352,George Mason University,Dennis,,Pluchinsky,2220223,1,poor,TEACHER,PROFESSOR,1.0
Biology,352,George Mason University,John,,Pluta,1213869,10,poor,TEACHER,PROFESSOR,2.2
Communication,352,George Mason University,Jacquelyn,,Poapst,2136303,11,good,TEACHER,PROFESSOR,5.0
Communication,352,George Mason University,Peter,,Pober,425510,26,good,TEACHER,PROFESSOR,4.0
Biology,352,George Mason University,Darby,,Pochtar,2320507,1,good,TEACHER,PROFESSOR,4.0
Information Technology,352,George Mason University,Rohit,,Poddaturi,2064884,0,zero,TEACHER,PROFESSOR,N/A
