tDept,tSid,institution_name,tFname,tMiddlename,tLname,tid,tNumRatings,rating_class,contentType,categoryType,overall_rating
Nursing,352,George Mason University,Odette,,Willis,563028,24,good,TEACHER,PROFESSOR,3.5
Criminal Justice,352,George Mason University,James,,Willis,873291,29,good,TEACHER,PROFESSOR,4.3
Management,352,George Mason University,Carl,,Willis-Ford,1553184,4,good,TEACHER,PROFESSOR,4.9
Cultural Studies,352,George Mason University,Craig,,Willse,1857927,10,good,TEACHER,PROFESSOR,4.6
English,352,George Mason University,Trisha,,Wilmans,2311028,0,zero,TEACHER,PROFESSOR,N/A
Political Science,352,George Mason University,David,,Wilsford,1002752,30,average,TEACHER,PROFESSOR,2.7
Government,352,George Mason University,Erin,,Wilson,1614264,1,average,TEACHER,PROFESSOR,3.0
Biology,352,George Mason University,Lauren,,Wilson,1622481,0,zero,TEACHER,PROFESSOR,N/A
Communication,352,George Mason University,Nathaniel,,Wilson,1690524,7,good,TEACHER,PROFESSOR,5.0
Economics,352,George Mason University,Samuel,,Wilson,1719167,0,zero,TEACHER,PROFESSOR,N/A
Theater,352,George Mason University,Matthew,R,Wilson,1873571,3,good,TEACHER,PROFESSOR,3.8
Criminal Justice,352,George Mason University,David,,Wilson,2063100,2,average,TEACHER,PROFESSOR,3.0
Biology,352,George Mason University,Mark,,Wilson,2470525,1,average,TEACHER,PROFESSOR,3.0
Psychology,352,George Mason University,Angela,,Wilson-Quayle,1994621,2,poor,TEACHER,PROFESSOR,1.0
Fine Arts,352,George Mason University,Peter,,Winant,319068,28,good,TEACHER,PROFESSOR,4.3
Management,352,George Mason University,Tim E.,,Winchell,1146241,5,good,TEACHER,PROFESSOR,4.3
Social Science,352,George Mason University,Ryan,,Winchell,2191557,3,good,TEACHER,PROFESSOR,5.0
Health Science,352,George Mason University,Jason,,Winchester,1445479,1,good,TEACHER,PROFESSOR,5.0
Science,352,George Mason University,Andrew,,Wingfield,901781,14,good,TEACHER,PROFESSOR,4.3
Classics,352,George Mason University,Martin,,Winkler,313220,101,average,TEACHER,PROFESSOR,2.9
