tDept,tSid,institution_name,tFname,tMiddlename,tLname,tid,tNumRatings,rating_class,contentType,categoryType,overall_rating
English,352,George Mason University,John,,O'Connor,473583,11,good,TEACHER,PROFESSOR,4.6
English,352,George Mason University,Parker,S.,O'Connor,2391446,8,good,TEACHER,PROFESSOR,4.8
Physics,352,George Mason University,Brian,,O'Halloran,1136450,0,zero,TEACHER,PROFESSOR,N/A
Nursing,352,George Mason University,Mary,,D'Laughlen,864948,2,average,TEACHER,PROFESSOR,3.2
History,352,George Mason University,M,,O'Malley,189207,38,good,TEACHER,PROFESSOR,4.2
Information Technology,352,George Mason University,Michael,,O'Malley,2526563,0,zero,TEACHER,PROFESSOR,N/A
Marketing,352,George Mason University,Lisa,,O'Masta,2510854,1,good,TEACHER,PROFESSOR,5.0
Business,352,George Mason University,Olivia,,O'neill,1649932,18,average,TEACHER,PROFESSOR,3.3
Sociology,352,George Mason University,Kimberly,,O'Toole,272126,27,good,TEACHER,PROFESSOR,4.5
Criminal Justice,352,George Mason University,Mary Ellen,,O'Toole,2079097,3,average,TEACHER,PROFESSOR,2.7
Health & Human Services,352,George Mason University,James,,Oakes,2385995,5,good,TEACHER,PROFESSOR,4.4
English,352,George Mason University,Kara,,Oakleaf,2121320,12,good,TEACHER,PROFESSOR,4.5
History,352,George Mason University,George,,Oberle,2248729,5,good,TEACHER,PROFESSOR,5.0
Philosophy,352,George Mason University,Veena,,Oberoi,640359,19,poor,TEACHER,PROFESSOR,2.3
Management,352,George Mason University,Karen,,Oberst,1443283,20,good,TEACHER,PROFESSOR,3.9
Cultural Studies,352,George Mason University,Ozden,,Ocak,1339251,7,average,TEACHER,PROFESSOR,2.9
Mathematics,352,George Mason University,Tracey,G,Oellerich,2304000,0,zero,TEACHER,PROFESSOR,N/A
Physics,352,George Mason University,Robert,,Oerter,872911,159,average,TEACHER,PROFESSOR,2.9
Biology,352,George Mason University,Samantha,,Oester,1743865,17,good,TEACHER,PROFESSOR,5.0
Nursing,352,George Mason University,Cheryl,,Oetjen,2072553,2,good,TEACHER,PROFESSOR,5.0
