tDept,tSid,institution_name,tFname,tMiddlename,tLname,tid,tNumRatings,rating_class,contentType,categoryType,overall_rating
Languages,352,George Mason University,Laura,,Vinti,1195545,5,good,TEACHER,PROFESSOR,4.3
Psychology,352,George Mason University,Kari,,Visconti,1862645,1,good,TEACHER,PROFESSOR,4.5
Biology,352,George Mason University,Theodorus,,Visseren,2307514,15,average,TEACHER,PROFESSOR,3.1
Environmental Science,352,George Mason University,Ingrid,,Visserin-Hamakers,2519983,0,zero,TEACHER,PROFESSOR,N/A
Accounting,352,George Mason University,Gnanakumar,,Visvanathan,438319,22,good,TEACHER,PROFESSOR,4.3
Integrated Studies,352,George Mason University,Sylvia,,Vitazkova,1780231,3,good,TEACHER,PROFESSOR,4.0
Information Science,352,George Mason University,Mike,,Vito,408322,13,good,TEACHER,PROFESSOR,4.1
Languages,352,George Mason University,Ricardo,,Vivancos Perez,987404,23,average,TEACHER,PROFESSOR,3.4
Languages,352,George Mason University,Edwin,,Vizcardo Lazo,1149035,2,good,TEACHER,PROFESSOR,4.5
Humanities,352,George Mason University,Sorina,,Vlaicu,1186592,10,average,TEACHER,PROFESSOR,3.2
Marketing,352,George Mason University,Niki,Maria,Vlastara,2514428,3,average,TEACHER,PROFESSOR,3.3
Integrative Studies,352,George Mason University,Kristen,,Vlaun,1955201,18,good,TEACHER,PROFESSOR,4.9
Neuroscience,352,George Mason University,Vita,,Vock,1718240,13,average,TEACHER,PROFESSOR,3.4
Chemistry,352,George Mason University,David,,Voglozin,1682719,6,average,TEACHER,PROFESSOR,3.0
Health Science,352,George Mason University,Michael,,von Fricken,2176394,7,good,TEACHER,PROFESSOR,4.4
Physics,352,George Mason University,Patrick ,,Vora,2069285,5,good,TEACHER,PROFESSOR,3.7
Criminal Justice,352,George Mason University,Sylvia,,Voreas,943144,46,average,TEACHER,PROFESSOR,3.5
Information Technology,352,George Mason University,Mrudula,,Voruganti,2327798,5,poor,TEACHER,PROFESSOR,1.0
Health Science,352,George Mason University,Karyn,,Voulalas,524591,17,average,TEACHER,PROFESSOR,3.4
Communication,352,George Mason University,Emily,,Vraga,1855801,8,good,TEACHER,PROFESSOR,3.5
