tDept,tSid,institution_name,tFname,tMiddlename,tLname,tid,tNumRatings,rating_class,contentType,categoryType,overall_rating
Communication,352,George Mason University,Mike,,Dickerson,178115,27,good,TEACHER,PROFESSOR,4.0
Biology,352,George Mason University,Alexandra,,Didoha,1435537,0,zero,TEACHER,PROFESSOR,N/A
Geology,352,George Mason University,Richard,,Diecchio,1189592,51,average,TEACHER,PROFESSOR,3.3
Engineering,352,George Mason University,William,,Diehl,1957557,4,good,TEACHER,PROFESSOR,3.9
International Studies,352,George Mason University,Peter,,Dieke,832831,16,average,TEACHER,PROFESSOR,2.6
women's Studies,352,George Mason University,Courtney,,Diener,2374923,6,good,TEACHER,PROFESSOR,4.2
Economics,352,George Mason University,Jonathon,,Diesel,1908432,1,good,TEACHER,PROFESSOR,5.0
Art,352,George Mason University,Robert,,Dieterich,2187571,3,good,TEACHER,PROFESSOR,4.7
Psychology,352,George Mason University,Sandy ,,Dietrich ,2060902,2,poor,TEACHER,PROFESSOR,2.0
Economics,352,George Mason University,Isaac,,DiIanni,849829,10,good,TEACHER,PROFESSOR,3.7
Information Technology,352,George Mason University,Craig,,Dill,1863245,41,good,TEACHER,PROFESSOR,4.1
Geography,352,George Mason University,Francis,,Dillon,97694,25,good,TEACHER,PROFESSOR,4.5
Education,352,George Mason University,Dimitrov,,Dimiter,564327,12,average,TEACHER,PROFESSOR,2.6
Computer Science,352,George Mason University,Socrates,,Dimitriadis,2366288,8,average,TEACHER,PROFESSOR,3.3
Hospitality,352,George Mason University,Danielle,,Dimitrov,1798820,18,poor,TEACHER,PROFESSOR,2.0
Fine Arts,352,George Mason University,Connie,,Dinapoli,984638,10,good,TEACHER,PROFESSOR,3.5
Political Science,352,George Mason University,Harry,,Dinella,419671,149,good,TEACHER,PROFESSOR,4.6
Biology,352,George Mason University,Elisabeth,,Dingess,1101558,7,good,TEACHER,PROFESSOR,4.9
Mathematics,352,George Mason University,Elizabeth,Ann,Dinkelman,2394904,1,average,TEACHER,PROFESSOR,3.0
Business,352,George Mason University,Fatou,,Diouf,2522338,6,poor,TEACHER,PROFESSOR,1.2
