tDept,tSid,institution_name,tFname,tMiddlename,tLname,tid,tNumRatings,rating_class,contentType,categoryType,overall_rating
English,352,George Mason University,Sheri,,Sorvillo,1462048,27,good,TEACHER,PROFESSOR,3.8
Languages,352,George Mason University,Almudena,,Soto Villalba,1816061,2,good,TEACHER,PROFESSOR,4.2
Computer Science,352,George Mason University,Shvetha,,Soundararajan,2177466,49,average,TEACHER,PROFESSOR,2.8
Computer Science,352,George Mason University,Joao,,Sousa,911662,4,good,TEACHER,PROFESSOR,4.4
Biology,352,George Mason University,Valery,,Soyfer,517558,16,good,TEACHER,PROFESSOR,3.5
Languages,352,George Mason University,Marta,,Sozzi,950085,16,good,TEACHER,PROFESSOR,4.5
Languages,352,George Mason University,Nilda,,Sozzi,1865551,7,good,TEACHER,PROFESSOR,4.3
Information Technology,352,George Mason University,Peter,,Spano,1772316,10,good,TEACHER,PROFESSOR,4.2
Religion,352,George Mason University,Sarah,,Sparks,1659625,16,good,TEACHER,PROFESSOR,4.1
Religion,352,George Mason University,Garry,,Sparks,1931912,37,good,TEACHER,PROFESSOR,4.0
Dance,352,George Mason University,Elizabeth,,Spatz,2371555,0,zero,TEACHER,PROFESSOR,N/A
Systems Engineering,352,George Mason University,Thomas,,Speller,1290952,10,average,TEACHER,PROFESSOR,2.7
Art,352,George Mason University,Allison,,Spence,2139165,2,good,TEACHER,PROFESSOR,4.5
English,352,George Mason University,Briana,,Spencer,1401975,0,zero,TEACHER,PROFESSOR,N/A
Chemistry,352,George Mason University,Shazi,,Spieler,1413078,4,poor,TEACHER,PROFESSOR,1.6
English,352,George Mason University,Christine,,Spillson,2079403,12,good,TEACHER,PROFESSOR,4.5
English,352,George Mason University,Bianca,Rose,Spinosa,2072719,5,good,TEACHER,PROFESSOR,4.8
Computer Science,352,George Mason University,Daniel,,Sponseller,2488742,2,good,TEACHER,PROFESSOR,4.5
Science,352,George Mason University,Sharon,,Spradling,2032357,16,good,TEACHER,PROFESSOR,4.8
Humanities,352,George Mason University,Nicole,,Springer,2046718,4,good,TEACHER,PROFESSOR,4.8
