tDept,tSid,institution_name,tFname,tMiddlename,tLname,tid,tNumRatings,rating_class,contentType,categoryType,overall_rating
Earth Science,352,George Mason University,Dona,,Dolan,2313845,2,poor,TEACHER,PROFESSOR,2.0
Research,352,George Mason University,Dana,Archer,Dolan,2506066,0,zero,TEACHER,PROFESSOR,N/A
English,352,George Mason University,Erica,M,Dolson,1837045,6,good,TEACHER,PROFESSOR,3.9
Computer Science,352,George Mason University,Carlotta,,Domeniconi,422792,37,average,TEACHER,PROFESSOR,3.3
Computer Science,352,George Mason University,Dominic,,Dominic White,2534508,0,zero,TEACHER,PROFESSOR,N/A
Graphic Arts,352,George Mason University,David,,Donahue,1379640,0,zero,TEACHER,PROFESSOR,N/A
Engineering,352,George Mason University,Pei,,Dong,2377405,4,good,TEACHER,PROFESSOR,4.3
Criminal Justice,352,George Mason University,Beidi,,Dong,2304535,12,average,TEACHER,PROFESSOR,3.2
Information Technology,352,George Mason University,Sahithi,,Donkina,2108194,3,good,TEACHER,PROFESSOR,4.2
Psychology,352,George Mason University,James ,Jim ,Doorley,2057758,12,good,TEACHER,PROFESSOR,4.2
Economics,352,George Mason University,Colin,,Doran,2128767,64,good,TEACHER,PROFESSOR,4.3
Government,352,George Mason University,Nathan,,Dorfman,1612877,1,good,TEACHER,PROFESSOR,5.0
Health & Human Services,352,George Mason University,Su Jong,K,Dorner,1901735,1,average,TEACHER,PROFESSOR,3.0
English,352,George Mason University,Isidore,,Dorpenyo,2452079,0,zero,TEACHER,PROFESSOR,N/A
Integrative Studies,352,George Mason University,Marlon,,Dortch,2082741,4,good,TEACHER,PROFESSOR,4.0
English,352,George Mason University,Patricia,Trimnell,Doss,2104218,3,average,TEACHER,PROFESSOR,2.8
Finance,352,George Mason University,Nazir,,Dossani,1096377,7,good,TEACHER,PROFESSOR,4.9
Biology,352,George Mason University,Nathan,,Dougan,745722,33,good,TEACHER,PROFESSOR,4.0
Leadership,352,George Mason University,Conor,,Dougherty,2296127,9,good,TEACHER,PROFESSOR,5.0
Nursing,352,George Mason University,Charlene,,Douglas,570659,14,good,TEACHER,PROFESSOR,3.9
