tDept,tSid,institution_name,tFname,tMiddlename,tLname,tid,tNumRatings,rating_class,contentType,categoryType,overall_rating
Social Work,352,George Mason University,Joann,,Lee,1902396,7,good,TEACHER,PROFESSOR,4.4
Information Technology,352,George Mason University,Matt,,Lee,2047036,0,zero,TEACHER,PROFESSOR,N/A
Business,352,George Mason University,Catherine,,Lee,2091539,0,zero,TEACHER,PROFESSOR,N/A
Anthropology,352,George Mason University,Gyu Tag,,Lee,2183545,1,poor,TEACHER,PROFESSOR,1.0
Research,352,George Mason University,Karen,,Lee,2202071,1,good,TEACHER,PROFESSOR,5.0
Sociology,352,George Mason University,Priscilla,,Lee,2218197,1,good,TEACHER,PROFESSOR,5.0
Psychology,352,George Mason University,Yi-Ching,,Lee,2229423,4,good,TEACHER,PROFESSOR,3.8
Psychology,352,George Mason University,Philseok,,Lee,2488743,1,good,TEACHER,PROFESSOR,5.0
Business,352,George Mason University,Hun,,Lee,312411,25,good,TEACHER,PROFESSOR,3.8
Finance,352,George Mason University,Seokwoo,,Lee,1966937,7,poor,TEACHER,PROFESSOR,2.5
Finance,352,George Mason University,Jongdoo,,Lee,1435017,41,poor,TEACHER,PROFESSOR,2.3
Theater,352,George Mason University,Kaiulani,,Lee,384696,18,good,TEACHER,PROFESSOR,4.6
Business,352,George Mason University,Jongdoo,,Lee,2103961,20,poor,TEACHER,PROFESSOR,1.6
Business,352,George Mason University,Chi-Hyon,,Lee,990569,40,good,TEACHER,PROFESSOR,3.8
Science,352,George Mason University,Jason,,Lee,809436,32,poor,TEACHER,PROFESSOR,2.5
Psychology,352,George Mason University,Jack,P.,Leeda,2014843,0,zero,TEACHER,PROFESSOR,N/A
Psychology,352,George Mason University,Jack,P.,Leeds,2014844,1,poor,TEACHER,PROFESSOR,1.0
Languages,352,George Mason University,J,,Leeman,304718,26,good,TEACHER,PROFESSOR,4.2
Economics,352,George Mason University,Peter,,Leeson,952221,13,good,TEACHER,PROFESSOR,4.8
Information Science,352,George Mason University,Michael,,Lefebvre,1564665,4,good,TEACHER,PROFESSOR,3.6
