tDept,tSid,institution_name,tFname,tMiddlename,tLname,tid,tNumRatings,rating_class,contentType,categoryType,overall_rating
Cultural Studies,352,George Mason University,Myrtle,,Andrews,1985538,1,poor,TEACHER,PROFESSOR,1.5
Languages,352,George Mason University, Ashley ,,Angelovich,1940972,1,good,TEACHER,PROFESSOR,5.0
Philosophy,352,George Mason University,Erik,,Angner,1896214,12,good,TEACHER,PROFESSOR,4.2
Information Technology,352,George Mason University,Harun,,Anne,2490293,1,poor,TEACHER,PROFESSOR,2.0
Computer Science,352,George Mason University,Kabir,,Anowarul,2493322,0,zero,TEACHER,PROFESSOR,N/A
Human Development,352,George Mason University,Nadeem,,Ansari,2086436,11,good,TEACHER,PROFESSOR,4.9
Chemistry,352,George Mason University,Asad,,Ansari,2160414,1,average,TEACHER,PROFESSOR,3.0
History,352,George Mason University,Muhammad,,Ansary,802383,4,good,TEACHER,PROFESSOR,4.0
Communication,352,George Mason University,LaShonda,,Anthony,2050764,1,good,TEACHER,PROFESSOR,4.5
Mathematics,352,George Mason University,Harbir,,Antil,1927613,8,poor,TEACHER,PROFESSOR,1.0
Mathematics,352,George Mason University,Gary,Lee,Antonio,1853252,2,poor,TEACHER,PROFESSOR,2.0
Sports Management,352,George Mason University,Brian,,Anweiler,2341767,0,zero,TEACHER,PROFESSOR,N/A
Languages,352,George Mason University,Yumin,,AO,1782400,2,good,TEACHER,PROFESSOR,4.8
Languages,352,George Mason University,Ntiamoah,,Appiah,1047565,0,zero,TEACHER,PROFESSOR,N/A
Anthropology,352,George Mason University,Jamie,,Aprile,2359836,19,poor,TEACHER,PROFESSOR,1.6
Sociology,352,George Mason University,Bhavani,,Arabandi,1351900,9,average,TEACHER,PROFESSOR,3.1
Classics,352,George Mason University,Olga,,Arans,178667,50,good,TEACHER,PROFESSOR,3.8
History,352,George Mason University,Scott,Lawin,Arcenas,2528690,0,zero,TEACHER,PROFESSOR,N/A
Communication,352,George Mason University,Anthony,,Arciero,2254194,4,good,TEACHER,PROFESSOR,5.0
Engineering,352,George Mason University,Tomasz,,Arciszewski,1609903,2,average,TEACHER,PROFESSOR,2.5
