tDept,tSid,institution_name,tFname,tMiddlename,tLname,tid,tNumRatings,rating_class,contentType,categoryType,overall_rating
Health Science,352,George Mason University,Lisa,,Pawloski,445084,6,good,TEACHER,PROFESSOR,4.3
Communication,352,George Mason University,Rusty,,Payne,180537,20,good,TEACHER,PROFESSOR,4.3
Psychology,352,George Mason University,Jill,,Payne,1670273,5,poor,TEACHER,PROFESSOR,2.2
Education,352,George Mason University,Janet,A,Payne,1814813,1,poor,TEACHER,PROFESSOR,1.0
English,352,George Mason University,Ashlee,,Payne,2284532,9,average,TEACHER,PROFESSOR,3.1
Nutrition,352,George Mason University,Jessica,,Peacock,1845517,6,good,TEACHER,PROFESSOR,3.6
Religion,352,George Mason University,Lois,,Peak,1249549,0,zero,TEACHER,PROFESSOR,N/A
Sociology,352,George Mason University,Michael,,Pearlman,296380,39,good,TEACHER,PROFESSOR,4.2
Government,352,George Mason University,Steven,,Pearlstein,1672668,107,good,TEACHER,PROFESSOR,3.8
English,352,George Mason University,Sean,A,Pears,1877334,1,good,TEACHER,PROFESSOR,4.5
Communication,352,George Mason University,Nan,,Peck,907393,18,average,TEACHER,PROFESSOR,2.7
Psychology,352,George Mason University,Karin,,Pedemonte,2010515,8,average,TEACHER,PROFESSOR,3.5
Biology,352,George Mason University,Lenore,,Pedicord,2249130,8,poor,TEACHER,PROFESSOR,2.0
Economics,352,George Mason University,Ernest,,Pegram,505883,0,zero,TEACHER,PROFESSOR,N/A
Technology,352,George Mason University,William,,Pegram,1378717,8,poor,TEACHER,PROFESSOR,1.6
Biology,352,George Mason University,Casey,,Pehrson,2102711,1,good,TEACHER,PROFESSOR,4.0
Communication,352,George Mason University,Di,,Pei,2145302,8,good,TEACHER,PROFESSOR,4.0
Engineering,352,George Mason University,Nathalia,,Peixoto,1081669,23,average,TEACHER,PROFESSOR,2.9
Education,352,George Mason University,Anthony,,Pellegrino,1533046,6,good,TEACHER,PROFESSOR,4.8
Electrical & Comp. Engineering,352,George Mason University,Alberto,,Pena,1877032,2,good,TEACHER,PROFESSOR,4.2
