tDept,tSid,institution_name,tFname,tMiddlename,tLname,tid,tNumRatings,rating_class,contentType,categoryType,overall_rating
Marketing,352,George Mason University,Michelle,,Wales,2445021,1,good,TEACHER,PROFESSOR,5.0
Government,352,George Mason University,Leonard,,Wales,2501242,0,zero,TEACHER,PROFESSOR,N/A
Philosophy,352,George Mason University,Jason,,Walker,2189592,4,good,TEACHER,PROFESSOR,3.7
Biology,352,George Mason University,Nicholas,J,Walker,2193368,7,good,TEACHER,PROFESSOR,4.8
Law,352,George Mason University,Laura,,Walker,441838,134,good,TEACHER,PROFESSOR,4.3
Government,352,George Mason University,Carol,D,Walker,1811751,14,good,TEACHER,PROFESSOR,4.0
Mathematics,352,George Mason University,Mary,,Wall,1603644,15,average,TEACHER,PROFESSOR,2.5
Theater,352,George Mason University,Craig,,Wallace,866963,3,good,TEACHER,PROFESSOR,5.0
English,352,George Mason University,Lauren,,Wallace,1328673,3,good,TEACHER,PROFESSOR,3.5
Government,352,George Mason University,Wesley,,Wallace,1944542,1,good,TEACHER,PROFESSOR,4.5
Nutrition,352,George Mason University,Taylor,,Wallace,2142631,14,average,TEACHER,PROFESSOR,2.7
History,352,George Mason University,Janet,,Walmsley,180536,98,average,TEACHER,PROFESSOR,3.3
Mathematics,352,George Mason University,David,,Walnut,342833,60,good,TEACHER,PROFESSOR,4.2
Communication,352,George Mason University,Daniel,,Walsch,386979,39,good,TEACHER,PROFESSOR,4.5
Accounting,352,George Mason University,Patrick,,Walsh,1147617,11,average,TEACHER,PROFESSOR,3.2
Environmental Science,352,George Mason University,Jenell,,Walsh Thomas,1946887,2,good,TEACHER,PROFESSOR,3.8
Communication,352,George Mason University,Rebecca,,Walter,1035720,11,average,TEACHER,PROFESSOR,3.3
Engineering,352,George Mason University,Powell,,Walter,1137597,4,average,TEACHER,PROFESSOR,3.3
English,352,George Mason University,John,,Walter,2260129,8,good,TEACHER,PROFESSOR,3.8
Psychology,352,George Mason University,Michael,,Waltrip,2377515,1,good,TEACHER,PROFESSOR,4.0
