tDept,tSid,institution_name,tFname,tMiddlename,tLname,tid,tNumRatings,rating_class,contentType,categoryType,overall_rating
Accounting,352,George Mason University,Hayden,,Ramsey,1894666,5,good,TEACHER,PROFESSOR,5.0
Science,352,George Mason University,Emily,,Rancourt,1472875,8,good,TEACHER,PROFESSOR,4.5
Fine Arts,352,George Mason University,Matthew,,Randon,1640641,23,good,TEACHER,PROFESSOR,4.3
Computer Science,352,George Mason University,Huzefa,,Rangwala,1173543,25,good,TEACHER,PROFESSOR,3.8
Accounting,352,George Mason University,Kathleen,A,Rankin,2522797,1,poor,TEACHER,PROFESSOR,2.0
Environmental Science,352,George Mason University,Joseph,N,Ransom,1803909,25,good,TEACHER,PROFESSOR,4.2
Mathematics,352,George Mason University,Eleni,,Rantou,1736150,11,good,TEACHER,PROFESSOR,4.7
Chemistry,352,George Mason University,Brittany,,Rapp,2399971,2,good,TEACHER,PROFESSOR,3.5
Criminal Justice,352,George Mason University,Richard,,Rappoport,1493723,10,good,TEACHER,PROFESSOR,4.2
Information Technology,352,George Mason University,Zeehasham,,Rasheed,2225630,0,zero,TEACHER,PROFESSOR,N/A
Computer Science,352,George Mason University,Zeehasham,,Rasheed,2235770,1,average,TEACHER,PROFESSOR,3.0
Religion,352,George Mason University,Randi,,Rashkover,1051111,35,good,TEACHER,PROFESSOR,3.9
Social Work,352,George Mason University,Miriam,,Raskin,649520,18,average,TEACHER,PROFESSOR,3.3
Biology,352,George Mason University,Chaitanya,,Ravi,1558246,36,good,TEACHER,PROFESSOR,3.7
Education,352,George Mason University,Sharon,,Ray,1337607,6,average,TEACHER,PROFESSOR,3.4
Information Systems & Operations Management,352,George Mason University,Abhishek,,Ray,2537596,0,zero,TEACHER,PROFESSOR,N/A
Environmental Science,352,George Mason University,Paul,,Razafinjatovo,2291880,0,zero,TEACHER,PROFESSOR,N/A
Science,352,George Mason University,Paul,Phillipe,Razafinjatovo,1842822,17,good,TEACHER,PROFESSOR,3.5
Mathematics,352,George Mason University, Haja,,Razafinjatovo,1991365,41,good,TEACHER,PROFESSOR,3.9
Biology,352,George Mason University,Dustin,,Razsi,624195,31,good,TEACHER,PROFESSOR,4.2
