tDept,tSid,institution_name,tFname,tMiddlename,tLname,tid,tNumRatings,rating_class,contentType,categoryType,overall_rating
Music,352,George Mason University,Kenneth,R,Law,1791787,1,good,TEACHER,PROFESSOR,4.5
English,352,George Mason University,William K,,Lawrence,1048917,19,good,TEACHER,PROFESSOR,4.1
English,352,George Mason University,Susan,,Lawrence,1099575,13,good,TEACHER,PROFESSOR,4.2
Management,352,George Mason University,Hiedi,,Lawrence,1137279,5,good,TEACHER,PROFESSOR,4.4
Mathematics,352,George Mason University,L.Brian,,Lawrence,1181803,11,average,TEACHER,PROFESSOR,3.4
Mathematics,352,George Mason University,Vivian ,,Lawrence,1993669,3,poor,TEACHER,PROFESSOR,1.8
English,352,George Mason University,Heidi,Y.,Lawrence,2140373,3,good,TEACHER,PROFESSOR,5.0
Mathematics,352,George Mason University,Jim,,Lawrence,2483569,1,poor,TEACHER,PROFESSOR,1.0
Mathematics,352,George Mason University,James F.,,Lawrence,993730,66,poor,TEACHER,PROFESSOR,1.8
Biology,352,George Mason University,James D.,,Lawrey,488721,84,good,TEACHER,PROFESSOR,3.5
Education,352,George Mason University,James,,Laws,662753,11,good,TEACHER,PROFESSOR,4.0
Political Science,352,George Mason University,Brian,,Lawton,1352482,30,good,TEACHER,PROFESSOR,4.5
Mathematics,352,George Mason University,Sean ,,Lawton,1935215,46,good,TEACHER,PROFESSOR,3.7
Music,352,George Mason University,Dennis,,Layendecker,1786643,5,good,TEACHER,PROFESSOR,4.0
Engineering,352,George Mason University,Aleksandar,,Lazarevich,1062697,3,average,TEACHER,PROFESSOR,2.5
English,352,George Mason University,Kurt,,Lazaroff,2434961,1,good,TEACHER,PROFESSOR,5.0
Information Technology,352,George Mason University,Sean,,Le,1956611,0,zero,TEACHER,PROFESSOR,N/A
Economics,352,George Mason University,Geoffrey,,Lea,1282943,2,poor,TEACHER,PROFESSOR,1.8
Engineering,352,George Mason University,Jeffrey,,Leaf,955838,40,poor,TEACHER,PROFESSOR,2.0
Chemistry,352,George Mason University,Arion,,Leahigh,2447756,2,average,TEACHER,PROFESSOR,3.0
