tDept,tSid,institution_name,tFname,tMiddlename,tLname,tid,tNumRatings,rating_class,contentType,categoryType,overall_rating
Government,352,George Mason University,Jessica,,Srikantia,2260970,3,good,TEACHER,PROFESSOR,4.3
Computer Science,352,George Mason University,Jaya,,Srinivasan,1517602,1,poor,TEACHER,PROFESSOR,1.0
Computer Science,352,George Mason University,Avinash,,Srinivasan,1732867,14,average,TEACHER,PROFESSOR,2.7
Information Technology,352,George Mason University,Girish,,Srinivasan,2447872,1,poor,TEACHER,PROFESSOR,1.0
Communication,352,George Mason University,Syahgena,,St. Onge,2377273,0,zero,TEACHER,PROFESSOR,N/A
English,352,George Mason University,Amanda,,Stack,2206135,12,good,TEACHER,PROFESSOR,4.7
Research,352,George Mason University,Richard,,Stafford,2068236,7,average,TEACHER,PROFESSOR,3.4
Cultural Studies,352,George Mason University,Richard,Todd,Stafford,2045008,10,good,TEACHER,PROFESSOR,4.2
Finance,352,George Mason University,Christof,,Stahel,482985,29,good,TEACHER,PROFESSOR,3.6
English,352,George Mason University,Lauren,,Stahl,1820094,2,good,TEACHER,PROFESSOR,5.0
History,352,George Mason University,Vadim,,Staklo,2013152,17,average,TEACHER,PROFESSOR,3.0
Mathematics,352,George Mason University,Sayomi,,Stallings,2261201,1,good,TEACHER,PROFESSOR,5.0
Earth Science,352,George Mason University,Cristina,,Stan,2344440,0,zero,TEACHER,PROFESSOR,N/A
Business,352,George Mason University,John,,Stanbury,340051,37,average,TEACHER,PROFESSOR,2.6
Psychology,352,George Mason University,Candice,T.,Stanfield-Wiswell,2420017,5,good,TEACHER,PROFESSOR,4.6
Management,352,George Mason University,Jeremiah,,Stanghini,1784663,19,average,TEACHER,PROFESSOR,2.8
Psychology,352,George Mason University,Norman,,Stanhope,244402,20,good,TEACHER,PROFESSOR,3.8
English,352,George Mason University,Miruna,,Stanica,1493094,15,good,TEACHER,PROFESSOR,3.8
English,352,George Mason University,Jessica,Marie,Stanley,2139830,0,zero,TEACHER,PROFESSOR,N/A
Mathematics,352,George Mason University,Calvin,Bansal,Stanley,2395439,0,zero,TEACHER,PROFESSOR,N/A
