tDept,tSid,institution_name,tFname,tMiddlename,tLname,tid,tNumRatings,rating_class,contentType,categoryType,overall_rating
History,352,George Mason University,Daniel,,Deselm,1348970,16,good,TEACHER,PROFESSOR,4.5
Art History,352,George Mason University,Marion,,Deshmukh,477682,42,good,TEACHER,PROFESSOR,3.9
Technology,352,George Mason University,Saurabh,,Deshmukh,1581815,4,good,TEACHER,PROFESSOR,5.0
Health  Human Services,352,George Mason University,Secili,,DeStefano,2061346,22,average,TEACHER,PROFESSOR,2.7
Technology,352,George Mason University,Rajitha ,,Devabhaktuni,2081555,2,good,TEACHER,PROFESSOR,5.0
Criminal Justice,352,George Mason University,Suzanne,,Devlin,1206573,1,good,TEACHER,PROFESSOR,4.0
English,352,George Mason University,Allysa,,Devlin,2418197,0,zero,TEACHER,PROFESSOR,N/A
English,352,George Mason University,Alyssa,,Devlin,2436577,3,good,TEACHER,PROFESSOR,5.0
Fine Arts,352,George Mason University,Tim,,Devoe,890162,7,good,TEACHER,PROFESSOR,3.7
Music,352,George Mason University,Glenn,,Dewey,895711,6,poor,TEACHER,PROFESSOR,2.4
Physical Education,352,George Mason University,Mychelle,,DeWoolfson,2455258,0,zero,TEACHER,PROFESSOR,N/A
Economics,352,George Mason University,Darwyyn,,Deyo,1946407,2,average,TEACHER,PROFESSOR,2.8
Criminal Justice,352,George Mason University,Amy,,Dezember,2173213,2,good,TEACHER,PROFESSOR,4.0
Physics,352,George Mason University,Suman,,Dhakal,2316759,3,poor,TEACHER,PROFESSOR,1.0
Biology,352,George Mason University,Nachiket,,Dharker,872730,8,good,TEACHER,PROFESSOR,4.1
Biology,352,George Mason University,Desiree,,Di Mauro,2249406,11,good,TEACHER,PROFESSOR,3.7
Marketing,352,George Mason University,Benjamin,,Diamond,2370062,7,good,TEACHER,PROFESSOR,5.0
Mathematics,352,George Mason University,Guoqing,,Diao,995012,6,average,TEACHER,PROFESSOR,3.0
Engineering,352,George Mason University,James,,Diaz-Gonzalez,2088768,3,average,TEACHER,PROFESSOR,3.2
Art,352,George Mason University,Jane,,Dicicco,1245291,4,good,TEACHER,PROFESSOR,4.5
