tDept,tSid,institution_name,tFname,tMiddlename,tLname,tid,tNumRatings,rating_class,contentType,categoryType,overall_rating
Criminal Justice,352,George Mason University,R,,"Alston, Jr.",580716,9,good,TEACHER,PROFESSOR,4.6
Chemistry,352,George Mason University,Amal,,Alsufyani,1851036,4,good,TEACHER,PROFESSOR,4.6
Law,352,George Mason University,Bill,,Althen,1316333,1,good,TEACHER,PROFESSOR,5.0
Mathematics,352,George Mason University,Shams,,Alyusof,2447999,1,average,TEACHER,PROFESSOR,3.0
Biology,352,George Mason University,Moushimi,,Amaya,1915928,2,good,TEACHER,PROFESSOR,5.0
Chemistry,352,George Mason University,Anthony,,Amaya,2064141,2,good,TEACHER,PROFESSOR,4.5
Health Science,352,George Mason University,Jatin,,Ambegaonkar,958781,3,good,TEACHER,PROFESSOR,5.0
Biology,352,George Mason University,Jennifer,,Ambler,1046962,2,good,TEACHER,PROFESSOR,5.0
English,352,George Mason University,Joshua,,Ambrose,1535412,4,good,TEACHER,PROFESSOR,3.5
Biology,352,George Mason University,Lilian,,Amer,1245425,16,good,TEACHER,PROFESSOR,4.7
Psychology,352,George Mason University,Richard,,Amernick,410441,41,good,TEACHER,PROFESSOR,3.9
Finance,352,George Mason University,Leena,,Amin,2346581,3,average,TEACHER,PROFESSOR,3.0
English,352,George Mason University,Amal,,Amireh,347955,49,good,TEACHER,PROFESSOR,4.3
Biology,352,George Mason University,Jasmine,,Amirzadegan,2316755,5,good,TEACHER,PROFESSOR,4.8
Computer Science,352,George Mason University,Paul,,Ammann,133760,40,good,TEACHER,PROFESSOR,3.7
Music,352,George Mason University,Angela,,Ammerman,2130199,3,good,TEACHER,PROFESSOR,4.8
Computer Science,352,George Mason University,Gary,,Amos,1514341,0,zero,TEACHER,PROFESSOR,N/A
Culinary Arts,352,George Mason University,Whitney,N,Amos,1775119,1,good,TEACHER,PROFESSOR,5.0
Psychology,352,George Mason University,Xiaozhu,,An,2062990,10,good,TEACHER,PROFESSOR,4.3
History,352,George Mason University,Thalia,,Anagnostopoulos,1506540,9,good,TEACHER,PROFESSOR,4.4
