tDept,tSid,institution_name,tFname,tMiddlename,tLname,tid,tNumRatings,rating_class,contentType,categoryType,overall_rating
Engineering,352,George Mason University,Shani,,Ross,2323049,3,good,TEACHER,PROFESSOR,4.3
Health  Human Services,352,George Mason University,Mathew,E.,Rossheim,2094715,0,zero,TEACHER,PROFESSOR,N/A
Health  Human Services,352,George Mason University,Matthew,,Rossheim,2103609,6,average,TEACHER,PROFESSOR,2.7
Political Science,352,George Mason University,Eugene,,Rossi,826978,18,good,TEACHER,PROFESSOR,4.3
Education,352,George Mason University,Henry,,Roth,1744177,1,good,TEACHER,PROFESSOR,4.5
Psychology,352,George Mason University,Alexa,,Roth,2367195,1,good,TEACHER,PROFESSOR,4.0
Philosophy,352,George Mason University,Daniel,,Rothbart,426326,22,good,TEACHER,PROFESSOR,4.5
Music,352,George Mason University,Adam,,Rothenberg,1896159,4,good,TEACHER,PROFESSOR,5.0
Graphic Arts,352,George Mason University,Jandos,,Rothstein,385781,25,average,TEACHER,PROFESSOR,2.9
Physics,352,George Mason University,,,Rothwarf,836735,13,poor,TEACHER,PROFESSOR,2.3
Systems Engineering,352,George Mason University,Marty,,Rothwell,963927,10,good,TEACHER,PROFESSOR,4.1
Engineering,352,George Mason University,Martin,,Rothwell,1935175,25,good,TEACHER,PROFESSOR,4.0
English,352,George Mason University,Lori,,Rottenberg,2404104,1,good,TEACHER,PROFESSOR,5.0
Geology,352,George Mason University,Linda,,Rowan,1655852,0,zero,TEACHER,PROFESSOR,N/A
Communication,352,George Mason University,Katherine,,Rowan,79768,30,good,TEACHER,PROFESSOR,4.3
Psychology,352,George Mason University,Ellen,,Rowe,1898955,5,good,TEACHER,PROFESSOR,4.2
Education,352,George Mason University,Craig,,Rowland,1607961,0,zero,TEACHER,PROFESSOR,N/A
Economics,352,George Mason University,Charles,,Rowley,428456,8,good,TEACHER,PROFESSOR,4.6
Criminal Justice,352,George Mason University,Raymond,,Rowley,2425308,8,average,TEACHER,PROFESSOR,2.7
Dance,352,George Mason University,Roxann,M,Rowley,2322830,4,good,TEACHER,PROFESSOR,4.8
