tDept,tSid,institution_name,tFname,tMiddlename,tLname,tid,tNumRatings,rating_class,contentType,categoryType,overall_rating
Economics,352,George Mason University,Daniel,,Klein,688355,24,average,TEACHER,PROFESSOR,3.0
Psychology,352,George Mason University,Sarah,,Klein,1513907,2,good,TEACHER,PROFESSOR,4.2
English,352,George Mason University,Michael ,,Klein,2014309,3,good,TEACHER,PROFESSOR,5.0
Management,352,George Mason University,Richard,,Klimoski,1393346,4,good,TEACHER,PROFESSOR,3.6
Economics,352,George Mason University,Arnold,,Kling,451598,13,poor,TEACHER,PROFESSOR,2.4
Environmental Science,352,George Mason University,Barry,,Klinger,1839621,2,average,TEACHER,PROFESSOR,2.8
Global Studies,352,George Mason University,Kimberly,,Klinger,2216467,4,average,TEACHER,PROFESSOR,2.8
Biology,352,George Mason University,Blake,,Klocke,1997851,9,good,TEACHER,PROFESSOR,5.0
Economics,352,George Mason University,Matthew J,,Kluger,1312129,6,good,TEACHER,PROFESSOR,4.8
Psychology,352,George Mason University,Gretchen,,Knaack,1308500,8,good,TEACHER,PROFESSOR,4.3
Science,352,George Mason University,Kelly,,Knight,2335324,2,good,TEACHER,PROFESSOR,5.0
Business,352,George Mason University,Treston,,Knight,2402224,2,good,TEACHER,PROFESSOR,5.0
Music,352,George Mason University,Ed,,Knoeckel,2093230,6,good,TEACHER,PROFESSOR,3.8
History,352,George Mason University,Thomas,,Knoerl,2211094,1,good,TEACHER,PROFESSOR,5.0
English,352,George Mason University,Alyse,,Knorr,1580056,16,good,TEACHER,PROFESSOR,5.0
Engineering,352,George Mason University,Erik,,Knudsen,2089161,18,good,TEACHER,PROFESSOR,4.6
Languages,352,George Mason University,Michiko,Saito,Kobayashi,2163693,1,average,TEACHER,PROFESSOR,3.0
Government,352,George Mason University,Gregory,,Koblentz,1477293,51,average,TEACHER,PROFESSOR,3.1
Biology,352,George Mason University,Malda,,Kocache,289597,244,good,TEACHER,PROFESSOR,4.2
English,352,George Mason University,Lisa,,Koch,286308,88,good,TEACHER,PROFESSOR,4.3
