tDept,tSid,institution_name,tFname,tMiddlename,tLname,tid,tNumRatings,rating_class,contentType,categoryType,overall_rating
Information Technology,352,George Mason University,Riki,,Morikawa,2483844,1,good,TEACHER,PROFESSOR,5.0
Biology,352,George Mason University,Harold,,Morowitz,1835067,2,poor,TEACHER,PROFESSOR,2.0
English,352,George Mason University,Tuuli,,Morrill,2205566,1,poor,TEACHER,PROFESSOR,2.0
Mathematics,352,George Mason University,Ursula,,Morris,971200,17,poor,TEACHER,PROFESSOR,2.2
English,352,George Mason University,Gary,,Morris,1075311,30,good,TEACHER,PROFESSOR,3.9
English,352,George Mason University,Darrick,,Morris,1368553,4,good,TEACHER,PROFESSOR,3.8
Global Studies,352,George Mason University,Jason,,Morris,1719877,3,good,TEACHER,PROFESSOR,3.8
English,352,George Mason University,Elizabeth,,Morris,1860254,5,good,TEACHER,PROFESSOR,4.7
Communication,352,George Mason University,Adrianne,,Morris,2136682,1,good,TEACHER,PROFESSOR,4.5
History,352,George Mason University,Christopher,Kellar,Morris,2323851,2,good,TEACHER,PROFESSOR,4.5
Music,352,George Mason University,Colton,,Morris,2447474,3,good,TEACHER,PROFESSOR,4.7
Anthropology,352,George Mason University,Christopher,K,Morris,2322318,9,good,TEACHER,PROFESSOR,4.8
Mathematics,352,George Mason University,Walter,,Morris,457876,84,average,TEACHER,PROFESSOR,3.3
Psychology,352,George Mason University,John,,Morrison,377276,6,average,TEACHER,PROFESSOR,2.8
Conflict Analysis,352,George Mason University,Nancy,,Morrison,1416733,3,good,TEACHER,PROFESSOR,4.2
Psychology,352,George Mason University,Rebecca,,Morse,1471153,35,good,TEACHER,PROFESSOR,4.9
Mathematics,352,George Mason University,Henry Steve,,Morse,1593738,32,average,TEACHER,PROFESSOR,2.9
Technology,352,George Mason University,Joseph G,,Mortati,1539040,30,good,TEACHER,PROFESSOR,4.5
Hospitality,352,George Mason University,Leslie,,Morton,1494607,4,good,TEACHER,PROFESSOR,5.0
Chemistry,352,George Mason University,Douglas,,Mose,359104,26,good,TEACHER,PROFESSOR,3.9
