tDept,tSid,institution_name,tFname,tMiddlename,tLname,tid,tNumRatings,rating_class,contentType,categoryType,overall_rating
Psychology,352,George Mason University,James,,Thompson,993713,27,average,TEACHER,PROFESSOR,3.1
Geology,352,George Mason University,Alexis,,Thompson,1484382,3,good,TEACHER,PROFESSOR,5.0
English,352,George Mason University,Rachel,,Thompson,1647272,7,good,TEACHER,PROFESSOR,5.0
English,352,George Mason University,Rhodes,,Thompson,2345801,2,good,TEACHER,PROFESSOR,4.0
Psychology,352,George Mason University,Brittany,,Thompson,2207466,4,good,TEACHER,PROFESSOR,3.5
English,352,George Mason University,Ken,,Thompson,297798,74,good,TEACHER,PROFESSOR,4.7
Chemistry,352,George Mason University,Ponder,,Thompson-Rummel,2414562,1,poor,TEACHER,PROFESSOR,2.0
Biology,352,George Mason University,Mark,,Thoms,1676450,1,good,TEACHER,PROFESSOR,4.0
Government,352,George Mason University,Matthew,,Thornburg,1551750,7,good,TEACHER,PROFESSOR,4.3
Anthropology,352,George Mason University,Christopher,,Thornton,1490454,4,good,TEACHER,PROFESSOR,3.8
Communication,352,George Mason University,Aric,,Thrall,1949598,0,zero,TEACHER,PROFESSOR,N/A
Political Science,352,George Mason University,Aric,,Thrall,1641371,18,good,TEACHER,PROFESSOR,4.0
Film,352,George Mason University,Lisa,,Thrasher,1982642,8,good,TEACHER,PROFESSOR,4.5
Sociology,352,George Mason University,Perry,,Threlfall,1251609,27,good,TEACHER,PROFESSOR,3.5
Health & Human Services,352,George Mason University,Shaneka,,Thurman,1901990,5,good,TEACHER,PROFESSOR,4.4
Criminal Justice,352,George Mason University,Teneshia,,Thurman,2507558,1,good,TEACHER,PROFESSOR,5.0
Not Specified,352,George Mason University,Mark,,Thurston,1679136,15,good,TEACHER,PROFESSOR,4.7
Humanities,352,George Mason University,Timothy,,Thurston,2218464,1,poor,TEACHER,PROFESSOR,1.0
Physics,352,George Mason University,Mingzhen ,,Tian,2081029,1,average,TEACHER,PROFESSOR,3.0
Electrical & Comp. Engineering,352,George Mason University,Zhi Gerry,,Tian,2492905,0,zero,TEACHER,PROFESSOR,N/A
