tDept,tSid,institution_name,tFname,tMiddlename,tLname,tid,tNumRatings,rating_class,contentType,categoryType,overall_rating
Government,352,George Mason University,Joseph,S,Kochanek,1878867,4,good,TEACHER,PROFESSOR,4.5
Psychology,352,George Mason University,William,R,Kochen,1999142,45,good,TEACHER,PROFESSOR,4.6
Nursing,352,George Mason University,Marie,,Kodadek,566559,15,good,TEACHER,PROFESSOR,3.6
Health Science,352,George Mason University,Tracey,,Koehlmoos,1120994,3,good,TEACHER,PROFESSOR,4.5
English,352,George Mason University,Brian,,Koen,1565491,1,average,TEACHER,PROFESSOR,2.5
Criminal Justice,352,George Mason University,Marthinus,,Koen,1751439,30,good,TEACHER,PROFESSOR,4.6
Biology,352,George Mason University,Diana,,Koester,1465862,5,good,TEACHER,PROFESSOR,4.9
Psychology,352,George Mason University,Spencer,,Kohn,2265637,9,good,TEACHER,PROFESSOR,4.6
Information Technology,352,George Mason University,Spencer,,Kohn,2447681,1,good,TEACHER,PROFESSOR,5.0
Environmental Science,352,George Mason University,Sherryl,,Kohr,2361238,1,average,TEACHER,PROFESSOR,3.0
Communication,352,George Mason University,Dan,,Kois,1434065,1,good,TEACHER,PROFESSOR,5.0
Information Technology,352,George Mason University,Sai,,Kolanupaka,2520429,1,poor,TEACHER,PROFESSOR,1.0
Psychology,352,George Mason University,Maryjo,,Kolze,2238791,10,average,TEACHER,PROFESSOR,2.9
Computer Science,352,George Mason University,Ashok,,Komaragiri,788469,3,good,TEACHER,PROFESSOR,4.7
Electrical amp Comp. Engineering,352,George Mason University,Puneeth,R,Komaragiri,2383854,1,good,TEACHER,PROFESSOR,5.0
Engineering,352,George Mason University,Alexander,,Komendantov,2535740,0,zero,TEACHER,PROFESSOR,N/A
Geography,352,George Mason University,Maction,,Komwa,530777,77,good,TEACHER,PROFESSOR,3.6
Biology,352,George Mason University,Veera Venkata,,Kondapi,1403531,4,poor,TEACHER,PROFESSOR,1.9
Psychology,352,George Mason University,Wenmo,,Kong,1899439,6,good,TEACHER,PROFESSOR,3.8
Mathematics,352,George Mason University,John,,Kopecky,1671319,3,good,TEACHER,PROFESSOR,4.7
