tDept,tSid,institution_name,tFname,tMiddlename,tLname,tid,tNumRatings,rating_class,contentType,categoryType,overall_rating
Management,352,George Mason University,Michelle,,Marks,1051269,4,good,TEACHER,PROFESSOR,4.4
Technology,352,George Mason University,Brain,,Marks,1938367,0,zero,TEACHER,PROFESSOR,N/A
Languages,352,George Mason University,Francien,,Markx,1067840,9,good,TEACHER,PROFESSOR,3.8
Communication,352,George Mason University,Mitchell ,,Marovitz ,2008354,0,zero,TEACHER,PROFESSOR,N/A
Computer Science,352,George Mason University,Joe,,Marr,1624111,57,good,TEACHER,PROFESSOR,4.8
Computer Science,352,George Mason University,Muffarah,,Marr,2380653,6,average,TEACHER,PROFESSOR,2.8
Psychology,352,George Mason University,Kelsey,,Marron,1995429,1,good,TEACHER,PROFESSOR,5.0
Cultural Studies,352,George Mason University,Zachary,,Marschall,2048372,4,good,TEACHER,PROFESSOR,4.4
Communication,352,George Mason University,Kelsey,,Marsh,2260223,1,poor,TEACHER,PROFESSOR,1.0
Criminal Justice,352,George Mason University,Andrew,,Marshall,2198745,3,good,TEACHER,PROFESSOR,5.0
Fine Arts,352,George Mason University,Scott,,Martin,508732,5,poor,TEACHER,PROFESSOR,1.7
Computer Science,352,George Mason University,Greg,,Martin,816494,5,good,TEACHER,PROFESSOR,4.1
English,352,George Mason University,Patrick,,Martin,1058879,8,good,TEACHER,PROFESSOR,4.6
Engineering,352,George Mason University,Gerald,,Martin,1463776,0,zero,TEACHER,PROFESSOR,N/A
Languages,352,George Mason University,Matilde,,Martin,1658931,2,average,TEACHER,PROFESSOR,3.2
Languages,352,George Mason University,Kim,,Martin,1957348,3,good,TEACHER,PROFESSOR,4.8
Marketing,352,George Mason University,Melissa,,Martin,325358,49,average,TEACHER,PROFESSOR,3.5
Business,352,George Mason University,William,,Martin,2524008,0,zero,TEACHER,PROFESSOR,N/A
Law,352,George Mason University,William,M,Martin,2146088,10,good,TEACHER,PROFESSOR,4.5
History,352,George Mason University,Nona,,Martin Storr,2177545,16,good,TEACHER,PROFESSOR,4.5
