tDept,tSid,institution_name,tFname,tMiddlename,tLname,tid,tNumRatings,rating_class,contentType,categoryType,overall_rating
Physics,352,George Mason University,In Suk,,Jang,1454232,11,good,TEACHER,PROFESSOR,4.4
Theater,352,George Mason University,Mimsi,,Janis,2457629,2,good,TEACHER,PROFESSOR,5.0
Communication,352,George Mason University,Beth,,Jannery,1458421,32,good,TEACHER,PROFESSOR,4.5
Global Studies,352,George Mason University,Nino,,Japaridze,1788065,5,poor,TEACHER,PROFESSOR,2.2
Mathematics,352,George Mason University,Joanna,,Jauchen,2215770,35,poor,TEACHER,PROFESSOR,2.4
Business,352,George Mason University,Jayaram,,Jayamohan,2319123,2,good,TEACHER,PROFESSOR,4.5
Information Technology,352,George Mason University,Jayasree,,Jayaram,2029752,8,poor,TEACHER,PROFESSOR,2.1
Information Technology,352,George Mason University,Shreyas,,Jayaram,2247505,2,average,TEACHER,PROFESSOR,2.5
Physics,352,George Mason University,Amin,,Jazaeri,1135529,27,average,TEACHER,PROFESSOR,3.0
Literature,352,George Mason University,Michael,,Jeck,1437515,27,average,TEACHER,PROFESSOR,3.3
Communication,352,George Mason University,Ollie,,Jefferson,2538848,0,zero,TEACHER,PROFESSOR,N/A
Dance,352,George Mason University,Roger,,Jeffrey,2318826,3,good,TEACHER,PROFESSOR,4.3
Criminal Justice,352,George Mason University, Michael , A ,Jeffries,2031545,4,poor,TEACHER,PROFESSOR,1.0
Accounting,352,George Mason University,Conaway,,Jenelle,2378494,1,good,TEACHER,PROFESSOR,5.0
Mathematics,352,George Mason University,Alathea,,Jensen,1839076,14,good,TEACHER,PROFESSOR,4.8
English,352,George Mason University,Elspeth,,Jensen,2308094,5,average,TEACHER,PROFESSOR,3.0
Physical Education,352,George Mason University,Dina,,Jensen,2349396,1,good,TEACHER,PROFESSOR,5.0
Physical Education,352,George Mason University,Dena,,Jensen,2369381,3,good,TEACHER,PROFESSOR,5.0
Criminal Justice,352,George Mason University,Rachel,,Jensen,2507556,1,good,TEACHER,PROFESSOR,5.0
Conflict Analysis,352,George Mason University,Ho-Won,,Jeong,1702457,5,poor,TEACHER,PROFESSOR,2.2
