tDept,tSid,institution_name,tFname,tMiddlename,tLname,tid,tNumRatings,rating_class,contentType,categoryType,overall_rating
Business,352,George Mason University,Timothy,,Porter,1493833,65,average,TEACHER,PROFESSOR,3.2
Criminal Justice,352,George Mason University,Shannon,,Portillo,1162172,16,average,TEACHER,PROFESSOR,3.0
Political Science,352,George Mason University,Paul,,Posner,910208,8,good,TEACHER,PROFESSOR,3.6
Communication,352,George Mason University,Harrison,,Postler,1935669,1,good,TEACHER,PROFESSOR,3.5
Art History,352,George Mason University,Brad,,Pottorf,755569,0,zero,TEACHER,PROFESSOR,N/A
Business,352,George Mason University,James,,Powell,2297882,7,good,TEACHER,PROFESSOR,4.3
Engineering,352,George Mason University,Bill,,Powers,2285154,0,zero,TEACHER,PROFESSOR,N/A
Computer Science,352,George Mason University,Upsorn,,Praphamontripong,1920486,3,poor,TEACHER,PROFESSOR,2.1
Environmental Science,352,George Mason University,Vivek,,Prasad,1595884,22,good,TEACHER,PROFESSOR,4.5
Art,352,George Mason University,Theodore,,Prawat,2403867,9,good,TEACHER,PROFESSOR,3.5
Criminal Justice,352,George Mason University,Jocelyn,,Prendergast,1674176,2,good,TEACHER,PROFESSOR,4.5
Mathematics,352,George Mason University,Glenn,,Preston,1380563,77,good,TEACHER,PROFESSOR,3.9
English,352,George Mason University,Darby,,Price,1787789,5,good,TEACHER,PROFESSOR,4.5
Dance,352,George Mason University,Buffy,,Price,2160726,1,poor,TEACHER,PROFESSOR,1.0
Conflict Analysis,352,George Mason University,Megan,,Price,1902290,3,average,TEACHER,PROFESSOR,2.7
Education,352,George Mason University,Stephan,,Prifti,382976,37,good,TEACHER,PROFESSOR,4.6
Business,352,George Mason University,Satyam,,Priyadarshy,1137805,9,good,TEACHER,PROFESSOR,4.4
Health & Human Services,352,George Mason University,Thomas,,Prohaska,2299761,1,poor,TEACHER,PROFESSOR,1.0
Biology,352,George Mason University,Crystal,,Propst,1777695,1,good,TEACHER,PROFESSOR,4.5
Social Work,352,George Mason University,Katherine,,Prudden,1418287,22,good,TEACHER,PROFESSOR,4.5
