tDept,tSid,institution_name,tFname,tMiddlename,tLname,tid,tNumRatings,rating_class,contentType,categoryType,overall_rating
Business,352,George Mason University,Erin,,Rooney,1007570,10,good,TEACHER,PROFESSOR,4.8
Career Development,352,George Mason University,Joan,,Rooney,2143128,1,average,TEACHER,PROFESSOR,3.0
Integrative Studies,352,George Mason University,Jennifer,,Rose,2298010,0,zero,TEACHER,PROFESSOR,N/A
Social Work,352,George Mason University,Steven,,Rose,1615569,13,poor,TEACHER,PROFESSOR,2.5
Conflict Analysis,352,George Mason University,Sarah,,Rose-Jensen,2233925,6,good,TEACHER,PROFESSOR,3.8
Business,352,George Mason University,Sia,,Rose-Robinson,1205130,109,poor,TEACHER,PROFESSOR,2.3
Social Work,352,George Mason University,Anita,,Rosen,1842240,7,poor,TEACHER,PROFESSOR,2.3
Science,352,George Mason University,Jessica,,Rosenberg,1021534,12,average,TEACHER,PROFESSOR,2.9
Physics,352,George Mason University,Jessica,,Rosenberg,2382994,3,average,TEACHER,PROFESSOR,3.0
Statistics,352,George Mason University,William,,Rosenberger,669218,7,average,TEACHER,PROFESSOR,3.4
Health Science,352,George Mason University,Joshua,,Rosenberger,1658184,6,good,TEACHER,PROFESSOR,3.5
English,352,George Mason University,Shannon,A.,Rosenblat,1901424,4,average,TEACHER,PROFESSOR,3.4
Sociology,352,George Mason University,K,,Rosenblum,476314,49,good,TEACHER,PROFESSOR,3.6
Business,352,George Mason University,Katherine,,Rosenbusch,2144275,30,average,TEACHER,PROFESSOR,3.1
Cultural Studies,352,George Mason University,Christine,,Rosenfeld,2198911,12,good,TEACHER,PROFESSOR,4.7
Criminal Justice,352,George Mason University,Robyn,,Rosenthal,1737054,2,average,TEACHER,PROFESSOR,3.2
English,352,George Mason University,Alyssa,,Ross,1518208,3,good,TEACHER,PROFESSOR,5.0
Psychology,352,George Mason University,Diane,M,Ross,1916514,0,zero,TEACHER,PROFESSOR,N/A
Chemistry,352,George Mason University,Arion,,Ross,1939226,19,poor,TEACHER,PROFESSOR,2.3
Integrative Studies,352,George Mason University,Eric,,Ross,2285131,6,good,TEACHER,PROFESSOR,4.8
