tDept,tSid,institution_name,tFname,tMiddlename,tLname,tid,tNumRatings,rating_class,contentType,categoryType,overall_rating
English,352,George Mason University,Kristen,,Brida,2217203,9,average,TEACHER,PROFESSOR,3.1
Economics,352,George Mason University,Jeffrey,,Bridges,2318121,33,good,TEACHER,PROFESSOR,4.1
Psychology,352,George Mason University,Jennifer,,Brielmaier,907769,55,good,TEACHER,PROFESSOR,4.5
Political Science,352,George Mason University,Reuben,,Brigety,458436,35,good,TEACHER,PROFESSOR,4.5
Economics,352,George Mason University,Jason,,Briggeman,1012019,4,average,TEACHER,PROFESSOR,2.5
Education,352,George Mason University,Rick,,Brigham,851468,16,average,TEACHER,PROFESSOR,2.7
Education,352,George Mason University,Anita,,Bright,1381216,5,good,TEACHER,PROFESSOR,5.0
Psychology,352,George Mason University,Kara,,Brink,1673051,0,zero,TEACHER,PROFESSOR,N/A
History,352,George Mason University,J,,Bristol,358529,27,good,TEACHER,PROFESSOR,3.6
History,352,George Mason University,Joan,,Bristol,2090232,7,good,TEACHER,PROFESSOR,3.8
Film,352,George Mason University,Thomas,,Britt,1244335,16,good,TEACHER,PROFESSOR,4.8
Film,352,George Mason University,Tom,,Britt,1994030,0,zero,TEACHER,PROFESSOR,N/A
English,352,George Mason University,Courtney,,Brkic,950738,8,good,TEACHER,PROFESSOR,5.0
English,352,George Mason University,Jacob,,Broderick,2000354,12,good,TEACHER,PROFESSOR,4.8
Computer Science,352,George Mason University,Alex,,Brodsky,495442,49,good,TEACHER,PROFESSOR,4.0
Business,352,George Mason University,Alan,,Brody,2206130,7,good,TEACHER,PROFESSOR,4.6
Communication,352,George Mason University,Melissa,,Broeckelman-Post,1837512,9,average,TEACHER,PROFESSOR,3.5
Environmental Science,352,George Mason University,Taryn,,Bromser-Kloeden,2330253,2,good,TEACHER,PROFESSOR,5.0
Management,352,George Mason University,Nina,,Bronk-Kellner,1273234,5,good,TEACHER,PROFESSOR,3.5
Criminal Justice,352,George Mason University,Lillian,,Brooks,748443,8,average,TEACHER,PROFESSOR,2.6
