tDept,tSid,institution_name,tFname,tMiddlename,tLname,tid,tNumRatings,rating_class,contentType,categoryType,overall_rating
Sociology,352,George Mason University,Daniel,,Afzal,2292852,12,good,TEACHER,PROFESSOR,4.5
Engineering,352,George Mason University,Saeed,,Agbariah,1585570,33,good,TEACHER,PROFESSOR,3.8
Conflict Analysis,352,George Mason University,Daniel,,Agbiboa,2490887,1,average,TEACHER,PROFESSOR,3.0
Physical Education,352,George Mason University,Craig,J,Agena,2423263,0,zero,TEACHER,PROFESSOR,N/A
Global Studies,352,George Mason University,Surinder,,Aggarwal,2235003,0,zero,TEACHER,PROFESSOR,N/A
Statistics,352,George Mason University,Rajesh,,Aggarwal,2535060,0,zero,TEACHER,PROFESSOR,N/A
Mathematics,352,George Mason University,Geir,,Agnarsson,239090,76,average,TEACHER,PROFESSOR,2.7
Geography,352,George Mason University,Peggy,,Agouris,1135723,4,poor,TEACHER,PROFESSOR,2.0
Conservation,352,George Mason University,Alonso,,Aguirre,2076264,3,average,TEACHER,PROFESSOR,3.0
Chemistry,352,George Mason University,Sad,,Ahamed,1514223,4,poor,TEACHER,PROFESSOR,2.4
Art,352,George Mason University,Negar,,Ahkami,2293654,2,poor,TEACHER,PROFESSOR,1.0
Biology,352,George Mason University,Saira,,Ahmad,1274630,3,good,TEACHER,PROFESSOR,4.7
Psychology,352,George Mason University,Afra,,Ahmad,1565494,29,good,TEACHER,PROFESSOR,4.5
Information Technology,352,George Mason University,Anwar,,Ahmad,1870569,7,good,TEACHER,PROFESSOR,5.0
Information Technology,352,George Mason University,Pouyan,,Ahmadi,2042772,29,good,TEACHER,PROFESSOR,3.8
Computer Science,352,George Mason University,Moataz,,Ahmed,1078580,14,average,TEACHER,PROFESSOR,3.5
Religion,352,George Mason University,Omar,,Ahmed,2344721,1,good,TEACHER,PROFESSOR,5.0
Environmental Science,352,George Mason University,Changwoo,,Ahn,1190352,22,good,TEACHER,PROFESSOR,4.0
Chemistry,352,George Mason University,Noor,,Ahsan,2092307,2,good,TEACHER,PROFESSOR,5.0
Environmental Science,352,George Mason University,Abena,,Aidoo,1547381,20,average,TEACHER,PROFESSOR,3.0
