tDept,tSid,institution_name,tFname,tMiddlename,tLname,tid,tNumRatings,rating_class,contentType,categoryType,overall_rating
Science,352,George Mason University,Robin,,Ericson,1148260,9,good,TEACHER,PROFESSOR,3.5
Science,352,George Mason University,Gautami,,Erukulla,2079714,3,good,TEACHER,PROFESSOR,4.2
Engineering,352,George Mason University,Elham,Sahraei,Esfahani,2203837,1,poor,TEACHER,PROFESSOR,2.0
Management,352,George Mason University,Craig,,Esherick,1229242,21,good,TEACHER,PROFESSOR,4.3
Engineering,352,George Mason University,Zelalem,,Eshete,2090091,5,good,TEACHER,PROFESSOR,4.9
Engineering,352,George Mason University,Behzad,,Esmaeili,2299313,5,good,TEACHER,PROFESSOR,4.0
Psychology,352,George Mason University,Christianne,,Esposito-Smythers,1435961,4,good,TEACHER,PROFESSOR,4.7
Psychology,352,George Mason University,Elizabeth,,Esser,2310686,6,average,TEACHER,PROFESSOR,3.0
Psychology,352,George Mason University,Elizabeth,,Esser-Adomako,2386580,2,average,TEACHER,PROFESSOR,3.0
Languages,352,George Mason University,Eli,,Estephan,1510718,7,good,TEACHER,PROFESSOR,4.1
Languages,352,George Mason University,Elie,,Estephan,1787160,1,good,TEACHER,PROFESSOR,4.0
Theater,352,George Mason University,Laura,,Esti Miller,2195628,1,poor,TEACHER,PROFESSOR,1.0
Engineering,352,George Mason University,Geriel,,Ettiene-Modeste,2215459,6,good,TEACHER,PROFESSOR,3.7
Engineering,352,George Mason University,Geriel,,Ettienne-Modeste,2379217,12,good,TEACHER,PROFESSOR,4.5
Geography,352,George Mason University,Turner,,Eugene,704478,0,zero,TEACHER,PROFESSOR,N/A
Chemistry,352,George Mason University,Andrew,,Evangelista,2241806,4,good,TEACHER,PROFESSOR,4.3
Humanities,352,George Mason University,Justin,,Evans,2212080,14,good,TEACHER,PROFESSOR,4.0
Physics,352,George Mason University,Mary,,Ewell,495918,31,poor,TEACHER,PROFESSOR,2.5
English,352,George Mason University,Doug,,Eyman,1068479,25,good,TEACHER,PROFESSOR,4.0
Geology,352,George Mason University,Tyler,,Fabian,1945186,12,good,TEACHER,PROFESSOR,4.7
