tDept,tSid,institution_name,tFname,tMiddlename,tLname,tid,tNumRatings,rating_class,contentType,categoryType,overall_rating
Information Science,352,George Mason University,Emilia,,Butu,1323242,17,poor,TEACHER,PROFESSOR,2.3
Psychology,352,George Mason University,George,A,Buzzell,1755658,3,good,TEACHER,PROFESSOR,5.0
Biology,352,George Mason University,David,Leland,Byer,2157264,37,good,TEACHER,PROFESSOR,4.1
Education,352,George Mason University,Christie,,Byers,2393548,4,good,TEACHER,PROFESSOR,5.0
Criminal Justice,352,George Mason University,Robert,,Byers,1444866,22,good,TEACHER,PROFESSOR,4.0
Mathematics,352,George Mason University,Madhu,,Bylapudi,1420232,2,average,TEACHER,PROFESSOR,3.0
Psychology,352,George Mason University,Catherine,,Byrne,2091863,2,good,TEACHER,PROFESSOR,5.0
Global Studies,352,George Mason University,John,,Byrne,2183952,1,good,TEACHER,PROFESSOR,4.0
Travel & Tourism,352,George Mason University,John,,Byrne,1179169,33,good,TEACHER,PROFESSOR,3.5
English,352,George Mason University,Bernard,,Cabral,770229,33,average,TEACHER,PROFESSOR,3.3
Leadership,352,George Mason University,Angel,,Cabrera,2479323,0,zero,TEACHER,PROFESSOR,N/A
Theater,352,George Mason University,Carol,,Cadby,1724105,2,good,TEACHER,PROFESSOR,5.0
Science,352,George Mason University,Adam,,Cadien,1875538,1,good,TEACHER,PROFESSOR,4.5
Communication,352,George Mason University,Charles,,Caes,1461622,3,average,TEACHER,PROFESSOR,2.7
Humanities,352,George Mason University,Lee,Ann,Cafferata,1902147,1,poor,TEACHER,PROFESSOR,1.0
Criminal Justice,352,George Mason University,Peter,,Caggiano,2370381,2,good,TEACHER,PROFESSOR,4.5
Communication,352,George Mason University,Xiaomei,,Cai,1378277,15,good,TEACHER,PROFESSOR,3.9
Mathematics,352,George Mason University,Susan,J,Calderon,1767160,20,good,TEACHER,PROFESSOR,4.0
Information Science,352,George Mason University,Beth,,Caldwell,1522206,14,good,TEACHER,PROFESSOR,4.2
Communication,352,George Mason University,Lindsay,,Calhoun,1642396,3,poor,TEACHER,PROFESSOR,1.5
