tDept,tSid,institution_name,tFname,tMiddlename,tLname,tid,tNumRatings,rating_class,contentType,categoryType,overall_rating
Sociology,352,George Mason University,Sara,,Moore,1360389,3,good,TEACHER,PROFESSOR,4.8
Conflict Analysis,352,George Mason University,Richard,Scott,Moore,1836091,3,average,TEACHER,PROFESSOR,3.0
Hospitality,352,George Mason University,John,,Moore,1992789,4,good,TEACHER,PROFESSOR,5.0
Business,352,George Mason University,Michelle,,Moore,2138517,7,good,TEACHER,PROFESSOR,4.7
Education,352,George Mason University,Sylvia,,Moore,2378495,0,zero,TEACHER,PROFESSOR,N/A
Business,352,George Mason University,Cory,,Moore,2403184,1,good,TEACHER,PROFESSOR,5.0
Information Systems amp Operations Management,352,George Mason University,David,,Moore,2485763,1,poor,TEACHER,PROFESSOR,2.0
Business,352,George Mason University,Barbara,,Moorman,2260971,5,good,TEACHER,PROFESSOR,4.8
Fine Arts,352,George Mason University,Paolo,,Morales,2240672,5,good,TEACHER,PROFESSOR,5.0
Marketing,352,George Mason University,Thomas,,Moran,1116003,7,good,TEACHER,PROFESSOR,4.4
Accounting,352,George Mason University,Jacob,,Moran,1748189,1,good,TEACHER,PROFESSOR,5.0
Engineering,352,George Mason University,Jeffrey,L,Moran,2449725,2,good,TEACHER,PROFESSOR,5.0
Not Specified,352,George Mason University,Alan,,More,952036,13,good,TEACHER,PROFESSOR,4.2
Science,352,George Mason University,Kari,,Morfeld,1068167,3,good,TEACHER,PROFESSOR,4.8
English,352,George Mason University,Jenna,,Morgan,1214357,14,good,TEACHER,PROFESSOR,4.0
Languages,352,George Mason University,Tom,,Morgan,1378397,5,good,TEACHER,PROFESSOR,4.7
Art,352,George Mason University,Rebecca,,Morgan,2064488,6,average,TEACHER,PROFESSOR,2.6
Sports Management,352,George Mason University,Kelly,,Morgan,2470981,2,good,TEACHER,PROFESSOR,4.5
English,352,George Mason University,Kyoko,,Mori,1129756,4,good,TEACHER,PROFESSOR,4.1
Business,352,George Mason University,Sean,,Moriarity,1375595,12,good,TEACHER,PROFESSOR,4.6
