tDept,tSid,institution_name,tFname,tMiddlename,tLname,tid,tNumRatings,rating_class,contentType,categoryType,overall_rating
Health  Human Services,352,George Mason University,Angela,,Johnson,1943837,1,good,TEACHER,PROFESSOR,5.0
Accounting,352,George Mason University,Bret,,Johnson,2090962,15,good,TEACHER,PROFESSOR,3.9
women's Studies,352,George Mason University,Amena,,Johnson,2216764,1,good,TEACHER,PROFESSOR,4.0
Integrated Studies,352,George Mason University,Twila,,Johnson,2256182,1,good,TEACHER,PROFESSOR,5.0
Accounting,352,George Mason University,Jamie ,,Johnson,2088617,16,poor,TEACHER,PROFESSOR,1.8
Statistics,352,George Mason University,Elizabeth,D,Johnson,1845964,45,good,TEACHER,PROFESSOR,3.8
Criminal Justice,352,George Mason University,William,Dean,Johnson,2507557,1,good,TEACHER,PROFESSOR,5.0
Criminal Justice,352,George Mason University,Devon,,Johnson,758553,56,good,TEACHER,PROFESSOR,4.5
Finance,352,George Mason University,Robert,,Johnston,208839,12,good,TEACHER,PROFESSOR,4.0
English,352,George Mason University,Joyce,,Johnston,273090,38,average,TEACHER,PROFESSOR,3.0
Music,352,George Mason University,Edwin,,Johonnott,1394264,0,zero,TEACHER,PROFESSOR,N/A
Information Technology,352,George Mason University,Aditya,,Johri,2319999,6,average,TEACHER,PROFESSOR,3.2
Engineering,352,George Mason University,Wilsaan,,Joiner,2096147,4,good,TEACHER,PROFESSOR,3.5
Marketing,352,George Mason University,Christopher,,Joiner,408595,45,average,TEACHER,PROFESSOR,2.9
Economics,352,George Mason University,Filip,,Jolevski,2356583,1,good,TEACHER,PROFESSOR,5.0
Communication,352,George Mason University,Kara,,Jonach,2187440,5,good,TEACHER,PROFESSOR,5.0
Biology,352,George Mason University,Bob,,Jonas,508172,7,good,TEACHER,PROFESSOR,4.1
Environmental Science,352,George Mason University,Robert,B,Jonas,2097821,0,zero,TEACHER,PROFESSOR,N/A
English,352,George Mason University,Charlie,,Jones,396477,19,good,TEACHER,PROFESSOR,4.4
Accounting,352,George Mason University,Keith,,Jones,471098,30,average,TEACHER,PROFESSOR,3.0
