tDept,tSid,institution_name,tFname,tMiddlename,tLname,tid,tNumRatings,rating_class,contentType,categoryType,overall_rating
Education,352,George Mason University,Wanda,,Mally,268244,3,good,TEACHER,PROFESSOR,3.5
English,352,George Mason University,Michael,,Malouf,819425,36,good,TEACHER,PROFESSOR,4.3
Communication,352,George Mason University,Andrea,,Malterud,2303620,4,good,TEACHER,PROFESSOR,4.3
Art,352,George Mason University,Isabel,,Manalo,2299050,2,poor,TEACHER,PROFESSOR,2.0
Geography,352,George Mason University,Germana,,Manca,1049321,15,average,TEACHER,PROFESSOR,3.3
Geology,352,George Mason University,Lori,,Mandable,1897848,15,good,TEACHER,PROFESSOR,4.2
Political Science,352,George Mason University,Peter,,Mandaville,51952,70,good,TEACHER,PROFESSOR,4.2
Psychology,352,George Mason University,Ari,,Mandell,1858880,1,good,TEACHER,PROFESSOR,5.0
Psychology,352,George Mason University,Evan,,Mandes,409466,26,average,TEACHER,PROFESSOR,3.3
Environmental Science,352,George Mason University,Rupalben,,Mangukiya,2422809,0,zero,TEACHER,PROFESSOR,N/A
Communication,352,George Mason University,Kathryn,,Mangus,2737,22,good,TEACHER,PROFESSOR,4.6
Design,352,George Mason University,Suzan,,Manis,2047993,0,zero,TEACHER,PROFESSOR,N/A
Engineering,352,George Mason University,Andre,,Manitius,627370,9,good,TEACHER,PROFESSOR,4.2
Social Work,352,George Mason University,Jean,,Manlove,1846293,2,average,TEACHER,PROFESSOR,3.2
Chemistry,352,George Mason University,Naheed,,Mann,771056,4,good,TEACHER,PROFESSOR,5.0
Conflict Analysis,352,George Mason University,Borislava,,Manojlovic,2382488,2,good,TEACHER,PROFESSOR,5.0
Mathematics,352,George Mason University,Christopher,,Manon,1749093,23,average,TEACHER,PROFESSOR,2.8
Engineering,352,George Mason University,Joseph,,Manous,1982796,4,average,TEACHER,PROFESSOR,3.4
Communication,352,George Mason University,Nancy  ,,Mantelli,2009017,5,good,TEACHER,PROFESSOR,4.9
Anthropology,352,George Mason University,Jeff,,Mantz,1189284,21,good,TEACHER,PROFESSOR,4.1
