tDept,tSid,institution_name,tFname,tMiddlename,tLname,tid,tNumRatings,rating_class,contentType,categoryType,overall_rating
Criminal Justice,352,George Mason University,Kimberly,,Mehlman-Orozco,1309105,11,good,TEACHER,PROFESSOR,4.5
Engineering,352,George Mason University,Asha,K.,Mehrotra,2320895,0,zero,TEACHER,PROFESSOR,N/A
Economics,352,George Mason University,Nimai,,Mehta,635761,10,average,TEACHER,PROFESSOR,3.0
Education,352,George Mason University,Swati,,Mehta,1977383,10,good,TEACHER,PROFESSOR,4.2
Information Science,352,George Mason University,Kumar,,Mehta,790247,49,good,TEACHER,PROFESSOR,3.9
Health Science,352,George Mason University,Mark,,Meiners,1126208,4,good,TEACHER,PROFESSOR,3.8
Physical Education,352,George Mason University,Peter,,Melanson,1932012,5,poor,TEACHER,PROFESSOR,1.2
Psychology,352,George Mason University,Alison,H,Melley,2525822,2,good,TEACHER,PROFESSOR,4.0
Political Science,352,George Mason University,Antoinette,,Melnyk,1132288,14,average,TEACHER,PROFESSOR,2.9
Computer Science,352,George Mason University,Walcelio,,Melo,802563,10,average,TEACHER,PROFESSOR,3.4
Biology,352,George Mason University,Jessie,,Melton,2438790,1,good,TEACHER,PROFESSOR,5.0
Biology,352,George Mason University,Beatrix,,Meltzer,1470217,1,average,TEACHER,PROFESSOR,2.5
Psychology,352,George Mason University,Ashley,,Membere,1943431,16,average,TEACHER,PROFESSOR,3.0
Computer Science,352,George Mason University,Daniel,,Menasce,1972636,13,good,TEACHER,PROFESSOR,4.2
Mathematics,352,George Mason University,Sam,,Mendelson,1471988,39,good,TEACHER,PROFESSOR,4.8
Mathematics,352,George Mason University,Samuel  ,Stephen ,Mendelson ,1986618,6,good,TEACHER,PROFESSOR,3.7
Economics,352,George Mason University,Slade,,Mendenhall,2216388,4,good,TEACHER,PROFESSOR,3.8
Geography,352,George Mason University,Patrick,,Mendis,1614277,6,poor,TEACHER,PROFESSOR,2.4
Computer Science,352,George Mason University,Tessema,,Mengistu,2520953,1,poor,TEACHER,PROFESSOR,1.0
Business,352,George Mason University,Nirup,,Menon,1445658,15,average,TEACHER,PROFESSOR,2.8
