tDept,tSid,institution_name,tFname,tMiddlename,tLname,tid,tNumRatings,rating_class,contentType,categoryType,overall_rating
Marketing,352,George Mason University,Andrew,,Moses,2480566,2,good,TEACHER,PROFESSOR,4.5
Nursing,352,George Mason University,Margaret,,Moss,862397,9,good,TEACHER,PROFESSOR,3.8
Communication,352,George Mason University,Jill,,Moss,1082496,3,good,TEACHER,PROFESSOR,4.7
Communication,352,George Mason University,Kimberly,,Moss,1943049,13,good,TEACHER,PROFESSOR,4.7
Management,352,George Mason University,Shora,,Moteabbed,2031084,9,good,TEACHER,PROFESSOR,4.2
Information Science,352,George Mason University,A.,,Motro,436151,32,poor,TEACHER,PROFESSOR,2.5
Computer Science,352,George Mason University,Amihai,,Motro,2060497,19,poor,TEACHER,PROFESSOR,2.0
Information Technology,352,George Mason University,Vivian,Genaro,Motti,2229067,11,poor,TEACHER,PROFESSOR,2.4
Economics,352,George Mason University,Chuck,,Moulton,1534117,7,average,TEACHER,PROFESSOR,3.1
Mathematics,352,George Mason University,Fouad,,Moumen,459494,37,average,TEACHER,PROFESSOR,3.1
Marketing,352,George Mason University,Nacef,,Mouri,938366,18,good,TEACHER,PROFESSOR,4.7
History,352,George Mason University,Edie,,Moussa,1172987,29,good,TEACHER,PROFESSOR,3.8
Accounting,352,George Mason University,Misha,,Moylan,1144097,3,good,TEACHER,PROFESSOR,3.8
Communication,352,George Mason University,Sylvia,,Mphofe,2430404,6,average,TEACHER,PROFESSOR,2.7
Accounting,352,George Mason University,Simerjeet,,Mudahar,931309,16,good,TEACHER,PROFESSOR,3.9
Economics,352,George Mason University,Paul,,Mueller,1860103,124,good,TEACHER,PROFESSOR,4.2
Integrated Studies,352,George Mason University,Gavin,,Mueller,1860470,9,good,TEACHER,PROFESSOR,4.2
Computer Science,352,George Mason University,Hamza,,Mughal,2275464,8,good,TEACHER,PROFESSOR,4.0
Mathematics,352,George Mason University,Stephanie,,Mui,2305439,0,zero,TEACHER,PROFESSOR,N/A
Not Specified,352,George Mason University,Janette,,Muir,1008493,7,average,TEACHER,PROFESSOR,2.7
