tDept,tSid,institution_name,tFname,tMiddlename,tLname,tid,tNumRatings,rating_class,contentType,categoryType,overall_rating
Government,352,George Mason University,Richard,,Skinner,1993239,2,poor,TEACHER,PROFESSOR,2.0
Engineering,352,George Mason University,Frank,E,Skirlo,2399670,7,good,TEACHER,PROFESSOR,4.7
Environmental Science,352,George Mason University,Jennifer,,Sklarew,2429315,0,zero,TEACHER,PROFESSOR,N/A
Environmental Science,352,George Mason University,Daniel,,Sklarew,1517377,9,good,TEACHER,PROFESSOR,4.4
Languages,352,George Mason University,Abdulmotalib,,Skooti,2199455,7,good,TEACHER,PROFESSOR,5.0
Communication,352,George Mason University,Wendi,,Slagle,316056,24,good,TEACHER,PROFESSOR,4.1
Criminal Justice,352,George Mason University,Robert,,Slate,2087674,4,average,TEACHER,PROFESSOR,2.8
Nutrition,352,George Mason University,Margaret,,Slavin,1702106,15,good,TEACHER,PROFESSOR,4.1
Government,352,George Mason University,Sita,Nataraj,Slavov,2269969,4,good,TEACHER,PROFESSOR,4.0
Statistics,352,George Mason University,Martin,,Slawski,2199584,7,good,TEACHER,PROFESSOR,3.6
Chemistry,352,George Mason University,Suzanne,,Slayden,99353,141,poor,TEACHER,PROFESSOR,2.3
Criminal Justice,352,George Mason University,Lincoln,,Sloas,1515051,8,good,TEACHER,PROFESSOR,4.9
Hospitality,352,George Mason University,Sue,,Slocum,1875908,9,good,TEACHER,PROFESSOR,3.9
Criminal Justice,352,George Mason University,Emily,,Smedley,2425325,4,poor,TEACHER,PROFESSOR,1.5
Information Science,352,George Mason University,Michael,,Smeltzer,868155,11,average,TEACHER,PROFESSOR,2.8
Physics,352,George Mason University,Marie,,Smirman,2521222,0,zero,TEACHER,PROFESSOR,N/A
Finance,352,George Mason University,Peter,,Smirniotopoulos,2061656,6,poor,TEACHER,PROFESSOR,1.7
Chemistry,352,George Mason University,Aleksandr,,Smirnov,2281764,18,poor,TEACHER,PROFESSOR,1.1
Music,352,George Mason University,Glen,,Smith,318735,12,average,TEACHER,PROFESSOR,3.1
Not Specified,352,George Mason University,Lesley,,Smith,337656,17,poor,TEACHER,PROFESSOR,2.1
