tDept,tSid,institution_name,tFname,tMiddlename,tLname,tid,tNumRatings,rating_class,contentType,categoryType,overall_rating
Information Science,352,George Mason University,Katrina,,Joseph,1285288,1,good,TEACHER,PROFESSOR,5.0
Engineering,352,George Mason University,Michael,,Joseph,1637131,10,poor,TEACHER,PROFESSOR,2.3
Business,352,George Mason University,Jeffrey,,Joseph,2293900,0,zero,TEACHER,PROFESSOR,N/A
Marketing,352,George Mason University,Brett,,Josephson,2050984,18,average,TEACHER,PROFESSOR,3.0
Biology,352,George Mason University,Yogesh,,Joshi,1961225,1,average,TEACHER,PROFESSOR,3.0
Information Technology,352,George Mason University,Girish,,Joshi,2062566,1,good,TEACHER,PROFESSOR,4.5
Management,352,George Mason University,Maheshkumar,,Joshi,2128536,1,poor,TEACHER,PROFESSOR,2.0
Chemistry,352,George Mason University,Reva,,Joshi,2223145,5,average,TEACHER,PROFESSOR,2.6
Business,352,George Mason University,Maheshkumar,,Joshi,863980,26,good,TEACHER,PROFESSOR,4.0
Fine Arts,352,George Mason University,Dan,,Joyce,15098,16,average,TEACHER,PROFESSOR,2.6
Chemistry,352,George Mason University,Melanie,,Juba,1530413,5,good,TEACHER,PROFESSOR,4.1
Biology,352,George Mason University,Advait,,Jukar,1783628,3,good,TEACHER,PROFESSOR,5.0
Languages,352,George Mason University,Young,,Jung,1230839,20,good,TEACHER,PROFESSOR,4.3
Business,352,George Mason University,Eun,,Jung,2087534,16,average,TEACHER,PROFESSOR,3.3
Conflict Analysis,352,George Mason University,Edi,,Jurkovic,2058565,5,good,TEACHER,PROFESSOR,4.8
Anthropology,352,George Mason University,Lauryn,,Justice,2528726,0,zero,TEACHER,PROFESSOR,N/A
Neuroscience,352,George Mason University,Nadine,,Kabbani,2458869,0,zero,TEACHER,PROFESSOR,N/A
Psychology,352,George Mason University,Nadine,,Kabbani,1491630,20,good,TEACHER,PROFESSOR,3.5
Information Technology,352,George Mason University,Anisah,,Kabli,2302222,11,good,TEACHER,PROFESSOR,4.3
Communication,352,George Mason University,Barra,,Kahn,1242402,32,good,TEACHER,PROFESSOR,3.7
