tDept,tSid,institution_name,tFname,tMiddlename,tLname,tid,tNumRatings,rating_class,contentType,categoryType,overall_rating
Engineering,352,George Mason University,Monica,,Carley-Spencer,613660,16,average,TEACHER,PROFESSOR,3.3
Psychology,352,George Mason University,Abby,,Carlson,1556867,19,good,TEACHER,PROFESSOR,3.8
Communication,352,George Mason University,Suzanne,,Carmack,1717212,13,good,TEACHER,PROFESSOR,3.8
Information Technology,352,George Mason University,Victor,,Carneiro,2523250,2,good,TEACHER,PROFESSOR,5.0
Graphic Arts,352,George Mason University,Mary,,Carns,1879634,3,average,TEACHER,PROFESSOR,3.2
Physics,352,George Mason University,Ivan,,Carpio,771058,5,good,TEACHER,PROFESSOR,4.0
Mathematics,352,George Mason University,Daniel,,Carr,914508,22,poor,TEACHER,PROFESSOR,2.5
Social Work,352,George Mason University,Lisa,,Carr,1615570,1,good,TEACHER,PROFESSOR,3.5
Social Work,352,George Mason University,Gayl,Branum,Carr,2010050,0,zero,TEACHER,PROFESSOR,N/A
Fine Arts,352,George Mason University,Kelly,,Carr-Shaffer,374507,18,good,TEACHER,PROFESSOR,4.6
Criminal Justice,352,George Mason University,Julia,,Carrano,1595923,2,good,TEACHER,PROFESSOR,4.5
Languages,352,George Mason University,Antonio,,Carreno-Rodríguez,779077,43,good,TEACHER,PROFESSOR,4.5
Fine Arts,352,George Mason University,J.,,Carrier,2436700,0,zero,TEACHER,PROFESSOR,N/A
Art,352,George Mason University,Jason,Michael,Carrier,2476667,1,good,TEACHER,PROFESSOR,4.0
Global Studies,352,George Mason University,Susana,,Carrillo,2445579,1,average,TEACHER,PROFESSOR,3.0
Music,352,George Mason University,James,,Carroll,192882,34,good,TEACHER,PROFESSOR,4.0
Communication,352,George Mason University,David,,Carroll,2059745,2,good,TEACHER,PROFESSOR,3.8
Economics,352,George Mason University,Byron,,Carson,1867355,5,good,TEACHER,PROFESSOR,3.7
Sociology,352,George Mason University,Russell,,Carter,1022639,2,average,TEACHER,PROFESSOR,3.2
Psychology,352,George Mason University,Sarah,,Carter,1901701,3,good,TEACHER,PROFESSOR,3.8
