tDept,tSid,institution_name,tFname,tMiddlename,tLname,tid,tNumRatings,rating_class,contentType,categoryType,overall_rating
English,352,George Mason University,Jeffrey,,Allen,1964909,6,average,TEACHER,PROFESSOR,3.4
Conflict Analysis,352,George Mason University,Susan,,Allen,2189609,3,good,TEACHER,PROFESSOR,4.0
Electrical  Comp. Engineering,352,George Mason University,Benjamin,T,Allen,2229264,1,good,TEACHER,PROFESSOR,4.0
English,352,George Mason University,Jasmine,,Allen,2290519,6,good,TEACHER,PROFESSOR,4.7
English,352,George Mason University,Elizabeth,,Allen,2455601,3,average,TEACHER,PROFESSOR,3.3
Mathematics,352,George Mason University,Christopher ,,Allen ,1942876,0,zero,TEACHER,PROFESSOR,N/A
Mathematics,352,George Mason University,Kathleen,,Alligood,54496,41,good,TEACHER,PROFESSOR,3.8
Sociology,352,George Mason University,Marisa,,Allison,1819858,3,good,TEACHER,PROFESSOR,5.0
Engineering,352,George Mason University,Melany,,Alliston-Brick,1640440,1,poor,TEACHER,PROFESSOR,1.5
Engineering,352,George Mason University,Jeremy,,Allnutt,884661,14,good,TEACHER,PROFESSOR,4.7
Theater,352,George Mason University,Elizabeth,,Alman,2089896,1,good,TEACHER,PROFESSOR,4.0
Nursing,352,George Mason University,Sonja,,Almond,1097699,13,good,TEACHER,PROFESSOR,3.7
Nursing,352,George Mason University,Sonya,,Almond,1979878,4,poor,TEACHER,PROFESSOR,2.1
Computer Science,352,George Mason University,Ghada,,Alnifie,2454116,13,good,TEACHER,PROFESSOR,4.2
Languages,352,George Mason University,Ana,,Alonso,178665,17,average,TEACHER,PROFESSOR,3.5
Information Science,352,George Mason University,Tuna,,Alper,1018309,6,poor,TEACHER,PROFESSOR,2.1
Communication,352,George Mason University,Jordan,,Alpert,1765423,3,good,TEACHER,PROFESSOR,3.9
Conflict Analysis,352,George Mason University,David,,Alpher,1380195,3,good,TEACHER,PROFESSOR,4.2
Economics,352,George Mason University,Luai,,AlSadiq,2392306,6,good,TEACHER,PROFESSOR,4.5
Social Work,352,George Mason University,Sharon,T,Alston,1757562,15,average,TEACHER,PROFESSOR,2.7
