tDept,tSid,institution_name,tFname,tMiddlename,tLname,tid,tNumRatings,rating_class,contentType,categoryType,overall_rating
Information Technology,352,George Mason University,Rahmat,,Tasvir,2384631,0,zero,TEACHER,PROFESSOR,N/A
Psychology,352,George Mason University,Nathan,,Tatro,910517,19,good,TEACHER,PROFESSOR,4.6
Management,352,George Mason University,Alena,,Tatum,1803631,5,poor,TEACHER,PROFESSOR,2.1
Geology,352,George Mason University,Christian,,Taubenberger,2445267,2,average,TEACHER,PROFESSOR,2.5
Business,352,George Mason University,Ali,,Tavakoli,2403183,1,good,TEACHER,PROFESSOR,4.0
Psychology,352,George Mason University,Tanya,,Tavassolie,1991649,9,good,TEACHER,PROFESSOR,4.3
Criminal Justice,352,George Mason University,Faye,,Taxman,1071053,5,poor,TEACHER,PROFESSOR,2.3
Communication,352,George Mason University,Anita,,Taylor,168384,15,average,TEACHER,PROFESSOR,2.7
Science,352,George Mason University,George,,Taylor,309733,26,average,TEACHER,PROFESSOR,2.8
Political Science,352,George Mason University,Sonja,,Taylor,410084,42,average,TEACHER,PROFESSOR,2.9
English,352,George Mason University,Eugene,,Taylor,1347222,6,good,TEACHER,PROFESSOR,3.5
Communication,352,George Mason University,Stephen,,Taylor,1438647,1,good,TEACHER,PROFESSOR,5.0
Biology,352,George Mason University,Olivia,,Taylor,1744983,5,good,TEACHER,PROFESSOR,4.7
Anthropology,352,George Mason University,Christopher,Brennan,Taylor,2035219,2,good,TEACHER,PROFESSOR,4.2
Chemistry,352,George Mason University,Bree,,Taylor,2074595,1,average,TEACHER,PROFESSOR,2.5
Languages,352,George Mason University,Kevin,,Taylor,2323602,8,good,TEACHER,PROFESSOR,4.5
English,352,George Mason University,Art,,Taylor,463471,66,good,TEACHER,PROFESSOR,4.3
Health  Human Services,352,George Mason University,Carolyn,,Taylor,2065148,12,good,TEACHER,PROFESSOR,4.3
Health amp Human Services,352,George Mason University,Leslie,H,Taylor,2523812,0,zero,TEACHER,PROFESSOR,N/A
Economics,352,George Mason University,Megan,V,Teague,2174770,2,good,TEACHER,PROFESSOR,5.0
