tDept,tSid,institution_name,tFname,tMiddlename,tLname,tid,tNumRatings,rating_class,contentType,categoryType,overall_rating
Health & Human Services,352,George Mason University,Devon,,Collins,2370751,6,good,TEACHER,PROFESSOR,4.0
Mathematics,352,George Mason University,Flavia,,Colonna,253836,67,average,TEACHER,PROFESSOR,3.3
Environmental Science,352,George Mason University,Zac,,Combs,1895242,9,good,TEACHER,PROFESSOR,4.8
Engineering,352,George Mason University,Kenneth,,Comer,2490325,1,good,TEACHER,PROFESSOR,5.0
Political Science,352,George Mason University,James,,Conant,635193,22,average,TEACHER,PROFESSOR,3.2
Accounting,352,George Mason University,Jenelle,,Conaway,2358786,3,average,TEACHER,PROFESSOR,3.0
Geology,352,George Mason University,Kim,,Cone,826827,5,good,TEACHER,PROFESSOR,4.1
Economics,352,George Mason University,Roger,,Congleton,504168,19,average,TEACHER,PROFESSOR,3.2
English,352,George Mason University,Michelle,L,Conklin,2463881,4,poor,TEACHER,PROFESSOR,1.8
Political Science,352,George Mason University,Timothy,,Conlan,210370,28,average,TEACHER,PROFESSOR,3.4
Business,352,George Mason University,Linda,,Connor,1838002,16,good,TEACHER,PROFESSOR,3.6
Business,352,George Mason University,Lucy,,Connor,2217908,4,average,TEACHER,PROFESSOR,3.3
History,352,George Mason University,Maia,,Conrad,2526913,2,average,TEACHER,PROFESSOR,2.5
Fine Arts,352,George Mason University,Lynne,,Constantine,307621,25,good,TEACHER,PROFESSOR,4.7
Criminal Justice,352,George Mason University,Richard,,Conway,1434087,2,good,TEACHER,PROFESSOR,4.0
Psychology,352,George Mason University,Jameela,,Conway-Turner,1991647,4,good,TEACHER,PROFESSOR,5.0
Athletics,352,George Mason University,Sarah,,Coogan,2474698,5,good,TEACHER,PROFESSOR,4.2
Engineering,352,George Mason University,Gerald,,Cook,56674,24,good,TEACHER,PROFESSOR,4.7
English,352,George Mason University,Amber,L,Cook,1817995,4,good,TEACHER,PROFESSOR,5.0
English,352,George Mason University,Courtney,A,Cook,1892731,3,good,TEACHER,PROFESSOR,4.8
