tDept,tSid,institution_name,tFname,tMiddlename,tLname,tid,tNumRatings,rating_class,contentType,categoryType,overall_rating
Art,352,George Mason University,Benjamin,,Ferry,1501096,5,good,TEACHER,PROFESSOR,4.6
Cultural Studies,352,George Mason University,Savannah,,Fetterolf,2076979,10,average,TEACHER,PROFESSOR,3.3
Art,352,George Mason University,Mia,,Feuer,1525682,9,good,TEACHER,PROFESSOR,4.1
History,352,George Mason University,Shelia,,Ffolliott,291645,25,average,TEACHER,PROFESSOR,3.4
Communication,352,George Mason University,James M.,,Ficaro,623701,0,zero,TEACHER,PROFESSOR,N/A
Computer Science,352,George Mason University,Laurel,,Fielding,2401097,3,average,TEACHER,PROFESSOR,3.0
Computer Science,352,George Mason University,Laurel,,Fieldings,2437026,0,zero,TEACHER,PROFESSOR,N/A
Psychology,352,George Mason University,Ivonne,,Figueroa,1859451,3,average,TEACHER,PROFESSOR,3.0
Cultural Studies,352,George Mason University,Svetlana,,Filiatreau,1968006,0,zero,TEACHER,PROFESSOR,N/A
History,352,George Mason University,Kelly,,Fincher,2462847,1,good,TEACHER,PROFESSOR,5.0
Conflict Analysis,352,George Mason University,Joni,,Finegold,1501064,1,good,TEACHER,PROFESSOR,4.0
Economics,352,George Mason University,Alexander,,Fink,1447825,6,good,TEACHER,PROFESSOR,5.0
Social Work,352,George Mason University,Ellen,,Fink-Samnick,1073572,10,good,TEACHER,PROFESSOR,4.8
English,352,George Mason University,Deborah,,Finkelstein,2234053,2,good,TEACHER,PROFESSOR,5.0
Conflict Analysis,352,George Mason University,Ethan,,Finley,1575544,2,good,TEACHER,PROFESSOR,5.0
Economics,352,George Mason University,Theresa,,Finley,1796023,5,poor,TEACHER,PROFESSOR,2.4
Communication,352,George Mason University,Andrew,,Finn,281949,176,average,TEACHER,PROFESSOR,3.3
Conflict Analysis,352,George Mason University,Pamina ,,Firchow,2013559,8,average,TEACHER,PROFESSOR,3.4
Physics,352,George Mason University,Shalom,,Fisher,619997,15,poor,TEACHER,PROFESSOR,2.0
Communication,352,George Mason University,Amy,,Fisher,1385701,2,good,TEACHER,PROFESSOR,3.5
