tDept,tSid,institution_name,tFname,tMiddlename,tLname,tid,tNumRatings,rating_class,contentType,categoryType,overall_rating
Economics,352,George Mason University,Scott,,Smith,340458,61,good,TEACHER,PROFESSOR,3.5
Not Specified,352,George Mason University,Paul,,Smith,560416,17,average,TEACHER,PROFESSOR,3.0
Management,352,George Mason University,Will,,Smith,615954,0,zero,TEACHER,PROFESSOR,N/A
Psychology,352,George Mason University,Robert,,Smith,836951,27,good,TEACHER,PROFESSOR,3.7
History,352,George Mason University,Richard Norton,,Smith,927660,9,good,TEACHER,PROFESSOR,3.7
Criminal Justice,352,George Mason University,Jeanette,,Smith,1084735,2,good,TEACHER,PROFESSOR,5.0
Humanities,352,George Mason University,Cynthia,,Smith,1220942,6,good,TEACHER,PROFESSOR,3.7
Economics,352,George Mason University,Daniel,,Smith,1300845,12,good,TEACHER,PROFESSOR,4.5
Economics,352,George Mason University,Nathaniel,,Smith,1344931,0,zero,TEACHER,PROFESSOR,N/A
English,352,George Mason University,Amber,,Smith,1634703,8,average,TEACHER,PROFESSOR,2.6
Sociology,352,George Mason University,Jason,,Smith,1787273,7,average,TEACHER,PROFESSOR,3.1
Sociology,352,George Mason University,Earl,,Smith,1916008,19,good,TEACHER,PROFESSOR,3.9
Chemistry,352,George Mason University,Radleigh,,Smith,1946004,3,good,TEACHER,PROFESSOR,4.8
Communication,352,George Mason University,Heather,,Smith,2050050,5,poor,TEACHER,PROFESSOR,1.6
Art,352,George Mason University,Anne,,Smith,2066181,1,good,TEACHER,PROFESSOR,5.0
Chemistry,352,George Mason University,Jacob,,Smith,2288093,3,good,TEACHER,PROFESSOR,4.0
Government,352,George Mason University,Tres,,Smith,2418125,0,zero,TEACHER,PROFESSOR,N/A
Biology,352,George Mason University,Shawn,H,Smith,2425053,5,good,TEACHER,PROFESSOR,5.0
Communication,352,George Mason University,Roger,,Smith,52041,39,average,TEACHER,PROFESSOR,3.0
History,352,George Mason University,Suzanne,,Smith,835951,18,good,TEACHER,PROFESSOR,3.6
