tDept,tSid,institution_name,tFname,tMiddlename,tLname,tid,tNumRatings,rating_class,contentType,categoryType,overall_rating
Languages,352,George Mason University,,,Sohail,435384,16,good,TEACHER,PROFESSOR,4.3
Business,352,George Mason University,Schalyn ,,Sohn,2012820,9,good,TEACHER,PROFESSOR,4.2
Accounting,352,George Mason University,Schalyn,,Sohn,2014729,19,good,TEACHER,PROFESSOR,3.9
Philosophy,352,George Mason University,Marek,,Sojka,1766058,77,average,TEACHER,PROFESSOR,3.1
Engineering,352,George Mason University,Jennifer,M,Sokol,2122059,0,zero,TEACHER,PROFESSOR,N/A
Engineering,352,George Mason University,Vadim,,Sokolov,2326058,1,good,TEACHER,PROFESSOR,5.0
Management,352,George Mason University,Patrick,,Soleymani,1172644,84,average,TEACHER,PROFESSOR,3.3
Nursing,352,George Mason University,Joy,,Solomita,1992231,1,good,TEACHER,PROFESSOR,5.0
Mathematics,352,George Mason University,Valeriu,,Soltan,288255,88,good,TEACHER,PROFESSOR,3.6
Education,352,George Mason University,Kristina,,Solum,1965204,0,zero,TEACHER,PROFESSOR,N/A
Information Technology,352,George Mason University,Raghavendra,,Somepalli,2445483,1,good,TEACHER,PROFESSOR,5.0
Social Science,352,George Mason University,Rainer,,Sommer,2265964,1,good,TEACHER,PROFESSOR,4.0
Global Studies,352,George Mason University,Byunghwan,,Son,1942722,15,good,TEACHER,PROFESSOR,3.7
Business,352,George Mason University,Jinyuan,,Song,2535525,0,zero,TEACHER,PROFESSOR,N/A
Social Work,352,George Mason University,Sonya,,Sonneman,2446470,3,good,TEACHER,PROFESSOR,5.0
Psychology,352,George Mason University,Jennifer,,Sontag,2098124,15,average,TEACHER,PROFESSOR,3.2
Computer Science,352,George Mason University,Arun,,Sood,938431,17,average,TEACHER,PROFESSOR,3.2
Education,352,George Mason University,Kimberly,,Sopko,1821184,1,poor,TEACHER,PROFESSOR,2.0
Select department,352,George Mason University,Boris,,Sorkin,2044775,16,poor,TEACHER,PROFESSOR,1.2
Biology,352,George Mason University,Boris,,Sorkin,2092215,2,poor,TEACHER,PROFESSOR,1.8
