tDept,tSid,institution_name,tFname,tMiddlename,tLname,tid,tNumRatings,rating_class,contentType,categoryType,overall_rating
Management,352,George Mason University,Eli,,Bruch,1893078,3,good,TEACHER,PROFESSOR,5.0
Art,352,George Mason University,Nikki,,Brugnoli,2046577,3,average,TEACHER,PROFESSOR,2.7
Design,352,George Mason University,Jared,,Bruhn,2398695,3,good,TEACHER,PROFESSOR,5.0
English,352,George Mason University,Peter,,Brunette,152734,5,good,TEACHER,PROFESSOR,5.0
Information Technology,352,George Mason University,Joe,,Bruno,1994437,0,zero,TEACHER,PROFESSOR,N/A
Information Technology,352,George Mason University,Irene,,Bruno,280630,108,good,TEACHER,PROFESSOR,4.6
Government,352,George Mason University,Thomas,,Bruun,2432346,0,zero,TEACHER,PROFESSOR,N/A
Criminal Justice,352,George Mason University,David,,Bryars,2095092,9,good,TEACHER,PROFESSOR,4.2
Psychology,352,George Mason University,Catherine,,Bryne,1954202,1,good,TEACHER,PROFESSOR,5.0
Health Science,352,George Mason University,Caitlyn,,Bryson,2517703,1,good,TEACHER,PROFESSOR,5.0
Accounting,352,George Mason University,Phillip,,Buchanan,597085,27,average,TEACHER,PROFESSOR,3.2
Psychology,352,George Mason University,Erica,,Buchholz,1199768,26,good,TEACHER,PROFESSOR,3.8
Nutrition,352,George Mason University,Dennis,,Buckley,2257609,2,poor,TEACHER,PROFESSOR,1.0
Biology,352,George Mason University,Valerie,,Buckley-Beason,1672487,10,good,TEACHER,PROFESSOR,5.0
Information Technology,352,George Mason University,Donna,,Buckner,1940777,6,good,TEACHER,PROFESSOR,4.7
Integrative Studies,352,George Mason University,John,,Bucy,2309172,1,good,TEACHER,PROFESSOR,4.0
Geology,352,George Mason University,Jim,,Buecheler,2221662,2,good,TEACHER,PROFESSOR,5.0
Geology,352,George Mason University,Jame,,Buecheler,2389137,0,zero,TEACHER,PROFESSOR,N/A
Geology,352,George Mason University,James,,Buecheler,2434814,3,good,TEACHER,PROFESSOR,5.0
Education,352,George Mason University,Michelle,,Buehl,1135676,5,good,TEACHER,PROFESSOR,4.1
