tDept,tSid,institution_name,tFname,tMiddlename,tLname,tid,tNumRatings,rating_class,contentType,categoryType,overall_rating
Languages,352,George Mason University,Concetta,,Thibideau,860173,4,good,TEACHER,PROFESSOR,4.1
Psychology,352,George Mason University,Jordan,,Thibodeaux,1780713,5,good,TEACHER,PROFESSOR,3.8
Political Science,352,George Mason University,Adam,,Thiel,1603217,2,average,TEACHER,PROFESSOR,3.0
Music,352,George Mason University,Mark,R,Thiele,2325266,2,good,TEACHER,PROFESSOR,4.0
Engineering,352,George Mason University,Richard,,Thoesen,2017532,1,good,TEACHER,PROFESSOR,5.0
Business,352,George Mason University,Daniel,,Thoman,2260399,1,good,TEACHER,PROFESSOR,5.0
Education,352,George Mason University,Bridget,,Thomas,1148970,4,good,TEACHER,PROFESSOR,3.8
Science,352,George Mason University,Julia,,Thomas,1302928,3,poor,TEACHER,PROFESSOR,2.2
Communication,352,George Mason University,Lori,,Thomas,1642952,7,average,TEACHER,PROFESSOR,3.1
Finance,352,George Mason University,Morris,,Thomas,1671988,1,good,TEACHER,PROFESSOR,5.0
Biology,352,George Mason University,Mark,,Thomas,1676449,1,good,TEACHER,PROFESSOR,5.0
Economics,352,George Mason University,David,C,Thomas,1800963,364,good,TEACHER,PROFESSOR,4.7
Criminal Justice,352,George Mason University,Joe,,Thomas,1913788,6,average,TEACHER,PROFESSOR,3.0
Criminal Justice,352,George Mason University,Joseph,,Thomas,1952860,5,good,TEACHER,PROFESSOR,3.9
Law,352,George Mason University,Phil,,Thomas,2014244,4,poor,TEACHER,PROFESSOR,1.6
Communication,352,George Mason University,Ashley,,Thomas,2064654,5,average,TEACHER,PROFESSOR,3.4
Computer Science,352,George Mason University,Sterling,,Thomas,2105868,2,good,TEACHER,PROFESSOR,5.0
Psychology,352,George Mason University,Sarah,,Thomas,2175842,6,good,TEACHER,PROFESSOR,4.8
Mathematics,352,George Mason University,Cigole,,Thomas,2234682,7,good,TEACHER,PROFESSOR,4.8
Chemistry,352,George Mason University,Gloria,,Thompson,529457,11,good,TEACHER,PROFESSOR,3.9
