tDept,tSid,institution_name,tFname,tMiddlename,tLname,tid,tNumRatings,rating_class,contentType,categoryType,overall_rating
Psychology,352,George Mason University,Kate,,Laport,1434620,1,good,TEACHER,PROFESSOR,5.0
English,352,George Mason University,Amy,,Laptad,1641706,35,good,TEACHER,PROFESSOR,4.6
Economics,352,George Mason University,Thomas,,Lareau,1537345,0,zero,TEACHER,PROFESSOR,N/A
Science,352,George Mason University,Kim,,Largen,52035,180,good,TEACHER,PROFESSOR,3.5
Accounting,352,George Mason University,Richard,,Larsen,1392060,17,good,TEACHER,PROFESSOR,4.5
English,352,George Mason University,Eric,,Larson,2316760,3,good,TEACHER,PROFESSOR,5.0
Engineering,352,George Mason University,Kathryn,,Laskey,362357,25,good,TEACHER,PROFESSOR,3.6
English,352,George Mason University,Roger,,Lathbury,288298,78,good,TEACHER,PROFESSOR,3.7
Criminal Justice,352,George Mason University,Roger,,Lathbury,2189097,0,zero,TEACHER,PROFESSOR,N/A
Communication,352,George Mason University,Farah,,Latif,2067825,13,average,TEACHER,PROFESSOR,3.4
English,352,George Mason University,Mary,,Latimer,2277462,0,zero,TEACHER,PROFESSOR,N/A
Computer Science,352,George Mason University,Thomas,,LaToza,2085278,11,average,TEACHER,PROFESSOR,2.8
Engineering,352,George Mason University,David,,Lattanzi,1857518,6,average,TEACHER,PROFESSOR,3.3
Career Development,352,George Mason University,Ralph,,Lattanzio,1136507,11,good,TEACHER,PROFESSOR,4.7
Psychology,352,George Mason University,Raymond,Ray,Lattanzio,2009980,20,average,TEACHER,PROFESSOR,3.3
Business,352,George Mason University,Anne,,Lauer,2297877,15,good,TEACHER,PROFESSOR,4.1
Graphic Arts,352,George Mason University,Maureen,,Lauran,280379,13,good,TEACHER,PROFESSOR,3.9
Engineering,352,George Mason University,Caitlin,,Laurence,1792829,12,average,TEACHER,PROFESSOR,3.5
English,352,George Mason University,Michael,,Lautenschlager,1660086,1,good,TEACHER,PROFESSOR,5.0
Information Science,352,George Mason University,Jack,,Laveson,1135317,18,good,TEACHER,PROFESSOR,4.0
