tDept,tSid,institution_name,tFname,tMiddlename,tLname,tid,tNumRatings,rating_class,contentType,categoryType,overall_rating
Social Work,352,George Mason University,Lyanne,,Trumbull,1235700,6,good,TEACHER,PROFESSOR,4.8
Biology,352,George Mason University,Sarah,,Trunnell,1323592,9,good,TEACHER,PROFESSOR,4.8
Information Science,352,George Mason University,Lap,,Truong,733802,6,poor,TEACHER,PROFESSOR,2.1
Computer Science,352,George Mason University,Nektaria,,Tryfona,2040864,10,good,TEACHER,PROFESSOR,3.8
Social Work,352,George Mason University,Laura,,Tsai,2092323,3,good,TEACHER,PROFESSOR,4.8
Accounting,352,George Mason University,Peggy,,Tsirigotis,2247185,1,good,TEACHER,PROFESSOR,5.0
Accounting,352,George Mason University,Eugenia,,Tsirigotis,2264620,20,good,TEACHER,PROFESSOR,4.1
Biology,352,George Mason University,Mirian,,Tsuchiya,1696089,0,zero,TEACHER,PROFESSOR,N/A
women's Studies,352,George Mason University,Yoshi,,Tsuda,535003,0,zero,TEACHER,PROFESSOR,N/A
Communication,352,George Mason University,Megan,,Tucker,1155732,60,good,TEACHER,PROFESSOR,4.9
Psychology,352,George Mason University,Stephanie,,Tulk,2066175,17,good,TEACHER,PROFESSOR,4.3
Music,352,George Mason University,Mijail,,Tuminov,1711499,0,zero,TEACHER,PROFESSOR,N/A
Environmental Science,352,George Mason University,Adebola,,Tunde,1863989,4,poor,TEACHER,PROFESSOR,1.9
English,352,George Mason University,Allison,,Tunstall,2416932,2,good,TEACHER,PROFESSOR,4.0
Biology,352,George Mason University,Todd,,Tupper,400739,10,good,TEACHER,PROFESSOR,4.0
Social Work,352,George Mason University,Tony,,Turnage,2451804,1,good,TEACHER,PROFESSOR,5.0
Criminal Justice,352,George Mason University,Allan,,Turner,1268778,5,average,TEACHER,PROFESSOR,2.8
Religion,352,George Mason University,John,,Turner,1794134,35,good,TEACHER,PROFESSOR,4.1
Psychology,352,George Mason University,Nicole,,Turygin,1203114,0,zero,TEACHER,PROFESSOR,N/A
Geology,352,George Mason University,Katherine,,Tuskes,2279350,0,zero,TEACHER,PROFESSOR,N/A
