tDept,tSid,institution_name,tFname,tMiddlename,tLname,tid,tNumRatings,rating_class,contentType,categoryType,overall_rating
Languages,352,George Mason University,Darren,,Haney,1650997,7,good,TEACHER,PROFESSOR,3.7
Fine Arts,352,George Mason University,Amelia,,Hankin,1171278,11,good,TEACHER,PROFESSOR,4.0
Sociology,352,George Mason University,Nancy,,Hanrahan,566121,34,average,TEACHER,PROFESSOR,3.2
Communication,352,George Mason University,Susan,,Hansche,826982,11,average,TEACHER,PROFESSOR,2.7
Biology,352,George Mason University,Anne,,Hansen,1233556,4,good,TEACHER,PROFESSOR,4.1
Graphic Arts,352,George Mason University,Erik,A,Hansen,1785560,0,zero,TEACHER,PROFESSOR,N/A
Psychology,352,George Mason University,Amysue,,Hansen,2382469,2,average,TEACHER,PROFESSOR,3.0
Athletics,352,George Mason University,Jena,,Hansen-Honeycutt,2380690,1,good,TEACHER,PROFESSOR,5.0
Health amp Human Services,352,George Mason University,Piia,,Hanson,2286158,3,good,TEACHER,PROFESSOR,3.7
Economics,352,George Mason University,Robin,,Hanson,27460,36,average,TEACHER,PROFESSOR,3.1
Finance,352,George Mason University,Gerald,,Hanweck,286869,27,poor,TEACHER,PROFESSOR,2.4
Criminal Justice,352,George Mason University,Stephen,,Happeny,1913784,16,average,TEACHER,PROFESSOR,2.8
Engineering,352,George Mason University,Ahsanul,,Haque,2339161,2,good,TEACHER,PROFESSOR,5.0
History,352,George Mason University,Richard Hardesty,L,Hardesty,2220812,2,good,TEACHER,PROFESSOR,5.0
Biology,352,George Mason University,Maureen,,Harding,816230,5,good,TEACHER,PROFESSOR,4.2
Engineering,352,George Mason University,Matthew,,Hardy,1355244,2,good,TEACHER,PROFESSOR,3.5
Economics,352,George Mason University,Robert,,Hardy,2151265,1,good,TEACHER,PROFESSOR,4.0
Economics,352,George Mason University,August,,Hardy,2028110,3,good,TEACHER,PROFESSOR,4.2
Not Specified,352,George Mason University,Heather,,Hare,778512,9,good,TEACHER,PROFESSOR,3.5
Sports Management,352,George Mason University,Megan,,Hare,1958280,6,average,TEACHER,PROFESSOR,2.5
