tDept,tSid,institution_name,tFname,tMiddlename,tLname,tid,tNumRatings,rating_class,contentType,categoryType,overall_rating
Music,352,George Mason University,Daphnis,Igor,Sarmientos,1857499,14,average,TEACHER,PROFESSOR,3.4
Chemistry,352,George Mason University,Jaclyn,,Sarna,1926908,14,poor,TEACHER,PROFESSOR,1.9
Communication,352,George Mason University,Maryam,,Saroughi,2285472,2,poor,TEACHER,PROFESSOR,1.5
Languages,352,George Mason University,Amal,,Sarraf,1664062,4,good,TEACHER,PROFESSOR,4.4
Electrical  Comp. Engineering,352,George Mason University,Avesta,,Sasan,2128714,30,good,TEACHER,PROFESSOR,4.6
Electrical & Comp. Engineering,352,George Mason University,Avasta,,Sasan,2523751,0,zero,TEACHER,PROFESSOR,N/A
Physics,352,George Mason University,Indubala,,Satija,1361362,12,poor,TEACHER,PROFESSOR,1.6
Psychology,352,George Mason University,Kelly,M.,Satterfield,1811822,4,good,TEACHER,PROFESSOR,4.6
Science,352,George Mason University,Shobita,,Satyapal,1278815,11,good,TEACHER,PROFESSOR,3.6
Management,352,George Mason University,John,,Satyshur,1440535,3,good,TEACHER,PROFESSOR,5.0
Physics,352,George Mason University,Karen,,Sauer,397535,4,good,TEACHER,PROFESSOR,4.8
Mathematics,352,George Mason University,Timothy,,Sauer,54499,44,good,TEACHER,PROFESSOR,4.8
English,352,George Mason University,Catherine,,Saunders,289891,77,average,TEACHER,PROFESSOR,3.3
Mathematics,352,George Mason University,Catherine A.,,Sausville,796932,85,average,TEACHER,PROFESSOR,2.6
Communication,352,George Mason University,Suzanne,,Sauter,2533669,1,good,TEACHER,PROFESSOR,5.0
Health Science,352,George Mason University,Lauren,,Savaglio,1448265,14,good,TEACHER,PROFESSOR,3.9
Education,352,George Mason University,Henrietta,Rema,Sawyerr,2259367,2,poor,TEACHER,PROFESSOR,1.5
Nursing,352,George Mason University,Katherine ,,Scafide,1989513,0,zero,TEACHER,PROFESSOR,N/A
Earth Science,352,George Mason University,Mark,,Scafonas,2495378,1,average,TEACHER,PROFESSOR,3.0
English,352,George Mason University,Andrew,,Scahill,1518507,27,good,TEACHER,PROFESSOR,4.5
