tDept,tSid,institution_name,tFname,tMiddlename,tLname,tid,tNumRatings,rating_class,contentType,categoryType,overall_rating
Finance,352,George Mason University,Ron,,Schilleref,518378,14,poor,TEACHER,PROFESSOR,2.3
Mathematics,352,George Mason University,Steven,,Schluchter,1926803,39,good,TEACHER,PROFESSOR,3.8
Communication,352,George Mason University,Lance E.,,Schmeidler,864922,47,good,TEACHER,PROFESSOR,3.7
Psychology,352,George Mason University,Katrina,,Schmerold,1783939,7,good,TEACHER,PROFESSOR,5.0
Mathematics,352,George Mason University,Amy,D,Schmidt,1925208,4,good,TEACHER,PROFESSOR,4.4
Communication,352,George Mason University,Scott,,Schmidt,1943724,1,good,TEACHER,PROFESSOR,4.0
Music,352,George Mason University,Brendan,,Schnabel,2287734,6,good,TEACHER,PROFESSOR,3.5
Government,352,George Mason University,Bill,,Schneider,1909837,3,good,TEACHER,PROFESSOR,4.2
Criminal Justice,352,George Mason University,Ira,H.,Schoen,1944877,11,good,TEACHER,PROFESSOR,4.2
Accounting,352,George Mason University,Mitchell,,Schoenberg,2404101,5,good,TEACHER,PROFESSOR,3.8
Biology,352,George Mason University,Richard Remy,,Schoenemann,1908734,5,average,TEACHER,PROFESSOR,3.0
Conflict Analysis,352,George Mason University,Mara,,Schoeny,1567995,4,average,TEACHER,PROFESSOR,3.0
Physics,352,George Mason University,Stephen,,Scholla,851949,1,poor,TEACHER,PROFESSOR,1.0
Physical Education,352,George Mason University,Audrey N.,,Schoomaker,1709455,0,zero,TEACHER,PROFESSOR,N/A
Environmental Science,352,George Mason University,Paul,,Schopf,2037272,1,average,TEACHER,PROFESSOR,2.5
Information Technology,352,George Mason University,Steve,,Schorling,103063,55,poor,TEACHER,PROFESSOR,2.2
Chemistry,352,George Mason University,James,,Schornick,383837,40,average,TEACHER,PROFESSOR,3.3
History,352,George Mason University,Zachary,,Schrag,560911,15,average,TEACHER,PROFESSOR,3.1
Biology,352,George Mason University,Lisa,,Schreffler,1666054,15,good,TEACHER,PROFESSOR,3.5
Chemistry,352,George Mason University,John A,,Schreifels,313222,212,average,TEACHER,PROFESSOR,2.5
