tDept,tSid,institution_name,tFname,tMiddlename,tLname,tid,tNumRatings,rating_class,contentType,categoryType,overall_rating
Communication,352,George Mason University,Thomas,,Roccotagliata,2282452,3,poor,TEACHER,PROFESSOR,1.7
Management,352,George Mason University,Kevin,,Rockmann,560118,24,good,TEACHER,PROFESSOR,3.7
Geography,352,George Mason University,David,,Rockwell,2523449,1,good,TEACHER,PROFESSOR,5.0
Biology,352,George Mason University,Larry,,Rockwood,357730,36,good,TEACHER,PROFESSOR,4.1
Nursing,352,George Mason University,Margaret ,,Rodan,1994327,1,good,TEACHER,PROFESSOR,5.0
Sociology,352,George Mason University,Pierre,,Rodgers,774941,9,good,TEACHER,PROFESSOR,4.6
Information Technology,352,George Mason University,G. Chris,,Rodrigo,2172097,3,poor,TEACHER,PROFESSOR,1.0
Information Technology,352,George Mason University,Gerard,,Rodrigo,2186316,3,poor,TEACHER,PROFESSOR,1.7
Engineering,352,George Mason University,Harold,,Rodriguez,1094735,15,good,TEACHER,PROFESSOR,3.5
Graphic Arts,352,George Mason University,Jessica,,Rodriguez,1134238,7,good,TEACHER,PROFESSOR,4.1
Languages,352,George Mason University,Maria,,Rodriguez,1446618,13,good,TEACHER,PROFESSOR,3.9
Languages,352,George Mason University,Rosa`,,Rodriguez,1516412,1,average,TEACHER,PROFESSOR,2.5
Earth Science,352,George Mason University,Joey,,Rodriguez,1582420,5,good,TEACHER,PROFESSOR,3.7
Languages,352,George Mason University,Fabiola,,Rodriguez,1725132,0,zero,TEACHER,PROFESSOR,N/A
Accounting,352,George Mason University,Gustavo,,Rodriguez,2378410,17,good,TEACHER,PROFESSOR,4.1
Biology,352,George Mason University,Luis,,Rodriguez ,2003216,20,good,TEACHER,PROFESSOR,4.8
Criminal Justice,352,George Mason University,Ian,,Rodway,1820543,7,average,TEACHER,PROFESSOR,3.1
Career Development,352,George Mason University,Bruce,,Roemmelt,2372373,2,good,TEACHER,PROFESSOR,3.5
Economics,352,George Mason University,Douglas,,Rogers,1422337,16,good,TEACHER,PROFESSOR,4.8
Languages,352,George Mason University,Charlotte,,Rogers,1711043,9,good,TEACHER,PROFESSOR,3.6
