tDept,tSid,institution_name,tFname,tMiddlename,tLname,tid,tNumRatings,rating_class,contentType,categoryType,overall_rating
Health amp Human Services,352,George Mason University,Ali,,Weinstein,2462444,4,good,TEACHER,PROFESSOR,3.8
Music,352,George Mason University,Russell,,Weismann,2144169,13,good,TEACHER,PROFESSOR,4.4
Sports Management,352,George Mason University,Oliver,,Weiss,1998227,2,good,TEACHER,PROFESSOR,4.8
Communication,352,George Mason University,Abigail,,Weiss,2039044,6,average,TEACHER,PROFESSOR,3.0
Sociology,352,George Mason University,Lenore,,Weitzman,398640,11,poor,TEACHER,PROFESSOR,2.2
Social Science,352,George Mason University,Pete,,Welch,1136415,0,zero,TEACHER,PROFESSOR,N/A
Health Science,352,George Mason University,Christina,,Wellner,2442277,5,good,TEACHER,PROFESSOR,4.6
Accounting,352,George Mason University,Sandra,,Wendler,2424187,5,average,TEACHER,PROFESSOR,3.4
Psychology,352,George Mason University,Lindsay,,Wenger,1725953,1,poor,TEACHER,PROFESSOR,1.5
Communication,352,George Mason University,Christina,,Wenks,2251167,8,good,TEACHER,PROFESSOR,3.7
Music,352,George Mason University,Debby,,Wenner,934962,6,good,TEACHER,PROFESSOR,4.6
Economics,352,George Mason University,Scott,,Wentland,1227882,7,good,TEACHER,PROFESSOR,4.1
Accounting,352,George Mason University,Kelly,,Wentland,2050789,22,average,TEACHER,PROFESSOR,2.7
Economics,352,George Mason University,Nikolai,,Wenzel,775474,6,good,TEACHER,PROFESSOR,5.0
Psychology,352,George Mason University,Morton,,Werber,385927,50,good,TEACHER,PROFESSOR,4.2
Geography,352,George Mason University,Konrad,,Wessels,2447179,2,average,TEACHER,PROFESSOR,2.5
Business,352,George Mason University,Skip,,West,1002382,7,average,TEACHER,PROFESSOR,2.8
Communication,352,George Mason University,Dennis M.,,West,1723843,3,good,TEACHER,PROFESSOR,4.5
Global Studies,352,George Mason University,Caroline,,West,1753385,16,good,TEACHER,PROFESSOR,4.6
Business,352,George Mason University,Sidney,,West,2391974,0,zero,TEACHER,PROFESSOR,N/A
