tDept,tSid,institution_name,tFname,tMiddlename,tLname,tid,tNumRatings,rating_class,contentType,categoryType,overall_rating
Psychology,352,George Mason University,Louis,,Buffardi,620265,8,average,TEACHER,PROFESSOR,3.1
Fine Arts,352,George Mason University,Nicole,,Bugnoli-Whipkey,1472894,0,zero,TEACHER,PROFESSOR,N/A
Accounting,352,George Mason University,Brandon,B,Buhler,2475957,0,zero,TEACHER,PROFESSOR,N/A
Bioinformatics,352,George Mason University,William,,Buhrow,2533319,1,poor,TEACHER,PROFESSOR,1.0
Biology,352,George Mason University,Sarah,,Bui,2078312,21,good,TEACHER,PROFESSOR,4.6
Mathematics,352,George Mason University,Gabriela,,Bulancea,1750796,87,average,TEACHER,PROFESSOR,3.4
Fine Arts,352,George Mason University,Gabriela,,Bulisova,1249348,4,good,TEACHER,PROFESSOR,4.6
Criminal Justice,352,George Mason University,Karen,,Bune,832296,10,average,TEACHER,PROFESSOR,3.0
Sociology,352,George Mason University,Andrea,,Burch,1695800,3,poor,TEACHER,PROFESSOR,2.3
Psychology,352,George Mason University,Andrea,,Burchfield,1887954,14,average,TEACHER,PROFESSOR,2.6
English,352,George Mason University,Jacqueline,,Burek,2287011,4,good,TEACHER,PROFESSOR,3.5
Art History,352,George Mason University,Gretchen (Beasley),,Burgess,1246312,47,good,TEACHER,PROFESSOR,3.6
English,352,George Mason University,Rachael,,Burke,1964075,8,good,TEACHER,PROFESSOR,4.7
Management,352,George Mason University,Uzma,,Burki,1573446,25,good,TEACHER,PROFESSOR,3.8
Earth Science,352,George Mason University,Natalie,,Burls,2344438,6,good,TEACHER,PROFESSOR,4.2
Science,352,George Mason University,Steven,,Burmeister,2259309,24,good,TEACHER,PROFESSOR,4.6
English,352,George Mason University,Phillip,,Burnham,724298,38,good,TEACHER,PROFESSOR,4.3
English,352,George Mason University,Philip,,Burnham,2096583,3,poor,TEACHER,PROFESSOR,2.3
Religion,352,George Mason University,J.B.,,Burns,307010,33,good,TEACHER,PROFESSOR,4.8
Religion,352,George Mason University,John,,Burns,1197140,6,good,TEACHER,PROFESSOR,4.1
