tDept,tSid,institution_name,tFname,tMiddlename,tLname,tid,tNumRatings,rating_class,contentType,categoryType,overall_rating
Social Work,352,George Mason University,Cynthia,M,Clark,2388679,0,zero,TEACHER,PROFESSOR,N/A
English,352,George Mason University,Keith,,Clark,164080,51,good,TEACHER,PROFESSOR,4.0
Fine Arts,352,George Mason University,Lori,,Clark,1899952,15,good,TEACHER,PROFESSOR,4.9
Communication,352,George Mason University,Christopher,,Clarke,1779719,6,good,TEACHER,PROFESSOR,4.7
Integrated Studies,352,George Mason University,Anne,,Clay,2310524,1,average,TEACHER,PROFESSOR,3.0
Biology,352,George Mason University,Anne,Safiya,Clay,2443048,1,poor,TEACHER,PROFESSOR,2.0
Social Work,352,George Mason University,Carol,,Cleaveland,1893730,0,zero,TEACHER,PROFESSOR,N/A
Nursing,352,George Mason University,Kristin,M,Clemens,2053693,0,zero,TEACHER,PROFESSOR,N/A
Communication,352,George Mason University,Marcia,,Clinkscales,2129459,2,poor,TEACHER,PROFESSOR,2.0
Government,352,George Mason University,Terry,,Clower,2054241,3,good,TEACHER,PROFESSOR,3.5
Art,352,George Mason University,Thomas,,Coaker,1717557,5,good,TEACHER,PROFESSOR,3.7
Conflict Analysis,352,George Mason University,Sara,,Cobb,2132563,5,good,TEACHER,PROFESSOR,5.0
English,352,George Mason University,Kelly,,Cochan,1176726,3,good,TEACHER,PROFESSOR,4.7
Economics,352,George Mason University,Jay,,Cochran,433341,59,good,TEACHER,PROFESSOR,3.7
Mathematics,352,George Mason University,Gregory,,Cochran,1072835,8,good,TEACHER,PROFESSOR,3.6
Biology,352,George Mason University,Charles,,Coddington,2208474,0,zero,TEACHER,PROFESSOR,N/A
History,352,George Mason University,Robin,,Coerr,2534806,0,zero,TEACHER,PROFESSOR,N/A
Business,352,George Mason University,Richard,,Coffinberger,299562,111,good,TEACHER,PROFESSOR,4.0
Engineering,352,George Mason University,Michael,,Cohen,994509,5,good,TEACHER,PROFESSOR,4.0
Communication,352,George Mason University,Marlene,,Cohen,1171009,5,good,TEACHER,PROFESSOR,3.9
