tDept,tSid,institution_name,tFname,tMiddlename,tLname,tid,tNumRatings,rating_class,contentType,categoryType,overall_rating
Accounting,352,George Mason University,Daisy,,Anand,1312952,1,good,TEACHER,PROFESSOR,5.0
Health & Human Services,352,George Mason University,Priyanka,,Anand,2347711,0,zero,TEACHER,PROFESSOR,N/A
Integrated Studies,352,George Mason University,Amanda,,Andere,1884672,2,poor,TEACHER,PROFESSOR,1.0
Geology,352,George Mason University,Mark,H,Anders,2230587,19,average,TEACHER,PROFESSOR,2.8
Psychology,352,George Mason University,Michael,,Anderson,211103,36,average,TEACHER,PROFESSOR,2.9
Health Science,352,George Mason University,David,,Anderson,359106,23,good,TEACHER,PROFESSOR,4.8
English,352,George Mason University,Eric,,Anderson,451078,33,good,TEACHER,PROFESSOR,4.5
Communication,352,George Mason University,Lakesha,,Anderson,460046,15,average,TEACHER,PROFESSOR,2.8
Economics,352,George Mason University,Robert,,Anderson,1093341,12,average,TEACHER,PROFESSOR,3.4
Art History,352,George Mason University,Heather,,Anderson,1217399,17,good,TEACHER,PROFESSOR,3.7
Management,352,George Mason University,Charles,,Anderson,1393727,4,average,TEACHER,PROFESSOR,2.6
Finance,352,George Mason University,Mike,,Anderson,1646854,45,good,TEACHER,PROFESSOR,3.6
Languages,352,George Mason University,Ekaterina,,Anderson,2125935,1,good,TEACHER,PROFESSOR,5.0
Health amp Human Services,352,George Mason University,Allison,Chambers,Anderson,2381211,0,zero,TEACHER,PROFESSOR,N/A
English,352,George Mason University,Trela,,Anderson,2398428,1,average,TEACHER,PROFESSOR,3.0
Mathematics,352,George Mason University,Daniel,,Anderson,191132,85,good,TEACHER,PROFESSOR,3.8
Sociology,352,George Mason University,Claire,,Anderson,2495920,2,good,TEACHER,PROFESSOR,4.0
Social Work,352,George Mason University,Leandra,,Andrade,2330101,1,average,TEACHER,PROFESSOR,3.0
Computer Science,352,George Mason University,Kevin,,Andrea,2310558,35,good,TEACHER,PROFESSOR,5.0
Mathematics,352,George Mason University,Frank,,Andreani,1914755,67,poor,TEACHER,PROFESSOR,2.2
