tDept,tSid,institution_name,tFname,tMiddlename,tLname,tid,tNumRatings,rating_class,contentType,categoryType,overall_rating
Music,352,George Mason University,Jessie,,Guessford,752925,34,good,TEACHER,PROFESSOR,4.1
Languages,352,George Mason University,Elena,,Guglielmi,1447266,15,good,TEACHER,PROFESSOR,4.7
Engineering,352,George Mason University,Sabyasachi,,Guharay,2447663,0,zero,TEACHER,PROFESSOR,N/A
Information Technology,352,George Mason University,Richard,,Guidorizzi,2092507,1,poor,TEACHER,PROFESSOR,1.0
Art History,352,George Mason University,Maureen,,Guignon,628613,9,good,TEACHER,PROFESSOR,3.9
Information Technology,352,George Mason University,Gina,,Guillaume-Joseph,2142222,1,poor,TEACHER,PROFESSOR,1.0
Social Work,352,George Mason University,Karen,,Guillory,2057650,4,poor,TEACHER,PROFESSOR,2.3
Biology,352,George Mason University,Keerthi,,Gullapalli,2068460,1,poor,TEACHER,PROFESSOR,1.0
English,352,George Mason University,Rima,,Gulshan,282410,63,good,TEACHER,PROFESSOR,4.3
Languages,352,George Mason University,Dziyana,,Gumbar,1248232,2,good,TEACHER,PROFESSOR,4.0
Languages,352,George Mason University,Fenglan,,Guo,1527271,1,good,TEACHER,PROFESSOR,4.0
Psychology,352,George Mason University,Deepti,,Gupta,1068681,23,average,TEACHER,PROFESSOR,2.7
Information Technology,352,George Mason University,Siddharth,,Gupta,1955371,7,good,TEACHER,PROFESSOR,4.9
Health  Human Services,352,George Mason University,Jhumka,,Gupta,2132377,2,good,TEACHER,PROFESSOR,5.0
Social Work,352,George Mason University,Jhumpka,,Gupta,2503457,0,zero,TEACHER,PROFESSOR,N/A
Conflict Analysis,352,George Mason University,Gul,,Gur,2178487,1,average,TEACHER,PROFESSOR,3.0
English,352,George Mason University,Kristine,,Gussow,2093344,9,good,TEACHER,PROFESSOR,3.9
Art History,352,George Mason University,Erik,,Gustafson,2242140,1,good,TEACHER,PROFESSOR,4.0
Anthropology,352,George Mason University,Hugh,,Gusterson,935666,4,good,TEACHER,PROFESSOR,4.6
Integrative Studies,352,George Mason University,Caronline,,Guthrie,2149271,1,good,TEACHER,PROFESSOR,4.0
