tDept,tSid,institution_name,tFname,tMiddlename,tLname,tid,tNumRatings,rating_class,contentType,categoryType,overall_rating
Languages,352,George Mason University,Susan,,Moinfar,1917800,1,good,TEACHER,PROFESSOR,5.0
Theater,352,George Mason University,Sherrice,,Mojgani,2295235,2,good,TEACHER,PROFESSOR,5.0
Physics,352,George Mason University,Florin,,Moldoveanu,2361574,22,good,TEACHER,PROFESSOR,3.5
Humanities,352,George Mason University,Pia,,Moller,1138569,14,average,TEACHER,PROFESSOR,3.5
Computer Science,352,George Mason University,Kevin,,Molloy,2361162,7,good,TEACHER,PROFESSOR,4.4
Biology,352,George Mason University,Meadhbh,,Molloy,2140465,4,good,TEACHER,PROFESSOR,4.3
Psychology,352,George Mason University,Ali,,Momen,2111707,62,good,TEACHER,PROFESSOR,4.8
Psychology,352,George Mason University,Samuel,,Monfort,1817068,15,good,TEACHER,PROFESSOR,4.5
Psychology,352,George Mason University,Christopher,,Monk,783215,20,good,TEACHER,PROFESSOR,3.6
Information Science,352,George Mason University,Joe,,Montana,408327,16,average,TEACHER,PROFESSOR,2.8
Languages,352,George Mason University,Gael,,Montgomery,1222931,2,average,TEACHER,PROFESSOR,2.8
Writing,352,George Mason University,Sara,,Montiel,2239101,6,poor,TEACHER,PROFESSOR,1.0
English,352,George Mason University,Kimberly,,Montorio,2512928,0,zero,TEACHER,PROFESSOR,N/A
English,352,George Mason University,Ellen,,Moody,9736,30,average,TEACHER,PROFESSOR,3.4
Information Science,352,George Mason University,James,,Moody,620989,32,poor,TEACHER,PROFESSOR,1.8
Languages,352,George Mason University,Jihye,,Moon,2069160,14,good,TEACHER,PROFESSOR,4.4
Film,352,George Mason University,Paul,,Moon,2446657,3,average,TEACHER,PROFESSOR,3.3
Nursing,352,George Mason University,Rebecca,,Mooney,2238856,0,zero,TEACHER,PROFESSOR,N/A
Accounting,352,George Mason University,Susan,,Mooradian,2394516,2,good,TEACHER,PROFESSOR,4.5
History,352,George Mason University,Laura,,Moore,871026,8,good,TEACHER,PROFESSOR,4.2
