tDept,tSid,institution_name,tFname,tMiddlename,tLname,tid,tNumRatings,rating_class,contentType,categoryType,overall_rating
Information Science,352,George Mason University,James H.,,Kahrl,409019,34,good,TEACHER,PROFESSOR,3.5
Social Work,352,George Mason University,Elma,,Kaiser,1929759,4,poor,TEACHER,PROFESSOR,1.2
Information Technology,352,George Mason University,Alok,,Kakker,2337857,4,poor,TEACHER,PROFESSOR,1.0
Information Technology,352,George Mason University,Kalyani,,Kaladi,2274382,0,zero,TEACHER,PROFESSOR,N/A
Sociology,352,George Mason University,Amber,,Kalb,2259156,7,average,TEACHER,PROFESSOR,3.3
History,352,George Mason University,Laura,,Kalba,1173968,16,average,TEACHER,PROFESSOR,2.9
Biology,352,George Mason University,Sara,,Kalifa,1712024,26,good,TEACHER,PROFESSOR,4.6
Humanities,352,George Mason University,Elizabeth,,Kalinowski,1736993,2,good,TEACHER,PROFESSOR,4.5
Art,352,George Mason University,Jessica,,Kallista,2399237,0,zero,TEACHER,PROFESSOR,N/A
Languages,352,George Mason University,Hadine,,Kamal,1777273,4,good,TEACHER,PROFESSOR,4.1
Chemistry,352,George Mason University,Baibai,,Kamara,1876690,1,average,TEACHER,PROFESSOR,3.0
Communication,352,George Mason University,Howard,,Kamen,1635495,1,good,TEACHER,PROFESSOR,5.0
Mathematics,352,George Mason University,Robert,,Kamocsai,1580879,13,good,TEACHER,PROFESSOR,4.0
History,352,George Mason University,Frank A.,,Kane,802611,15,average,TEACHER,PROFESSOR,3.2
Criminal Justice,352,George Mason University,Caitlin,L,Kanewske,2411365,1,good,TEACHER,PROFESSOR,5.0
Film,352,George Mason University,Michael,,Kang,1806516,1,good,TEACHER,PROFESSOR,5.0
Biology,352,George Mason University,June,,Kang,2360960,9,good,TEACHER,PROFESSOR,5.0
Communication,352,George Mason University,A,,Kanu,401227,23,average,TEACHER,PROFESSOR,3.2
Conflict Analysis,352,George Mason University,Vandy,,Kanyako,1392201,15,good,TEACHER,PROFESSOR,4.0
Information Technology,352,George Mason University,Michael,,Kapfer,2495049,1,good,TEACHER,PROFESSOR,5.0
