tDept,tSid,institution_name,tFname,tMiddlename,tLname,tid,tNumRatings,rating_class,contentType,categoryType,overall_rating
History,352,George Mason University,Steven,,Scott,1395561,3,good,TEACHER,PROFESSOR,4.5
Chemistry,352,George Mason University,Shaylyn,,Scott,1963055,1,average,TEACHER,PROFESSOR,2.5
Integrative Studies,352,George Mason University,Suzanne,,Scott Constantine,2223599,25,good,TEACHER,PROFESSOR,4.3
History,352,George Mason University,R,,Scully,387764,27,good,TEACHER,PROFESSOR,3.8
History,352,George Mason University,Randolph,,Scully,2261542,7,average,TEACHER,PROFESSOR,3.1
English,352,George Mason University,Kristen,,Seal,1657568,5,good,TEACHER,PROFESSOR,5.0
Religion,352,George Mason University,Chad,,Seales,1344051,12,good,TEACHER,PROFESSOR,4.6
Biology,352,George Mason University,Leanna,,Sealey,2221137,5,average,TEACHER,PROFESSOR,3.2
Hospitality,352,George Mason University,Martin,,Seanor,2198014,3,poor,TEACHER,PROFESSOR,1.7
Anthropology,352,George Mason University,Erin,L,Sears,2536328,1,poor,TEACHER,PROFESSOR,2.0
Art,352,George Mason University,Jay,,Seawall ,1937850,8,good,TEACHER,PROFESSOR,3.8
Not Specified,352,George Mason University,Nathan,,Secrest,1658534,1,poor,TEACHER,PROFESSOR,1.0
Languages,352,George Mason University,Elyette,,Sedine,1193088,10,good,TEACHER,PROFESSOR,4.2
Psychology,352,George Mason University,Ashley,,Seeleman,1841123,1,good,TEACHER,PROFESSOR,5.0
Business,352,George Mason University,Julie,,Seidel,2139009,4,good,TEACHER,PROFESSOR,3.5
Communication,352,George Mason University,Christian,,Seiter,2418506,6,good,TEACHER,PROFESSOR,3.8
Communication,352,George Mason University,Michael,,Seium,2108356,4,good,TEACHER,PROFESSOR,3.6
Geography,352,George Mason University,Burl,,Self,733830,58,good,TEACHER,PROFESSOR,4.3
Anthropology,352,George Mason University,Linda,,Seligmann,410183,16,good,TEACHER,PROFESSOR,4.2
English,352,George Mason University,Erin,,Sells,1659654,0,zero,TEACHER,PROFESSOR,N/A
