tDept,tSid,institution_name,tFname,tMiddlename,tLname,tid,tNumRatings,rating_class,contentType,categoryType,overall_rating
Physical Ed,352,George Mason University,Bill,,Kelly,765376,0,zero,TEACHER,PROFESSOR,N/A
Nursing,352,George Mason University,Nancy,,Kelly,1843446,4,good,TEACHER,PROFESSOR,4.9
Psychology,352,George Mason University,Shane,,Kelly,1952655,17,average,TEACHER,PROFESSOR,3.2
Management,352,George Mason University,Rebecca,,Kelly,2492677,0,zero,TEACHER,PROFESSOR,N/A
History,352,George Mason University,Theodore,,Kelly,453706,35,good,TEACHER,PROFESSOR,4.6
Athletics,352,George Mason University,Patricia,,Kelshaw,2294290,4,good,TEACHER,PROFESSOR,4.8
Psychology,352,George Mason University,Kerry,,Kelso,2308431,2,good,TEACHER,PROFESSOR,5.0
Environmental Science,352,George Mason University,Susan,,Keltner,1453237,10,good,TEACHER,PROFESSOR,4.3
Film,352,George Mason University,Nzingha,,Kendall,2046659,0,zero,TEACHER,PROFESSOR,N/A
Psychology,352,George Mason University,Matthew,,Kendra,1365132,13,good,TEACHER,PROFESSOR,4.1
Chemistry,352,George Mason University,Christopher,,Kenedy,2216238,6,good,TEACHER,PROFESSOR,5.0
English,352,George Mason University,,,Kennedy,513768,24,average,TEACHER,PROFESSOR,3.0
Law,352,George Mason University,Dennis,,Kennedy,1322877,2,average,TEACHER,PROFESSOR,3.0
Education,352,George Mason University,Ann,,Kennedy,1385090,0,zero,TEACHER,PROFESSOR,N/A
Environmental Science,352,George Mason University,Chris,,Kennedy,1889032,11,good,TEACHER,PROFESSOR,3.7
Engineering,352,George Mason University,Sean,,Kennedy,2009469,2,average,TEACHER,PROFESSOR,3.0
Computer Science,352,George Mason University,William,G,Kennedy,2411758,4,good,TEACHER,PROFESSOR,4.5
Art,352,George Mason University,Jeff,,Kenney,2143093,2,average,TEACHER,PROFESSOR,2.8
Criminal Justice,352,George Mason University,Matthew,D,Kenyon,1808984,2,good,TEACHER,PROFESSOR,4.8
Communication,352,George Mason University,Jennifer,,Keohane,2067907,13,good,TEACHER,PROFESSOR,4.6
