tDept,tSid,institution_name,tFname,tMiddlename,tLname,tid,tNumRatings,rating_class,contentType,categoryType,overall_rating
Fine Arts,352,George Mason University,Thomas,,Stanley,837675,26,average,TEACHER,PROFESSOR,2.8
Biology,352,George Mason University,Meghan,,Starolis,2090549,6,good,TEACHER,PROFESSOR,3.8
Fine Arts,352,George Mason University,Don,,Starr,206138,22,good,TEACHER,PROFESSOR,3.5
Criminal Justice,352,George Mason University,Dennis,,Staszak,1959428,29,good,TEACHER,PROFESSOR,4.5
English,352,George Mason University,Emily,,Staudt,2480448,1,poor,TEACHER,PROFESSOR,1.0
Information Science,352,George Mason University,Angelos,,Stavrou,1037364,11,poor,TEACHER,PROFESSOR,2.4
Criminal Justice,352,George Mason University,Adam,,Stearn,1568890,6,good,TEACHER,PROFESSOR,4.8
History,352,George Mason University,Peter,,Stearns,491906,34,good,TEACHER,PROFESSOR,4.3
History,352,George Mason University,H. Lyman,,Stebbins,1536431,4,good,TEACHER,PROFESSOR,4.4
English,352,George Mason University,Paula,,Steele,2319706,2,good,TEACHER,PROFESSOR,5.0
Communication,352,George Mason University,James,,Steele,1191634,54,good,TEACHER,PROFESSOR,4.0
Education,352,George Mason University,Bweikia,,Steen,2529708,1,good,TEACHER,PROFESSOR,5.0
English,352,George Mason University,John,,Steere,1050390,8,good,TEACHER,PROFESSOR,4.1
Geography,352,George Mason University,Anthony,,Stefanidis,1248713,2,good,TEACHER,PROFESSOR,4.5
Music,352,George Mason University,Chad,A,Steffey,1862687,2,good,TEACHER,PROFESSOR,4.8
Film,352,George Mason University,Benjamin,,Steger,1510075,11,good,TEACHER,PROFESSOR,4.3
Economics,352,George Mason University,Solomon,M,Stein,1831530,7,poor,TEACHER,PROFESSOR,1.3
Economics,352,George Mason University,Kirby,,Steiner,2412013,2,poor,TEACHER,PROFESSOR,1.5
Languages,352,George Mason University,Tiziana,,Stella,1564254,6,good,TEACHER,PROFESSOR,3.9
Communication,352,George Mason University,Neil,,Stenhouse,1830579,4,good,TEACHER,PROFESSOR,4.6
