tDept,tSid,institution_name,tFname,tMiddlename,tLname,tid,tNumRatings,rating_class,contentType,categoryType,overall_rating
Psychology,352,George Mason University,Susan,,Vanderhei,1691009,1,average,TEACHER,PROFESSOR,3.0
Chemistry,352,George Mason University,Meghana,,Varde,2481122,1,good,TEACHER,PROFESSOR,5.0
Health & Human Services,352,George Mason University,Rebecca,,Vargas-Jackson,1850168,8,poor,TEACHER,PROFESSOR,1.1
Information Technology,352,George Mason University,Bobby,,Varghese,1842367,14,average,TEACHER,PROFESSOR,3.0
Communication,352,George Mason University,Becky,,Varni,1493544,7,good,TEACHER,PROFESSOR,4.0
Information Science,352,George Mason University,Sherrib,,Vaseashta,1579454,3,good,TEACHER,PROFESSOR,5.0
Languages,352,George Mason University,Tatiana,,Vasilyeva-Roberts,86248,46,good,TEACHER,PROFESSOR,3.6
Mathematics,352,George Mason University,Ryan,,Vaughn,2203716,3,good,TEACHER,PROFESSOR,4.7
English,352,George Mason University,Amber,,Vayo,1351390,5,good,TEACHER,PROFESSOR,4.5
Biology,352,George Mason University,Apoorva,,Veerareddy,2192866,7,good,TEACHER,PROFESSOR,4.6
Economics,352,George Mason University,Vipin,,Veetil,1932797,10,good,TEACHER,PROFESSOR,4.2
Physics,352,George Mason University,Devin,,Vega,1384290,10,average,TEACHER,PROFESSOR,3.3
Languages,352,George Mason University,Eleana,,Velasco,2059208,28,good,TEACHER,PROFESSOR,4.5
Physics,352,George Mason University,Krishnamurthy,,Vemuru,1607382,83,good,TEACHER,PROFESSOR,3.6
Engineering,352,George Mason University,Remi,,Veneziano,2495070,0,zero,TEACHER,PROFESSOR,N/A
Engineering,352,George Mason University,Mohan,,Venigalla,647724,20,poor,TEACHER,PROFESSOR,2.3
Computer Science,352,George Mason University,Anand,,Venkataraman,1915544,1,good,TEACHER,PROFESSOR,5.0
Geology,352,George Mason University,David,J,Verardo,2037275,1,good,TEACHER,PROFESSOR,5.0
Science,352,George Mason University,Stacy,,Verardo,103481,149,good,TEACHER,PROFESSOR,3.9
Geology,352,George Mason University,Stacey,,Verardo,1365113,21,good,TEACHER,PROFESSOR,3.9
