tDept,tSid,institution_name,tFname,tMiddlename,tLname,tid,tNumRatings,rating_class,contentType,categoryType,overall_rating
Computer Science,352,George Mason University,Paul,,Nicholas,2142037,5,average,TEACHER,PROFESSOR,2.8
English,352,George Mason University,Melissa,,Nichols,1265390,55,average,TEACHER,PROFESSOR,3.3
Communication,352,George Mason University,Cynthia,,Nichols,2480827,2,good,TEACHER,PROFESSOR,4.0
Engineering,352,George Mason University,Ronaldo,,Nicholson,1653042,1,good,TEACHER,PROFESSOR,4.0
Music,352,George Mason University,Julianna,,Nickel,2275611,1,good,TEACHER,PROFESSOR,5.0
Music,352,George Mason University,Michael,,Nickens,1035220,10,good,TEACHER,PROFESSOR,4.0
Economics,352,George Mason University,Olga,,Nicoara,1595603,6,good,TEACHER,PROFESSOR,4.5
Psychology,352,George Mason University,Vias,,Nicolaides,1572935,24,good,TEACHER,PROFESSOR,4.1
Communication,352,George Mason University,Anne,,Nicotera,1108419,29,good,TEACHER,PROFESSOR,3.9
Computer Science,352,George Mason University,Kenneth,,Nidiffer,404662,16,good,TEACHER,PROFESSOR,3.7
Education,352,George Mason University,Stephanie ,,Niedzwiecki ,2066716,1,average,TEACHER,PROFESSOR,2.5
Psychology,352,George Mason University,Claire,,Niehaus,2389916,0,zero,TEACHER,PROFESSOR,N/A
Physics,352,George Mason University,Predrag,,Nikolic,1687015,6,average,TEACHER,PROFESSOR,2.9
Physics,352,George Mason University,Eleni,,Nikou,2371751,2,good,TEACHER,PROFESSOR,5.0
Education,352,George Mason University,Karyn,,Niles,1265756,0,zero,TEACHER,PROFESSOR,N/A
Information Technology,352,George Mason University,Moses,,Niwe,1850009,3,poor,TEACHER,PROFESSOR,2.2
Business,352,George Mason University,Michael,,Noar,773790,3,average,TEACHER,PROFESSOR,3.2
Science,352,George Mason University,Michael,,Nocchiero,1233268,7,good,TEACHER,PROFESSOR,4.2
Communication,352,George Mason University,Kathryn,,Nogueira,1524301,10,good,TEACHER,PROFESSOR,4.6
Biology,352,George Mason University,Elizabeth,,Nohelty,1378237,10,good,TEACHER,PROFESSOR,4.5
