tDept,tSid,institution_name,tFname,tMiddlename,tLname,tid,tNumRatings,rating_class,contentType,categoryType,overall_rating
Engineering,352,George Mason University,Alex,,Hughes,2346952,0,zero,TEACHER,PROFESSOR,N/A
Athletics,352,George Mason University,Ryan,,Hughes,2470706,1,poor,TEACHER,PROFESSOR,1.0
Psychology,352,George Mason University,Linden,,Hughes,2481992,3,good,TEACHER,PROFESSOR,3.7
Economics,352,George Mason University,Andrew,,Hughes Hallett,1679222,0,zero,TEACHER,PROFESSOR,N/A
Anthropology,352,George Mason University,Cortney,,Hughes Rinker,1658949,35,good,TEACHER,PROFESSOR,4.7
Statistics,352,George Mason University,Jaqueline,,Hughes-Oliver,1744437,7,average,TEACHER,PROFESSOR,3.4
Anthropology,352,George Mason University,Courtney,,Hughes-Rinker,1942728,8,good,TEACHER,PROFESSOR,4.6
Cultural Studies,352,George Mason University,Annie,,Hui,2051994,24,good,TEACHER,PROFESSOR,4.5
Education,352,George Mason University,Faye,,Huie,1475924,2,good,TEACHER,PROFESSOR,5.0
Global Studies,352,George Mason University,Niklas,,Hultin,1919201,5,good,TEACHER,PROFESSOR,4.4
English,352,George Mason University,Donald,,Humbertson,401800,73,good,TEACHER,PROFESSOR,4.3
Economics,352,George Mason University,Andrew,,Humphries,2415572,1,good,TEACHER,PROFESSOR,5.0
Biology,352,George Mason University,Denise,,Hunnell,2223777,16,good,TEACHER,PROFESSOR,4.7
Mathematics,352,George Mason University,Steven,,Hunstman,1621876,1,poor,TEACHER,PROFESSOR,1.5
Languages,352,George Mason University,Maureen,,Hunt,1596210,0,zero,TEACHER,PROFESSOR,N/A
Psychology,352,George Mason University,Aaron,,Hunt,2321734,11,good,TEACHER,PROFESSOR,4.6
Biology,352,George Mason University,Monique,,Hunter,2021117,0,zero,TEACHER,PROFESSOR,N/A
Chemistry,352,George Mason University,Carrisa,,Hunter,2248484,1,poor,TEACHER,PROFESSOR,2.0
Health amp Human Services,352,George Mason University,Iris,,Hunter,2394191,3,poor,TEACHER,PROFESSOR,1.3
Chemistry,352,George Mason University,Carissa,,Hunter,2252966,6,average,TEACHER,PROFESSOR,2.7
