tDept,tSid,institution_name,tFname,tMiddlename,tLname,tid,tNumRatings,rating_class,contentType,categoryType,overall_rating
Education,352,George Mason University,G.,,Banks,782617,4,good,TEACHER,PROFESSOR,4.8
Education,352,George Mason University,Karen,,Banks,2125636,7,good,TEACHER,PROFESSOR,3.6
English,352,George Mason University,Kimberly,,Banks,2172825,1,poor,TEACHER,PROFESSOR,1.0
Education,352,George Mason University,Brenda,,Bannan,1750694,1,good,TEACHER,PROFESSOR,4.5
Economics,352,George Mason University,Alberto,,Bantinti,1466216,2,good,TEACHER,PROFESSOR,4.0
Physical Ed,352,George Mason University,Dominique,,Banville,584416,6,average,TEACHER,PROFESSOR,3.1
Business,352,George Mason University,Haroon,,Baqai,2342254,0,zero,TEACHER,PROFESSOR,N/A
Information Science,352,George Mason University,Anna,,Baraniecki,396261,42,average,TEACHER,PROFESSOR,2.5
Biology,352,George Mason University,Ancha,,Baranova,834367,19,poor,TEACHER,PROFESSOR,2.3
Information Science,352,George Mason University,Daniel,,Barbará,422791,28,average,TEACHER,PROFESSOR,2.6
Business,352,George Mason University,Shauntae,,Barber,2142132,3,good,TEACHER,PROFESSOR,4.8
Physical Education,352,George Mason University,Erica,,Barber-Andresen,1294593,1,good,TEACHER,PROFESSOR,4.0
Biology,352,George Mason University,Robert,,Barclay,2440004,2,good,TEACHER,PROFESSOR,4.5
Communication,352,George Mason University,Joyce,,Barett,1890719,2,average,TEACHER,PROFESSOR,3.2
Psychology,352,George Mason University,Rachel,,Barkey,2514707,0,zero,TEACHER,PROFESSOR,N/A
Communication,352,George Mason University,Carlin,G,Barmada,2293766,7,poor,TEACHER,PROFESSOR,1.6
History,352,George Mason University,Steven,,Barnes,513155,34,good,TEACHER,PROFESSOR,4.3
Social Work,352,George Mason University,Patricia ,Balasco,Barr,2016999,2,good,TEACHER,PROFESSOR,5.0
Art,352,George Mason University,Brian,,Barr,2267378,1,good,TEACHER,PROFESSOR,5.0
Psychology,352,George Mason University,Daniela,,Barragan,2239231,4,average,TEACHER,PROFESSOR,3.0
