tDept,tSid,institution_name,tFname,tMiddlename,tLname,tid,tNumRatings,rating_class,contentType,categoryType,overall_rating
Finance,352,George Mason University,Justin,,Kee,2120180,6,average,TEACHER,PROFESSOR,3.4
Management,352,George Mason University,K R,,Keeler,1891371,0,zero,TEACHER,PROFESSOR,N/A
Psychology,352,George Mason University,Kathleen,,Keeler,2120225,6,poor,TEACHER,PROFESSOR,2.4
Physics,352,George Mason University,Stephen,,Keeling,2120300,1,good,TEACHER,PROFESSOR,5.0
Integrative Studies,352,George Mason University,Kayla,,Keener,2361237,20,average,TEACHER,PROFESSOR,3.2
Communication,352,George Mason University,Brian,,Keffe,1436292,4,good,TEACHER,PROFESSOR,4.8
Biology,352,George Mason University,Kylene,,Kehn-Hall,1742040,3,average,TEACHER,PROFESSOR,3.3
Communication,352,George Mason University,Susan,,Kehoe,622613,19,good,TEACHER,PROFESSOR,4.9
Art,352,George Mason University,Melisa,Katie,Kehoe,2280612,1,poor,TEACHER,PROFESSOR,2.0
Art,352,George Mason University,Melissa,,Kehoe,2339492,8,good,TEACHER,PROFESSOR,4.5
Economics,352,George Mason University,Echo,,Keif,1744023,4,good,TEACHER,PROFESSOR,4.8
English,352,George Mason University,Sally,,Keith,939342,15,good,TEACHER,PROFESSOR,4.2
Criminal Justice,352,George Mason University,Kresenda,,Keith,1808948,5,good,TEACHER,PROFESSOR,4.6
English,352,George Mason University,Sarah,G,Keith,2062338,0,zero,TEACHER,PROFESSOR,N/A
Mathematics,352,George Mason University,Tim,,Keller,113424,39,average,TEACHER,PROFESSOR,3.3
History,352,George Mason University,Christian,,Keller,1136813,4,good,TEACHER,PROFESSOR,4.8
Government,352,George Mason University,Bradford,,Keller,1625613,1,good,TEACHER,PROFESSOR,5.0
Hospitality,352,George Mason University,Rebecca,,Kelley,783797,20,good,TEACHER,PROFESSOR,4.3
Psychology,352,George Mason University,Christopher,,Kello,1013005,0,zero,TEACHER,PROFESSOR,N/A
Economics,352,George Mason University,Brad,,Kells,2155408,0,zero,TEACHER,PROFESSOR,N/A
