tDept,tSid,institution_name,tFname,tMiddlename,tLname,tid,tNumRatings,rating_class,contentType,categoryType,overall_rating
Languages,352,George Mason University,Nicole,,Halloran,1740931,2,average,TEACHER,PROFESSOR,2.8
Biology,352,George Mason University,Michael,,Hallworth,1446559,9,average,TEACHER,PROFESSOR,3.4
Physics,352,George Mason University,Patrick,,Halter,2264829,4,good,TEACHER,PROFESSOR,3.8
Social Work,352,George Mason University,Bhavani,R,Hamann,2062978,7,poor,TEACHER,PROFESSOR,1.7
Chemistry,352,George Mason University,Natasha,,Hamblet,1640282,10,average,TEACHER,PROFESSOR,2.8
History,352,George Mason University,Sumaiya,,Hamdani,319962,100,good,TEACHER,PROFESSOR,3.7
Communication,352,George Mason University,Elmira,,Hamidi,2182776,1,good,TEACHER,PROFESSOR,5.0
Chemistry,352,George Mason University,Jeff,,Hamilton,1406303,8,average,TEACHER,PROFESSOR,3.3
Mathematics,352,George Mason University,Franz ,,Hamilton,2021137,0,zero,TEACHER,PROFESSOR,N/A
English,352,George Mason University,Liesel,,Hamilton,2208937,6,good,TEACHER,PROFESSOR,4.0
Religion,352,George Mason University,Juliane,,Hammer,1462157,2,good,TEACHER,PROFESSOR,3.8
Religion,352,George Mason University,Juilane,,Hammer,1462481,0,zero,TEACHER,PROFESSOR,N/A
Economics,352,George Mason University,Eric,,Hammer,2033558,18,good,TEACHER,PROFESSOR,4.5
History,352,George Mason University,Christopher,,Hamner,784223,31,good,TEACHER,PROFESSOR,4.2
Management,352,George Mason University,Jacqueline,,Hamp,2272068,11,good,TEACHER,PROFESSOR,4.8
Information Science,352,George Mason University,Greg,,Hampe,1936249,4,average,TEACHER,PROFESSOR,3.4
Information Technology,352,George Mason University,Gregory,L,Hampe,1939638,20,good,TEACHER,PROFESSOR,4.3
English,352,George Mason University,Ah-Reum,,Han,1873148,4,good,TEACHER,PROFESSOR,3.6
Business,352,George Mason University,Eui-Hong,,Han,1991278,5,poor,TEACHER,PROFESSOR,1.1
Engineering,352,George Mason University,Robert,,Handler,2257797,2,average,TEACHER,PROFESSOR,3.0
