tDept,tSid,institution_name,tFname,tMiddlename,tLname,tid,tNumRatings,rating_class,contentType,categoryType,overall_rating
Accounting,352,George Mason University,Gary,,Brooks,1672645,66,good,TEACHER,PROFESSOR,3.9
Psychology,352,George Mason University,Luke,,Brooks-Shesler,1381012,2,good,TEACHER,PROFESSOR,5.0
Communication,352,George Mason University,Nathaniel,,Brophy,2457630,1,good,TEACHER,PROFESSOR,5.0
Accounting,352,George Mason University,Robert,S,Broshears,2185118,10,good,TEACHER,PROFESSOR,3.5
Art,352,George Mason University,Bridgette,D,Broughman,1893832,2,good,TEACHER,PROFESSOR,4.8
Computer Science,352,George Mason University,Peggy,,Brouse,297293,15,good,TEACHER,PROFESSOR,3.7
Business,352,George Mason University,Raymond ,,Brow,2087535,9,good,TEACHER,PROFESSOR,3.8
Nursing,352,George Mason University,Stephen,,Brown,1546192,10,good,TEACHER,PROFESSOR,4.8
Management,352,George Mason University,Albert,,Brown,1636138,1,good,TEACHER,PROFESSOR,5.0
Physics,352,George Mason University,Steven,,Brown,1871738,4,good,TEACHER,PROFESSOR,4.6
Leadership,352,George Mason University,Teejay,,Brown,2069966,6,good,TEACHER,PROFESSOR,5.0
Religion,352,George Mason University,Todd,,Brown,2327773,1,average,TEACHER,PROFESSOR,3.0
Education,352,George Mason University,Gisselle,,Brown,2368601,2,good,TEACHER,PROFESSOR,5.0
Education,352,George Mason University,El'Tanya,,Brown,2377546,0,zero,TEACHER,PROFESSOR,N/A
Health  Human Services,352,George Mason University,Stephen,,Brown,2122878,8,good,TEACHER,PROFESSOR,4.7
Business,352,George Mason University,Jacquelyn,,Brown,1774003,67,average,TEACHER,PROFESSOR,3.0
Economics,352,George Mason University,Steven,,Brownell,2166040,2,good,TEACHER,PROFESSOR,4.5
Health  Human Services,352,George Mason University,Linda,DeLana,Browning,2159225,9,average,TEACHER,PROFESSOR,3.0
English,352,George Mason University,Kenneth,,Broyles,649936,56,average,TEACHER,PROFESSOR,2.9
Communication,352,George Mason University,Melissa,,Bruce,2212821,5,average,TEACHER,PROFESSOR,3.2
