tDept,tSid,institution_name,tFname,tMiddlename,tLname,tid,tNumRatings,rating_class,contentType,categoryType,overall_rating
Conflict Analysis,352,George Mason University,Pamela,,Struss,1825637,7,good,TEACHER,PROFESSOR,3.6
English,352,George Mason University,Kimberly,D,Stryker,2490677,1,good,TEACHER,PROFESSOR,5.0
Accounting,352,George Mason University,David,,Stubing,2515797,0,zero,TEACHER,PROFESSOR,N/A
Fine Arts,352,George Mason University,Karen,,Studd,792167,29,good,TEACHER,PROFESSOR,4.1
Global Studies,352,George Mason University,Catherine,,Studemeyer,2201422,17,good,TEACHER,PROFESSOR,4.8
Psychology,352,George Mason University,Jeffrey,,Stuewig,2370310,1,good,TEACHER,PROFESSOR,4.0
Health Science,352,George Mason University,Peggy,,Stull,1488791,1,good,TEACHER,PROFESSOR,5.0
Government,352,George Mason University,Aaron,,Stuvland,1820190,29,good,TEACHER,PROFESSOR,4.4
Economics,352,George Mason University,Paola,,Suarez,1919338,9,good,TEACHER,PROFESSOR,4.2
Communication,352,George Mason University,Angela,,Suarez,384088,32,good,TEACHER,PROFESSOR,4.7
Communication,352,George Mason University,Majd,,Subih,2092708,1,good,TEACHER,PROFESSOR,5.0
Economics,352,George Mason University,John,,Subrick,787623,7,good,TEACHER,PROFESSOR,3.7
Engineering,352,George Mason University,Seema,,Sud,897415,4,good,TEACHER,PROFESSOR,4.3
Biology,352,George Mason University,Gita,,Sudama,1515499,5,average,TEACHER,PROFESSOR,3.4
Sociology,352,George Mason University,Christian,,Suero,2173322,2,good,TEACHER,PROFESSOR,5.0
Anthropology,352,George Mason University,Nawa,,Sugiyama,2163688,9,good,TEACHER,PROFESSOR,4.3
Information Systems & Operations Management,352,George Mason University,Timothy,,Suh,2391975,5,good,TEACHER,PROFESSOR,4.4
Statistics,352,George Mason University,Samana,,Sulgay,1286850,2,good,TEACHER,PROFESSOR,4.5
Biology,352,George Mason University,Mikolaj,,Sulkowski,1278195,2,good,TEACHER,PROFESSOR,4.2
Political Science,352,George Mason University,Charles,J.,Sullivan,1834758,1,good,TEACHER,PROFESSOR,5.0
