tDept,tSid,institution_name,tFname,tMiddlename,tLname,tid,tNumRatings,rating_class,contentType,categoryType,overall_rating
English,352,George Mason University,Joan,,Hwang,2425646,1,poor,TEACHER,PROFESSOR,1.0
Languages,352,George Mason University,Chloe,,Hyden,2206151,6,good,TEACHER,PROFESSOR,4.5
Social Work,352,George Mason University,Maria,,Hylton,1239054,12,good,TEACHER,PROFESSOR,4.8
Accounting,352,George Mason University,Constance,,Hylton,234980,366,average,TEACHER,PROFESSOR,2.5
English,352,George Mason University,Jiwoong,,Hyun,2406729,0,zero,TEACHER,PROFESSOR,N/A
Languages,352,George Mason University,Thammanoon,,Iampramoon,1972366,11,good,TEACHER,PROFESSOR,4.8
Economics,352,George Mason University,Laurence,,Iannaccone,952236,5,average,TEACHER,PROFESSOR,3.2
Information Technology,352,George Mason University,Pablo,,Iban,2177232,1,poor,TEACHER,PROFESSOR,2.0
Information Technology,352,George Mason University,Pablo,,Ibar,2180827,7,average,TEACHER,PROFESSOR,3.0
Anthropology,352,George Mason University,Ibtisam,,Ibrahim,1561918,8,average,TEACHER,PROFESSOR,3.0
Finance,352,George Mason University,Fei,,IE,1020826,1,good,TEACHER,PROFESSOR,4.5
Social Work,352,George Mason University,Emily,,Ihara,1197869,16,average,TEACHER,PROFESSOR,3.3
Cyber Security Engineering,352,George Mason University,Kiki,,Ikossi,2493534,2,average,TEACHER,PROFESSOR,3.0
Integrative Studies,352,George Mason University,Joseph,S,Imamura,2494635,1,good,TEACHER,PROFESSOR,5.0
Economics,352,George Mason University,Joshua,,Ingber,2339657,6,good,TEACHER,PROFESSOR,4.3
Environmental Science,352,George Mason University,Laura,,Ingram,2244207,1,average,TEACHER,PROFESSOR,3.0
Accounting,352,George Mason University,Mark,,Ingram,483354,69,average,TEACHER,PROFESSOR,3.2
Hospitality,352,George Mason University,Linda,,Ingram,2521945,1,poor,TEACHER,PROFESSOR,1.0
Social Work,352,George Mason University,Megumi,,Inoue,2094828,3,good,TEACHER,PROFESSOR,3.9
Engineering,352,George Mason University,Dimitris,,Ioannou,437529,35,good,TEACHER,PROFESSOR,4.2
