tDept,tSid,institution_name,tFname,tMiddlename,tLname,tid,tNumRatings,rating_class,contentType,categoryType,overall_rating
Environmental Science,352,George Mason University,James,Dake,Taft,2388481,6,good,TEACHER,PROFESSOR,4.3
English,352,George Mason University,Melanie,,Tague,2090259,12,good,TEACHER,PROFESSOR,4.9
Engineering,352,George Mason University,Mehdi,,Taheri,2276783,0,zero,TEACHER,PROFESSOR,N/A
Information Technology,352,George Mason University,Ahmad,,Taheri,2047407,10,average,TEACHER,PROFESSOR,2.9
Chemistry,352,George Mason University,Patricia,,Takahara,1766194,23,average,TEACHER,PROFESSOR,2.9
Anthropology,352,George Mason University,Satsuki,,Takahashi,1976900,3,good,TEACHER,PROFESSOR,4.2
History,352,George Mason University,Sean,,Takats,1987273,5,good,TEACHER,PROFESSOR,3.8
Biology,352,George Mason University,Michael,,Talbot,1023358,2,good,TEACHER,PROFESSOR,4.0
Communication,352,George Mason University,Brigit,,Talkington,710143,15,good,TEACHER,PROFESSOR,4.7
Education,352,George Mason University,Regine,,Talleyrand,1299247,3,good,TEACHER,PROFESSOR,4.2
Engineering,352,George Mason University,James,,Talman,2286262,11,average,TEACHER,PROFESSOR,2.5
Communication,352,George Mason University,Susan,,Tamasovic,618646,8,average,TEACHER,PROFESSOR,2.9
Chemistry,352,George Mason University,Xiaoyan,,Tan,2412923,6,average,TEACHER,PROFESSOR,3.0
Statistics,352,George Mason University,Liansheng,,Tang,1219907,10,good,TEACHER,PROFESSOR,4.0
Psychology,352,George Mason University,June,,Tangney,384119,29,average,TEACHER,PROFESSOR,3.5
Religion,352,George Mason University,Haroon,,Tanveer,2344758,2,good,TEACHER,PROFESSOR,5.0
Engineering,352,George Mason University,Burak,F,Tanyu,1867285,7,average,TEACHER,PROFESSOR,3.3
Criminal Justice,352,George Mason University,Kara,,Tappan,2311570,7,good,TEACHER,PROFESSOR,4.7
Philosophy,352,George Mason University,Gwynne,,Taraska,1801021,3,good,TEACHER,PROFESSOR,5.0
Religion,352,George Mason University,David,,Tassell,2419188,11,good,TEACHER,PROFESSOR,4.8
