tDept,tSid,institution_name,tFname,tMiddlename,tLname,tid,tNumRatings,rating_class,contentType,categoryType,overall_rating
Information Science,352,George Mason University,Louis,,D'Alassandros,541292,10,good,TEACHER,PROFESSOR,4.2
Dance,352,George Mason University,Christopher,,D'Amboise,1620939,2,average,TEACHER,PROFESSOR,2.8
Dance,352,George Mason University,Kelly,,D'Amboise,2276657,0,zero,TEACHER,PROFESSOR,N/A
Economics,352,George Mason University,Daniel,,D'Amico,1105577,6,good,TEACHER,PROFESSOR,4.8
Theater,352,George Mason University,Paul,,D'andrea,318422,41,good,TEACHER,PROFESSOR,4.7
Criminal Justice,352,George Mason University,Matthew,,D'anna,2021303,15,good,TEACHER,PROFESSOR,4.7
Business,352,George Mason University,Laura,Jean,D'antonio,2273475,25,average,TEACHER,PROFESSOR,2.9
Psychology,352,George Mason University,Sarah,,D'Elia,1460712,12,good,TEACHER,PROFESSOR,4.9
Chemistry,352,George Mason University,Jaclyn,,D'Onofrio,2241964,1,good,TEACHER,PROFESSOR,5.0
Mathematics,352,George Mason University,Aman,,D'Souza,2491430,8,good,TEACHER,PROFESSOR,5.0
Education,352,George Mason University,Nadda,,Dabbagh,1978711,0,zero,TEACHER,PROFESSOR,N/A
Statistics,352,George Mason University,Damon,,Dade,2258298,7,poor,TEACHER,PROFESSOR,2.2
Accounting,352,George Mason University,Wagih,,Dafashy,1184320,49,good,TEACHER,PROFESSOR,4.6
Political Science,352,George Mason University,Delton,,Daigle,1630112,88,average,TEACHER,PROFESSOR,2.9
Chemistry,352,George Mason University,Allyson,,Dailey,1810724,7,good,TEACHER,PROFESSOR,3.6
Global Studies,352,George Mason University,Lisa,,Daily,1574794,30,good,TEACHER,PROFESSOR,3.5
English,352,George Mason University,Danny,,Daily,2042648,6,average,TEACHER,PROFESSOR,2.5
Theology,352,George Mason University,Maria,,Dakake,206281,58,good,TEACHER,PROFESSOR,4.5
Religion,352,George Mason University,David,,Dakake,510511,69,average,TEACHER,PROFESSOR,3.4
Business,352,George Mason University,Shaun,,Dakin,1271130,26,good,TEACHER,PROFESSOR,3.8
