tDept,tSid,institution_name,tFname,tMiddlename,tLname,tid,tNumRatings,rating_class,contentType,categoryType,overall_rating
Biology,352,George Mason University,Herlitz,,Davis,1630902,3,good,TEACHER,PROFESSOR,4.8
Communication,352,George Mason University,John,,Davis,1729805,18,good,TEACHER,PROFESSOR,4.9
Biology,352,George Mason University,Claudette,,Davis,1745417,51,average,TEACHER,PROFESSOR,2.5
Psychology,352,George Mason University,Doris,,Davis,1943354,16,good,TEACHER,PROFESSOR,4.0
English,352,George Mason University,Sarah,,Davis,2105557,5,good,TEACHER,PROFESSOR,4.6
Health  Human Services,352,George Mason University,T.,Garey,Davis,2135210,3,average,TEACHER,PROFESSOR,2.5
Art,352,George Mason University,Brian,,Davis,2189948,0,zero,TEACHER,PROFESSOR,N/A
Management,352,George Mason University,Kyrone,,Davis,2249400,3,poor,TEACHER,PROFESSOR,2.3
Theater,352,George Mason University,Rick,,Davis,542467,5,good,TEACHER,PROFESSOR,4.5
Social Work,352,George Mason University,Molly,,Davis,507816,33,poor,TEACHER,PROFESSOR,1.9
Political Science,352,George Mason University,Thomas M,,Davis,1179150,20,good,TEACHER,PROFESSOR,3.8
English,352,George Mason University,Matthew,,Davis,2470959,4,average,TEACHER,PROFESSOR,3.3
Statistics,352,George Mason University,Linda,,Davis,755961,47,average,TEACHER,PROFESSOR,3.0
Art History,352,George Mason University,Nicole,,De Armendi,1506417,42,good,TEACHER,PROFESSOR,3.9
Psychology,352,George Mason University,Jessica,,De Feyter,1457991,2,good,TEACHER,PROFESSOR,4.2
Biology,352,George Mason University,Dennise,A,De Jesus,2399253,2,good,TEACHER,PROFESSOR,5.0
Biology,352,George Mason University,Denisse,A,de Jesus Diaz,2256763,4,good,TEACHER,PROFESSOR,4.0
Computer Science,352,George Mason University,Kenneth,,De Jong,800453,8,good,TEACHER,PROFESSOR,3.5
Nutrition,352,George Mason University,Lillian Elizabeth,,De Jonge,1897367,16,good,TEACHER,PROFESSOR,4.2
Mathematics,352,George Mason University,Gary Lee Antonio,,De La Pena,1787261,31,average,TEACHER,PROFESSOR,3.5
