tDept,tSid,institution_name,tFname,tMiddlename,tLname,tid,tNumRatings,rating_class,contentType,categoryType,overall_rating
English,352,George Mason University,Casey,,Lichtman,2536757,0,zero,TEACHER,PROFESSOR,N/A
Physics,352,George Mason University,Joseph,,Lieb,495915,36,good,TEACHER,PROFESSOR,3.7
Computer Science,352,George Mason University,Jyh-Ming,,Lien,981019,9,average,TEACHER,PROFESSOR,2.8
English,352,George Mason University,Benjamin,,Liff,1982641,2,good,TEACHER,PROFESSOR,5.0
Philosophy,352,George Mason University,Andrew,,Light,1402330,7,average,TEACHER,PROFESSOR,2.7
Mathematics,352,George Mason University,J,,Lightborne,340630,6,good,TEACHER,PROFESSOR,3.8
Mathematics,352,George Mason University,James ,,Lightbourne,1972059,4,average,TEACHER,PROFESSOR,3.0
Accounting,352,George Mason University,Jon,,Liljegren,1533969,0,zero,TEACHER,PROFESSOR,N/A
Accounting,352,George Mason University,Jonathan,,Liljegren,2033667,8,good,TEACHER,PROFESSOR,4.5
English,352,George Mason University,Timothy,,Lilley,2458959,1,poor,TEACHER,PROFESSOR,1.0
Information Technology,352,George Mason University,Michael,,lillie,2012311,62,good,TEACHER,PROFESSOR,4.9
Art,352,George Mason University,Jennifer,,Lillis,2494304,0,zero,TEACHER,PROFESSOR,N/A
Mathematics,352,George Mason University,Tech Cheong,,Lim,325840,50,poor,TEACHER,PROFESSOR,2.0
Biology,352,George Mason University,Haw,,Lim,2377770,2,good,TEACHER,PROFESSOR,4.5
Political Science,352,George Mason University,Jihye,,Lim,2295851,5,average,TEACHER,PROFESSOR,3.4
Mathematics,352,George Mason University,Jeng-Eng,,Lin,93437,70,good,TEACHER,PROFESSOR,3.8
English,352,George Mason University,Erika,,Lin,1072176,15,good,TEACHER,PROFESSOR,4.2
Government,352,George Mason University,Xintong (art),,Lin,1475200,2,poor,TEACHER,PROFESSOR,1.8
Engineering,352,George Mason University,David,C,Lin,2320000,2,average,TEACHER,PROFESSOR,3.0
Computer Science,352,George Mason University,Jessica,,Lin,1088233,22,average,TEACHER,PROFESSOR,2.9
