tDept,tSid,institution_name,tFname,tMiddlename,tLname,tid,tNumRatings,rating_class,contentType,categoryType,overall_rating
Education,352,George Mason University,Sehyun,,Yun,2506519,1,poor,TEACHER,PROFESSOR,1.0
Economics,352,George Mason University,Aisha,,Yusuf,2496698,1,good,TEACHER,PROFESSOR,5.0
Psychology,352,George Mason University,Steve,,Zaccaro,247377,44,average,TEACHER,PROFESSOR,3.2
Languages,352,George Mason University,Andrea,,Zach,2286576,2,good,TEACHER,PROFESSOR,4.0
Engineering,352,George Mason University,Ali,,Zadeh,1180952,2,good,TEACHER,PROFESSOR,4.8
Accounting,352,George Mason University,Massood Yahya,,Zadeh,906072,69,good,TEACHER,PROFESSOR,3.5
Criminal Justice,352,George Mason University,Ehsan,,Zaffar,1830985,14,good,TEACHER,PROFESSOR,3.7
Psychology,352,George Mason University,Alice,,Zafiris,2204285,3,good,TEACHER,PROFESSOR,5.0
History,352,George Mason University,Rosemarie,,Zagarri,318373,24,good,TEACHER,PROFESSOR,3.9
Information Science,352,George Mason University,Nima,,Zahadat,1835942,26,good,TEACHER,PROFESSOR,3.7
Information Systems & Operations Management,352,George Mason University,Mohammad,Nader,Zaheer,2537984,1,average,TEACHER,PROFESSOR,3.0
Engineering,352,George Mason University,Abbas,,Zaidi,1892998,6,good,TEACHER,PROFESSOR,4.2
Psychology,352,George Mason University,Rebecca,,Zaja,1250896,5,good,TEACHER,PROFESSOR,4.1
Fine Arts,352,George Mason University,Laura,,Zam,546623,7,good,TEACHER,PROFESSOR,4.9
Chemistry,352,George Mason University,Fanella,,Zamcho,2497634,0,zero,TEACHER,PROFESSOR,N/A
Not Specified,352,George Mason University,Mary,,Zamon,840081,4,average,TEACHER,PROFESSOR,3.0
Mathematics,352,George Mason University,Jon,,Zampedro,72476,56,good,TEACHER,PROFESSOR,3.8
Health  Human Services,352,George Mason University,Phillip,,Zane,1999289,23,average,TEACHER,PROFESSOR,3.4
Psychology,352,George Mason University,Dan,,Zapp,1093937,40,good,TEACHER,PROFESSOR,4.7
Mathematics,352,George Mason University,Abdellah,,Zarak,2308036,1,poor,TEACHER,PROFESSOR,1.0
