tDept,tSid,institution_name,tFname,tMiddlename,tLname,tid,tNumRatings,rating_class,contentType,categoryType,overall_rating
English,352,George Mason University,Danica,,Vukovic,747316,42,good,TEACHER,PROFESSOR,3.9
Business,352,George Mason University,Peter,,Wacht,2424568,1,good,TEACHER,PROFESSOR,5.0
Languages,352,George Mason University,William,,Wadbrook,1476225,0,zero,TEACHER,PROFESSOR,N/A
Psychology,352,George Mason University,Cindy,,Waddell,1352119,1,average,TEACHER,PROFESSOR,2.5
History,352,George Mason University,Rex,,Wade,291647,63,good,TEACHER,PROFESSOR,4.6
Business,352,George Mason University,Chris,,Wade,1445834,3,good,TEACHER,PROFESSOR,5.0
Engineering,352,George Mason University,Kathleen,,Wage,627377,26,good,TEACHER,PROFESSOR,4.0
Economics,352,George Mason University,Richard,,Wagner,310666,7,average,TEACHER,PROFESSOR,3.4
Art History,352,George Mason University,Ann,,Wagner,1565624,1,good,TEACHER,PROFESSOR,5.0
Not Specified,352,George Mason University,Wendy,,Wagner,1660512,7,good,TEACHER,PROFESSOR,3.6
Psychology,352,George Mason University,Diane,,Wagner,1663275,1,good,TEACHER,PROFESSOR,5.0
Nutrition,352,George Mason University,Tammy,,Wagner,2141746,9,good,TEACHER,PROFESSOR,4.6
History,352,George Mason University,Sarah,,Waheed,1584487,6,average,TEACHER,PROFESSOR,2.9
Management,352,George Mason University,Nichole,,Wahlberg,1822103,5,average,TEACHER,PROFESSOR,2.6
Integrative Studies,352,George Mason University,Andrew,,Wahnsiedler,2457585,2,poor,TEACHER,PROFESSOR,1.5
Social Work,352,George Mason University,Eric,,Waithaka,2387384,3,average,TEACHER,PROFESSOR,3.0
Music,352,George Mason University,Brian,,Walden,1948587,6,average,TEACHER,PROFESSOR,2.6
Communication,352,George Mason University,Abigail,,Waldron,1275872,19,poor,TEACHER,PROFESSOR,2.3
Business,352,George Mason University,James,,Waldron,2142139,4,good,TEACHER,PROFESSOR,4.4
Political Science,352,George Mason University,Leonard,,Wales,1627775,10,good,TEACHER,PROFESSOR,4.3
