tDept,tSid,institution_name,tFname,tMiddlename,tLname,tid,tNumRatings,rating_class,contentType,categoryType,overall_rating
Geography,352,George Mason University,Paul,,Houser,2026494,11,good,TEACHER,PROFESSOR,5.0
English,352,George Mason University,Jolene,,Houston,2253644,2,average,TEACHER,PROFESSOR,2.5
Criminal Justice,352,George Mason University,Stacey,,Houston,2488407,2,good,TEACHER,PROFESSOR,5.0
Education,352,George Mason University,Lori,,Howard,1416894,1,average,TEACHER,PROFESSOR,2.5
Information Technology,352,George Mason University,Randall,,Howard,1711811,9,good,TEACHER,PROFESSOR,3.5
Information Technology,352,George Mason University,charles,,howard,2034861,0,zero,TEACHER,PROFESSOR,N/A
Health  Human Services,352,George Mason University,Susan,,Howard,1970202,16,good,TEACHER,PROFESSOR,4.1
Psychology,352,George Mason University,Grace,,Howarth,1510884,9,good,TEACHER,PROFESSOR,4.8
Psychology,352,George Mason University,Stefanie,,Howell,1882530,7,good,TEACHER,PROFESSOR,4.7
English,352,George Mason University,Billy,,Howell,2060066,4,good,TEACHER,PROFESSOR,4.5
Government,352,George Mason University,William,Robert,Howell,1967409,16,good,TEACHER,PROFESSOR,4.2
Health & Human Services,352,George Mason University,Keith,,Howell,2410971,12,poor,TEACHER,PROFESSOR,1.5
Physical Education,352,George Mason University,Brian,,Howells,2185307,1,good,TEACHER,PROFESSOR,5.0
Chemistry,352,George Mason University,Timothy,,Howes,2309320,3,good,TEACHER,PROFESSOR,5.0
Education,352,George Mason University,Stephen,,Howes,2426876,3,good,TEACHER,PROFESSOR,5.0
English,352,George Mason University,Virginia,,Hoy,904145,54,good,TEACHER,PROFESSOR,4.6
Global Studies,352,George Mason University,Jamechia ,,Hoyle,2060882,21,poor,TEACHER,PROFESSOR,2.4
Management,352,George Mason University,Katrina W.,,Hsen,1393744,0,zero,TEACHER,PROFESSOR,N/A
Finance,352,George Mason University,Jim,,Hsieh,421824,81,average,TEACHER,PROFESSOR,2.5
Information Technology,352,George Mason University,Jonathan,,Hsu,1860518,18,good,TEACHER,PROFESSOR,3.8
