tDept,tSid,institution_name,tFname,tMiddlename,tLname,tid,tNumRatings,rating_class,contentType,categoryType,overall_rating
English,352,George Mason University,Kevin,,Lefton,1112230,28,average,TEACHER,PROFESSOR,3.2
Business,352,George Mason University,Nicole,,Lefton ,1950325,3,good,TEACHER,PROFESSOR,3.5
Languages,352,George Mason University,Elizabeth,,Legere,1579800,2,good,TEACHER,PROFESSOR,4.8
History,352,George Mason University,Jessica,,Legnini,1795008,30,good,TEACHER,PROFESSOR,4.4
Communication,352,George Mason University,Cynthia,,Lehman,563079,11,good,TEACHER,PROFESSOR,3.7
Accounting,352,George Mason University,Ling,,Lei,1157939,38,poor,TEACHER,PROFESSOR,1.5
Psychology,352,George Mason University,Xue,,Lei,2176197,5,good,TEACHER,PROFESSOR,4.0
Cyber Security Engineering,352,George Mason University,Robert,,Leibfried,2259331,8,good,TEACHER,PROFESSOR,4.0
Law,352,George Mason University,Lawrence,,Leiser,354988,28,average,TEACHER,PROFESSOR,3.3
English,352,George Mason University,Aubrey,,Lenahan,1348959,11,good,TEACHER,PROFESSOR,3.9
Chemistry,352,George Mason University,Allison ,,Leninger,1958297,4,average,TEACHER,PROFESSOR,2.8
Integrative Studies,352,George Mason University,nicholas,,lennon,2367083,1,poor,TEACHER,PROFESSOR,2.0
Theater,352,George Mason University,Bryce,,Lenon,2314069,3,good,TEACHER,PROFESSOR,5.0
History,352,George Mason University,Sharon,,Leon,1826229,3,poor,TEACHER,PROFESSOR,2.3
Theater,352,George Mason University,Charles,,Leonard,1645058,48,good,TEACHER,PROFESSOR,3.7
Fine Arts,352,George Mason University,Jim,,Lepore,536719,31,average,TEACHER,PROFESSOR,3.3
Dance,352,George Mason University,Jim,,Lepore,1950804,1,good,TEACHER,PROFESSOR,4.0
Dance,352,George Mason University,James,,Lepore,2319700,2,poor,TEACHER,PROFESSOR,1.5
Economics,352,George Mason University,Jeremy,Michael,Lerman,2371581,10,good,TEACHER,PROFESSOR,5.0
Conflict Analysis,352,George Mason University,Oded,,Leshem,2167257,0,zero,TEACHER,PROFESSOR,N/A
