tDept,tSid,institution_name,tFname,tMiddlename,tLname,tid,tNumRatings,rating_class,contentType,categoryType,overall_rating
Health  Human Services,352,George Mason University,Richard,,Fabsitz,2114692,5,poor,TEACHER,PROFESSOR,1.1
Engineering,352,George Mason University,Adetokunbo,,Fadahunsi,2529706,0,zero,TEACHER,PROFESSOR,N/A
Physical Education,352,George Mason University,Nicole,,Fagan,2469682,1,good,TEACHER,PROFESSOR,5.0
Engineering,352,George Mason University,Arsalan,,Faghri,2216983,1,good,TEACHER,PROFESSOR,5.0
Hospitality,352,George Mason University,Dedra,,Faine,2015176,8,good,TEACHER,PROFESSOR,4.3
Communication,352,George Mason University,Kimberlie,,Fair,2252455,11,average,TEACHER,PROFESSOR,2.6
Criminal Justice,352,George Mason University,Thomas,,Faison,2198692,17,good,TEACHER,PROFESSOR,4.2
Psychology,352,George Mason University,Adriana,,Falco,1073911,14,average,TEACHER,PROFESSOR,3.0
Languages,352,George Mason University,Sandra,,Falcon Ruiz,1109019,11,good,TEACHER,PROFESSOR,4.5
Information Science,352,George Mason University,Elizabeth,,Falcone,314364,11,good,TEACHER,PROFESSOR,3.7
Languages,352,George Mason University,Alyssa,,Falcone,2321691,4,good,TEACHER,PROFESSOR,4.8
Geography,352,George Mason University,Allen,,Falconer,1160113,6,poor,TEACHER,PROFESSOR,1.8
Mathematics,352,George Mason University,Djiby,,Fall,1555280,46,poor,TEACHER,PROFESSOR,2.1
History,352,George Mason University,Melinda Vander Ploeg,,Fallon,192869,19,good,TEACHER,PROFESSOR,3.8
Fine Arts,352,George Mason University,Adrian,,Fang,1140085,3,average,TEACHER,PROFESSOR,3.2
Political Science,352,George Mason University,Gregory,,Fant,1571809,3,average,TEACHER,PROFESSOR,2.5
Economics,352,George Mason University,Anna ,,Faria,2012968,2,average,TEACHER,PROFESSOR,2.5
Cultural Studies,352,George Mason University,Megan,,Fariello,2083793,8,good,TEACHER,PROFESSOR,3.7
Physics,352,George Mason University,Whitney,,Faries,2265444,1,good,TEACHER,PROFESSOR,4.0
Religion,352,George Mason University,John,,Farina,911390,97,average,TEACHER,PROFESSOR,3.5
