tDept,tSid,institution_name,tFname,tMiddlename,tLname,tid,tNumRatings,rating_class,contentType,categoryType,overall_rating
Theater,352,George Mason University,Lisa,,Nanni-Messegee,915639,7,good,TEACHER,PROFESSOR,4.9
Management,352,George Mason University,Michael,,Naor,657339,24,good,TEACHER,PROFESSOR,4.0
Mathematics,352,George Mason University,Domenico,,Napoletani,1052677,19,average,TEACHER,PROFESSOR,3.3
Health Science,352,George Mason University,Trishaa,,Narayan,2066187,2,good,TEACHER,PROFESSOR,4.5
Health  Human Services,352,George Mason University,Trishaa,,Narayan,2066167,12,good,TEACHER,PROFESSOR,4.0
Biology,352,George Mason University,Aarthi,,Narayanan,1848133,7,average,TEACHER,PROFESSOR,3.3
Humanities,352,George Mason University,Vivek,,Narayanan,2267707,5,average,TEACHER,PROFESSOR,3.0
Information Technology,352,George Mason University,Cody,,Narber,2392293,6,good,TEACHER,PROFESSOR,5.0
Political Science,352,George Mason University,Dominic,,Nardi,2534159,1,good,TEACHER,PROFESSOR,5.0
Nursing,352,George Mason University,Sadiya,,Naseem,2423899,3,poor,TEACHER,PROFESSOR,2.3
Engineering,352,George Mason University,Stephen,,Nash,1263550,12,average,TEACHER,PROFESSOR,3.1
Communication,352,George Mason University,Stacy,,Natoli,2105155,2,good,TEACHER,PROFESSOR,4.0
Information Technology,352,George Mason University,Jamal,,Natour,2326987,1,good,TEACHER,PROFESSOR,4.0
Management,352,George Mason University,John,,Nauright,1012779,8,good,TEACHER,PROFESSOR,4.3
Chemistry,352,George Mason University,Karl,,Navarro,1533378,7,average,TEACHER,PROFESSOR,3.4
History,352,George Mason University,Sherron,,Nay,571687,22,average,TEACHER,PROFESSOR,3.0
Education,352,George Mason University,Elavie,,Ndura,1141237,2,good,TEACHER,PROFESSOR,3.8
Computer Science,352,George Mason University,Michael,Patrick,Neary,2426252,8,good,TEACHER,PROFESSOR,4.7
Politics,352,George Mason University,Tonya,A,Neaves,2272081,7,good,TEACHER,PROFESSOR,4.9
Engineering,352,George Mason University,Nathan,,Neckel,2464642,4,poor,TEACHER,PROFESSOR,1.2
