tDept,tSid,institution_name,tFname,tMiddlename,tLname,tid,tNumRatings,rating_class,contentType,categoryType,overall_rating
Philosophy,352,George Mason University,Dawud,,Omar,2202233,5,good,TEACHER,PROFESSOR,4.8
Marketing,352,George Mason University,Lisa,,Omasta,2472014,0,zero,TEACHER,PROFESSOR,N/A
Conflict Analysis,352,George Mason University,Min Zaw,,OO,1262828,5,poor,TEACHER,PROFESSOR,2.2
Not Specified,352,George Mason University,Joseph,,Opacki,1656934,0,zero,TEACHER,PROFESSOR,N/A
Science,352,George Mason University,Merav,,Opher,803017,15,average,TEACHER,PROFESSOR,2.7
English,352,George Mason University,Michelle,,Orabona,2371558,2,average,TEACHER,PROFESSOR,3.0
History,352,George Mason University,John,,Orens,189634,242,good,TEACHER,PROFESSOR,4.5
Fine Arts,352,George Mason University,Youngmi,,Organ,1056876,7,good,TEACHER,PROFESSOR,3.7
English,352,George Mason University,Benjamin,D,Orlando,1918255,22,average,TEACHER,PROFESSOR,3.3
Mathematics,352,George Mason University,Ludmila,,Orlova-Shokry,350869,45,average,TEACHER,PROFESSOR,2.5
Education,352,George Mason University,Wendy,,Orner Young,2440448,1,good,TEACHER,PROFESSOR,5.0
History,352,George Mason University,J,,Ornes,1123286,2,good,TEACHER,PROFESSOR,4.0
Psychology,352,George Mason University,Donna,,Orsini,1773322,7,average,TEACHER,PROFESSOR,3.4
Biology,352,George Mason University,Leslie,,Orzetti,1480555,6,average,TEACHER,PROFESSOR,3.0
Political Science,352,George Mason University,John,,Osae-Kwapong,1096335,25,good,TEACHER,PROFESSOR,4.4
Chemistry,352,George Mason University,Mohammad,,Osama,1408135,10,good,TEACHER,PROFESSOR,3.8
Health  Human Services,352,George Mason University,Denise,,Osborn-Harrison,2142018,4,good,TEACHER,PROFESSOR,4.2
Engineering,352,George Mason University,Roberto,,Osorio,806227,0,zero,TEACHER,PROFESSOR,N/A
Languages,352,George Mason University,Margarita,,Ossorio,622545,16,good,TEACHER,PROFESSOR,4.0
Education,352,George Mason University,J.,,Osterling,804399,21,average,TEACHER,PROFESSOR,3.1
