tDept,tSid,institution_name,tFname,tMiddlename,tLname,tid,tNumRatings,rating_class,contentType,categoryType,overall_rating
Social Work,352,George Mason University,Sarah,Beth,Weston,1863807,1,good,TEACHER,PROFESSOR,5.0
Communication,352,George Mason University,Robert,,Westpheling,1380227,7,good,TEACHER,PROFESSOR,3.6
Business,352,George Mason University,Kristen,,Wever,2118472,1,average,TEACHER,PROFESSOR,2.5
History,352,George Mason University,Douglas,,Whalin,2278089,13,poor,TEACHER,PROFESSOR,1.4
Criminal Justice,352,George Mason University,Johaness,,Wheeldon,1076662,13,good,TEACHER,PROFESSOR,4.6
Geography,352,George Mason University,Doug,,Wheeler,621770,4,good,TEACHER,PROFESSOR,3.5
Education,352,George Mason University,Edyth,,Wheeler,1267899,1,good,TEACHER,PROFESSOR,4.5
English,352,George Mason University,Sarah,,Wheeler,2187255,4,good,TEACHER,PROFESSOR,4.5
Computer Science,352,George Mason University,David,A,Wheeler,1791773,7,good,TEACHER,PROFESSOR,4.0
Engineering,352,George Mason University,Jamie,,Wheeler,2415093,5,good,TEACHER,PROFESSOR,4.6
Art,352,George Mason University,William,,Wheeler,2405430,10,average,TEACHER,PROFESSOR,2.8
English,352,George Mason University,Stefan,,Wheelock,1408274,22,average,TEACHER,PROFESSOR,3.5
Mathematics,352,George Mason University,George,,Whelan,1707789,7,average,TEACHER,PROFESSOR,3.2
Science,352,George Mason University,William,,Whildin,1831251,0,zero,TEACHER,PROFESSOR,N/A
Art,352,George Mason University,Nicole,,Whipkey,1472893,12,average,TEACHER,PROFESSOR,3.0
Social Work,352,George Mason University,Addie,,Whitaker,2308227,0,zero,TEACHER,PROFESSOR,N/A
Computer Science,352,George Mason University,Elizabeth,,White,133859,56,good,TEACHER,PROFESSOR,4.1
Economics,352,George Mason University,Lawrence,,White,1440772,15,poor,TEACHER,PROFESSOR,2.3
Psychology,352,George Mason University,William,,White,1579674,1,good,TEACHER,PROFESSOR,3.5
Business,352,George Mason University,Curtiss,,White,2163138,5,good,TEACHER,PROFESSOR,3.8
