tDept,tSid,institution_name,tFname,tMiddlename,tLname,tid,tNumRatings,rating_class,contentType,categoryType,overall_rating
Education,352,George Mason University,Beverly,,Worek,1395580,13,average,TEACHER,PROFESSOR,3.4
Information Science,352,George Mason University,Paula,,Worthington,1655546,10,good,TEACHER,PROFESSOR,4.0
Fine Arts,352,George Mason University,Sue,,Wrbican,935608,13,average,TEACHER,PROFESSOR,3.0
Design,352,George Mason University,William,,Wren,1385840,9,good,TEACHER,PROFESSOR,4.4
English,352,George Mason University,Christina ,Jo,Wright,1954817,4,good,TEACHER,PROFESSOR,4.5
Communication,352,George Mason University,Kevin,,Wright,1977810,11,good,TEACHER,PROFESSOR,4.5
Communication,352,George Mason University,Catherine,,Wright,311439,84,good,TEACHER,PROFESSOR,4.0
Political Science,352,George Mason University,Jatia,,Wrighten,2024346,9,average,TEACHER,PROFESSOR,3.0
Communication,352,George Mason University,Karen,,Wrightsman,2063785,8,average,TEACHER,PROFESSOR,3.3
Biology,352,George Mason University,Yuntao,,Wu,895268,6,average,TEACHER,PROFESSOR,3.0
Telecommunications,352,George Mason University,Wei,,WU,1175804,1,good,TEACHER,PROFESSOR,4.0
Engineering,352,George Mason University,Erika,,Wuckovich,1785216,6,average,TEACHER,PROFESSOR,2.8
English,352,George Mason University,Doug,,Wulf,339331,36,good,TEACHER,PROFESSOR,4.4
Physics,352,George Mason University,Anna,,Wyczalkowska,451384,82,average,TEACHER,PROFESSOR,3.2
Astronomy,352,George Mason University,Anna,,Wyczalkowski,2267376,9,average,TEACHER,PROFESSOR,2.9
Integrative Studies,352,George Mason University,Danielle,,Wyman Castellano,2084772,1,good,TEACHER,PROFESSOR,5.0
Chemistry,352,George Mason University,Tan,,Xiaoyan,2493862,3,good,TEACHER,PROFESSOR,4.0
Finance,352,George Mason University,Fei,,Xie,1036184,19,good,TEACHER,PROFESSOR,4.7
Engineering,352,George Mason University,Jie,,XU,1811722,7,average,TEACHER,PROFESSOR,3.0
Economics,352,George Mason University,Meng,,Xue,1512531,3,average,TEACHER,PROFESSOR,2.7
